# Blender 4.1.0
# www.blender.org
mtllib shield.mtl
o Plane
v -0.775888 0.938645 0.660198
v 0.821502 0.938645 0.660198
v -0.775888 3.757183 -0.767278
v 0.821502 3.757183 -0.767278
v -0.842990 2.345674 -0.057964
v 0.888604 2.345674 -0.057964
v 0.342282 0.823855 0.757850
v -0.296668 0.823856 0.757850
v 0.158973 0.829464 0.768924
v 0.093292 0.830373 0.770718
v 0.022807 0.830682 0.771329
v -0.047678 0.830373 0.770718
v -0.113359 0.829464 0.768924
v -0.296668 3.903828 -0.802033
v 0.342282 3.903828 -0.802033
v -0.113359 3.909436 -0.790959
v -0.047678 3.910345 -0.789165
v 0.022807 3.910655 -0.788553
v 0.093292 3.910345 -0.789165
v 0.158973 3.909436 -0.790959
v -0.296668 2.363842 -0.022092
v 0.342282 2.363842 -0.022092
v -0.113359 2.369450 -0.011018
v -0.047678 2.370359 -0.009224
v 0.022807 2.370669 -0.008612
v 0.093292 2.370359 -0.009224
v 0.158973 2.369450 -0.011018
v -0.770664 0.905747 0.595241
v 0.816278 0.905747 0.595241
v -0.770664 3.724285 -0.832236
v 0.816278 3.724285 -0.832236
v -0.837713 2.312777 -0.122918
v 0.883328 2.312777 -0.122918
v 0.337684 0.790938 0.692855
v -0.292070 0.790938 0.692855
v 0.155813 0.796513 0.703862
v 0.091633 0.813695 0.697357
v 0.022807 0.827464 0.691136
v -0.046018 0.813695 0.697357
v -0.110198 0.796513 0.703862
v -0.292070 3.870911 -0.867028
v 0.337684 3.870911 -0.867028
v -0.110198 3.876485 -0.856021
v -0.046018 3.861074 -0.846019
v 0.022807 3.847912 -0.838600
v 0.091633 3.861074 -0.846019
v 0.155813 3.876485 -0.856021
v -0.292070 2.330925 -0.087086
v 0.337684 2.330925 -0.087086
v -0.120986 2.340820 -0.067548
v 0.051093 2.360016 -0.029646
v 0.096494 2.364185 -0.021414
v 0.146566 2.553097 -0.129737
v 0.166600 2.340820 -0.067548
v -0.842110 0.800205 0.711152
v -0.838593 0.778274 0.667849
v 0.884207 0.778274 0.667849
v 0.887725 0.800205 0.711152
v -0.838593 3.858246 -0.892034
v -0.842110 3.880177 -0.848731
v 0.887725 3.880177 -0.848731
v 0.884207 3.858246 -0.892034
v -0.972710 2.313782 -0.120934
v -0.976296 2.335711 -0.077636
v 1.018324 2.313782 -0.120934
v 1.021910 2.335711 -0.077636
v 0.341516 0.556934 0.879424
v 0.338450 0.534990 0.836094
v -0.292836 0.534990 0.836094
v -0.295902 0.556934 0.879424
v 0.156339 0.540570 0.847112
v 0.158447 0.562537 0.890487
v 0.092032 0.541459 0.848867
v 0.093040 0.563442 0.892272
v 0.022807 0.541762 0.849467
v 0.022807 0.563751 0.892882
v -0.046418 0.541459 0.848867
v -0.047426 0.563442 0.892272
v -0.110725 0.540570 0.847112
v -0.112832 0.562537 0.890487
v -0.295902 4.159777 -0.945272
v -0.292836 4.137832 -0.988602
v 0.338450 4.137832 -0.988602
v 0.341516 4.159777 -0.945272
v -0.112832 4.165380 -0.934209
v -0.110725 4.143412 -0.977584
v -0.047426 4.166284 -0.932423
v -0.046418 4.144300 -0.975829
v 0.022807 4.166593 -0.931814
v 0.022807 4.144605 -0.975229
v 0.093040 4.166284 -0.932423
v 0.092032 4.144300 -0.975829
v 0.158447 4.165380 -0.934209
v 0.156339 4.143412 -0.977584
v -0.842990 1.890229 0.172700
v 0.888604 1.890229 0.172700
v 0.342282 1.908397 0.208573
v 0.158973 1.914006 0.219647
v 0.093292 1.914914 0.221440
v 0.022807 1.915224 0.222052
v -0.047678 1.914914 0.221440
v -0.113359 1.914006 0.219647
v -0.296668 1.908397 0.208573
v -0.837713 1.857333 0.107747
v 0.883328 1.857333 0.107747
v 0.337684 1.875480 0.143578
v 0.156244 1.946635 0.129417
v 0.094776 1.863891 0.176530
v 0.146566 2.363558 -0.022653
v -0.049161 1.863891 0.176530
v -0.110630 1.946635 0.129417
v -0.292070 1.875480 0.143578
v 1.018324 1.858338 0.109730
v 1.021910 1.880266 0.153028
v -0.972710 1.858338 0.109730
v -0.976296 1.880266 0.153028
v 0.888604 2.801118 -0.288628
v -0.842990 2.801118 -0.288628
v 0.342282 2.819286 -0.252756
v 0.158973 2.824895 -0.241682
v 0.093292 2.825803 -0.239888
v 0.022807 2.826113 -0.239276
v -0.047678 2.825803 -0.239888
v -0.113359 2.824895 -0.241682
v -0.296668 2.819286 -0.252756
v 0.883328 2.768222 -0.353582
v -0.837713 2.768222 -0.353582
v 0.337684 2.786369 -0.317751
v 0.156244 2.732849 -0.268769
v 0.094776 2.819790 -0.307594
v 0.141173 2.538240 -0.110938
v -0.049161 2.819790 -0.307594
v -0.110630 2.732849 -0.268769
v -0.292070 2.786369 -0.317751
v -0.972710 2.769226 -0.351599
v -0.976296 2.791155 -0.308301
v 1.018324 2.769226 -0.351599
v 1.021910 2.791155 -0.308301
v 0.041664 2.342135 -0.064952
v 0.003950 2.342135 -0.064952
v -0.001306 2.081593 0.063876
v 0.046920 2.081593 0.063876
v 0.022807 1.746061 0.225946
v 0.046920 2.600157 -0.198755
v -0.001306 2.600157 -0.198755
v 0.022807 2.929349 -0.373342
v 0.096494 2.558194 -0.119672
v -0.050880 2.558194 -0.119672
v -0.050880 2.364185 -0.021414
v -0.100952 2.363558 -0.022653
v -0.095559 2.538240 -0.110938
v 0.141173 2.189024 0.065927
v 0.096494 2.170175 0.076844
v -0.050880 2.170175 0.076844
v -0.095559 2.189024 0.065927
v 0.061477 2.539049 -0.109342
v 0.058016 2.364456 -0.020879
v -0.012402 2.364456 -0.020879
v -0.015863 2.539049 -0.109342
v 0.061477 2.189832 0.067523
v -0.015863 2.189832 0.067523
v 0.157354 2.358938 -0.031774
v 0.058016 2.553995 -0.127964
v 0.096494 2.592526 -0.148150
v 0.146566 2.165078 0.066779
v 0.096494 2.126903 0.087669
v 0.058016 2.165976 0.068552
v -0.012402 2.553995 -0.127964
v -0.050880 2.592526 -0.148150
v -0.100952 2.553097 -0.129737
v -0.050880 2.126903 0.087669
v -0.012402 2.165976 0.068552
v -0.005479 2.360016 -0.029646
v -0.100952 2.165078 0.066779
v -0.111740 2.358938 -0.031774
v -0.841553 1.633038 0.303077
v -0.831495 1.350736 0.446884
v -0.806688 1.099830 0.576013
v 0.887167 3.058406 -0.418815
v 0.877110 3.341379 -0.561297
v 0.852303 3.593942 -0.687155
v -0.842990 2.614206 -0.193965
v -0.842990 2.489908 -0.131013
v -0.842990 2.407355 -0.089203
v 0.888604 2.077142 0.078037
v 0.888604 2.201439 0.015085
v 0.888604 2.283992 -0.026725
v 0.176088 2.369071 -0.011767
v 0.204454 2.368269 -0.013350
v 0.255906 2.366655 -0.016536
v 0.342282 3.078644 -0.384110
v 0.342282 3.376108 -0.534764
v 0.342282 3.666296 -0.681733
v 0.255906 3.906642 -0.796477
v 0.204454 3.908255 -0.793292
v 0.176088 3.909057 -0.791708
v 0.158973 2.637982 -0.147018
v 0.158973 2.513685 -0.084067
v 0.158973 2.431132 -0.042257
v 0.110345 2.370186 -0.009565
v 0.127023 2.369976 -0.009979
v 0.143256 2.369731 -0.010464
v 0.143256 3.909717 -0.790405
v 0.127023 3.909963 -0.789920
v 0.110345 3.910172 -0.789506
v 0.093292 2.638891 -0.145224
v 0.093292 2.514593 -0.082273
v 0.093292 2.432040 -0.040463
v 0.040618 2.370649 -0.008651
v 0.058353 2.370591 -0.008766
v 0.075936 2.370494 -0.008957
v 0.075936 3.910480 -0.788899
v 0.058353 3.910577 -0.788707
v 0.040618 3.910635 -0.788592
v 0.022807 2.639200 -0.144613
v 0.022807 2.514903 -0.081661
v 0.022807 2.432350 -0.039851
v -0.030322 2.370494 -0.008957
v -0.012739 2.370591 -0.008766
v 0.004996 2.370649 -0.008651
v 0.004996 3.910635 -0.788592
v -0.012739 3.910577 -0.788707
v -0.030322 3.910480 -0.788899
v -0.047678 2.638891 -0.145224
v -0.047678 2.514593 -0.082273
v -0.047678 2.432040 -0.040463
v -0.097642 2.369731 -0.010464
v -0.081409 2.369976 -0.009979
v -0.064730 2.370186 -0.009565
v -0.064730 3.910172 -0.789506
v -0.081409 3.909963 -0.789920
v -0.097642 3.909717 -0.790405
v -0.113359 2.637982 -0.147018
v -0.113359 2.513685 -0.084067
v -0.113359 2.431132 -0.042257
v -0.210292 2.366655 -0.016536
v -0.158840 2.368269 -0.013350
v -0.130474 2.369071 -0.011767
v -0.130474 3.909057 -0.791708
v -0.158840 3.908255 -0.793292
v -0.210292 3.906642 -0.796477
v -0.296668 2.632373 -0.158092
v -0.296668 2.508076 -0.095141
v -0.296668 2.425523 -0.053331
v 0.176089 0.829085 0.768175
v 0.204454 0.828283 0.766591
v 0.255906 0.826669 0.763406
v 0.342282 2.095310 0.113909
v 0.342282 2.219607 0.050957
v 0.342282 2.302160 0.009147
v 0.158973 1.654648 0.351001
v 0.158973 1.357184 0.501655
v 0.158973 1.066996 0.648624
v 0.110345 0.830200 0.770377
v 0.127023 0.829990 0.769962
v 0.143256 0.829744 0.769478
v 0.093292 1.655557 0.352795
v 0.093292 1.358093 0.503448
v 0.093292 1.067904 0.650417
v 0.040618 0.830663 0.771291
v 0.058353 0.830605 0.771176
v 0.075936 0.830508 0.770984
v 0.022807 1.655866 0.353407
v 0.022807 1.358403 0.504060
v 0.022807 1.068214 0.651029
v -0.030322 0.830508 0.770984
v -0.012739 0.830605 0.771176
v 0.004996 0.830663 0.771291
v -0.047678 1.655557 0.352795
v -0.047678 1.358093 0.503448
v -0.047678 1.067904 0.650417
v -0.097642 0.829744 0.769478
v -0.081409 0.829990 0.769962
v -0.064730 0.830200 0.770377
v -0.113359 1.654648 0.351001
v -0.113359 1.357184 0.501655
v -0.113359 1.066996 0.648624
v -0.210292 0.826669 0.763406
v -0.158840 0.828283 0.766591
v -0.130474 0.829085 0.768175
v -0.296668 1.649040 0.339927
v -0.296668 1.351576 0.490581
v -0.296668 1.061387 0.637549
v 0.468314 0.822489 0.748207
v 0.610310 0.837362 0.728966
v 0.738396 0.881419 0.696063
v 0.766834 2.349739 -0.049938
v 0.619009 2.354666 -0.040208
v 0.469401 2.359640 -0.030388
v -0.692781 0.881419 0.696063
v -0.564696 0.837362 0.728966
v -0.422700 0.822489 0.748208
v -0.423787 2.359640 -0.030388
v -0.573395 2.354666 -0.040208
v -0.721219 2.349739 -0.049938
v -0.422700 3.896863 -0.808840
v -0.564696 3.872551 -0.808236
v -0.692781 3.819957 -0.792189
v 0.738396 3.819957 -0.792189
v 0.610311 3.872551 -0.808236
v 0.468314 3.896863 -0.808840
v -0.836278 1.600141 0.238123
v -0.826228 1.317840 0.381930
v -0.801440 1.066932 0.511058
v 0.881892 3.025509 -0.483769
v 0.871842 3.308482 -0.626251
v 0.847054 3.561044 -0.752110
v -0.837713 2.581309 -0.258918
v -0.837713 2.457012 -0.195967
v -0.837713 2.374459 -0.154157
v 0.883328 2.044245 0.013083
v 0.883328 2.168543 -0.049869
v 0.883328 2.251096 -0.091679
v 0.177075 2.337951 -0.073213
v 0.201855 2.335875 -0.077312
v 0.251778 2.333798 -0.081413
v 0.337684 3.045727 -0.449105
v 0.337684 3.343190 -0.599758
v 0.337684 3.633379 -0.746727
v 0.251610 3.873716 -0.861488
v 0.200506 3.875321 -0.858319
v 0.172524 3.876114 -0.856754
v 0.162855 2.570198 -0.184710
v 0.165523 2.472813 -0.134685
v 0.166465 2.400971 -0.098048
v -0.012476 2.556163 -0.122651
v -0.012994 2.554580 -0.118563
v -0.014274 2.547891 -0.113976
v 0.140507 3.876503 -0.855353
v 0.124674 3.874960 -0.853978
v 0.108366 3.870327 -0.851124
v 0.146693 2.551595 -0.139076
v 0.147576 2.564554 -0.158108
v 0.150073 2.610322 -0.194355
v -0.100837 2.306277 0.006362
v -0.100028 2.254530 0.032597
v -0.098034 2.213581 0.053404
v 0.074551 3.847799 -0.838968
v 0.057299 3.839601 -0.834580
v 0.040045 3.843277 -0.836300
v -0.050880 2.306588 0.007756
v -0.050880 2.252629 0.035084
v -0.050880 2.205946 0.058727
v 0.096494 2.306588 0.007756
v 0.096494 2.252629 0.035084
v 0.096494 2.205946 0.058727
v 0.005570 3.843277 -0.836300
v -0.011685 3.839601 -0.834580
v -0.028937 3.847799 -0.838968
v 0.050946 2.355965 -0.037645
v 0.049914 2.351075 -0.047299
v 0.047115 2.346186 -0.056953
v 0.157498 2.354883 -0.039780
v 0.158510 2.349968 -0.049485
v 0.161255 2.345008 -0.059278
v -0.062752 3.870327 -0.851124
v -0.079060 3.874960 -0.853978
v -0.094893 3.876503 -0.855353
v -0.117240 2.570198 -0.184710
v -0.119908 2.472813 -0.134685
v -0.120851 2.400971 -0.098048
v -0.206164 2.333798 -0.081413
v -0.156240 2.335875 -0.077312
v -0.131460 2.337951 -0.073213
v -0.126909 3.876114 -0.856753
v -0.154892 3.875321 -0.858319
v -0.205996 3.873717 -0.861488
v -0.292070 2.599456 -0.223087
v -0.292070 2.475159 -0.160135
v -0.292070 2.392606 -0.118325
v 0.172524 0.796142 0.703129
v 0.200506 0.795349 0.701563
v 0.251610 0.793744 0.698395
v 0.337684 2.062393 0.048914
v 0.337684 2.186690 -0.014037
v 0.337684 2.269243 -0.055847
v 0.155972 1.643242 0.277917
v 0.155859 1.330438 0.434279
v 0.155818 1.034820 0.583272
v 0.108366 0.804104 0.701795
v 0.124674 0.799062 0.703841
v 0.140507 0.797040 0.704272
v 0.093305 1.637629 0.284727
v 0.092038 1.357492 0.423327
v 0.091587 1.063931 0.570796
v 0.040045 0.832061 0.688761
v 0.057299 0.835622 0.686815
v 0.074551 0.827234 0.690828
v -0.098034 2.513615 -0.098551
v -0.100028 2.472611 -0.077852
v -0.100837 2.420841 -0.051661
v -0.028937 0.827234 0.690828
v -0.011685 0.835622 0.686815
v 0.005570 0.832061 0.688761
v -0.047691 1.637629 0.284728
v -0.046424 1.357492 0.423327
v -0.045972 1.063931 0.570796
v -0.094893 0.797040 0.704272
v -0.079060 0.799062 0.703841
v -0.062752 0.804104 0.701795
v -0.110358 1.643242 0.277917
v -0.110245 1.330438 0.434279
v -0.110204 1.034820 0.583272
v -0.205996 0.793744 0.698395
v -0.154892 0.795349 0.701563
v -0.126909 0.796142 0.703130
v -0.292070 1.616122 0.274933
v -0.292070 1.318659 0.425586
v -0.292070 1.028470 0.572555
v 0.463470 0.789579 0.683227
v 0.605281 0.804458 0.663997
v 0.733240 0.848518 0.631101
v 0.761655 2.316839 -0.114898
v 0.613973 2.321762 -0.105177
v 0.464557 2.326730 -0.095369
v -0.687625 0.848518 0.631101
v -0.559667 0.804457 0.663997
v -0.417856 0.789579 0.683227
v -0.418943 2.326730 -0.095369
v -0.568359 2.321762 -0.105177
v -0.716041 2.316839 -0.114898
v -0.417856 3.863953 -0.873821
v -0.559667 3.839647 -0.873205
v -0.687625 3.787057 -0.857151
v 0.733240 3.787057 -0.857151
v 0.605281 3.839647 -0.873205
v 0.463470 3.863953 -0.873821
v 0.886928 3.875208 -0.858542
v 0.885966 3.869212 -0.870382
v 0.885004 3.863215 -0.882223
v 0.762519 4.013450 -0.960561
v 0.614812 4.095988 -0.990146
v 0.465364 4.129551 -0.994818
v 0.339145 4.142804 -0.978785
v 0.339983 4.148805 -0.966937
v 0.340821 4.154805 -0.955089
v 0.468594 4.151491 -0.951497
v 0.618170 4.117924 -0.946833
v 0.765971 4.035383 -0.917254
v -0.295207 4.154805 -0.955089
v -0.294369 4.148805 -0.966937
v -0.293531 4.142804 -0.978785
v -0.419750 4.129551 -0.994818
v -0.569198 4.095988 -0.990146
v -0.716904 4.013450 -0.960561
v -0.839390 3.863215 -0.882223
v -0.840352 3.869212 -0.870382
v -0.841313 3.875208 -0.858542
v -0.720356 4.035383 -0.917254
v -0.572555 4.117924 -0.946833
v -0.422980 4.151491 -0.951497
v -0.841313 0.795236 0.701341
v -0.840352 0.789239 0.689501
v -0.839390 0.783243 0.677660
v -0.716904 0.631194 0.752417
v -0.569198 0.558504 0.801448
v -0.419750 0.534879 0.825740
v -0.293531 0.539961 0.845911
v -0.294369 0.545962 0.857759
v -0.295207 0.551963 0.869607
v -0.422980 0.556819 0.869061
v -0.572555 0.580441 0.844761
v -0.720356 0.653127 0.795724
v 0.340821 0.551963 0.869607
v 0.339983 0.545962 0.857759
v 0.339145 0.539961 0.845911
v 0.465364 0.534879 0.825740
v 0.614812 0.558504 0.801448
v 0.762519 0.631194 0.752417
v 0.885004 0.783243 0.677660
v 0.885966 0.789239 0.689501
v 0.886928 0.795236 0.701341
v 0.765971 0.653127 0.795724
v 0.618170 0.580441 0.844761
v 0.468594 0.556819 0.869061
v -0.206712 0.537796 0.841636
v -0.155550 0.539403 0.844808
v -0.127504 0.540197 0.846377
v -0.111203 0.545547 0.856939
v -0.111779 0.551553 0.868799
v -0.112355 0.557560 0.880660
v -0.129880 0.562159 0.889740
v -0.158182 0.561359 0.888160
v -0.209576 0.559747 0.884977
v -0.095353 0.540844 0.847653
v -0.079467 0.541084 0.848127
v -0.063133 0.541289 0.848533
v -0.046646 0.546439 0.858701
v -0.046922 0.552450 0.870570
v -0.047197 0.558461 0.882438
v -0.064411 0.563270 0.891933
v -0.081020 0.563061 0.891521
v -0.097184 0.562817 0.891038
v -0.029388 0.541591 0.849128
v -0.012121 0.541686 0.849316
v 0.005303 0.541743 0.849429
v 0.022807 0.546744 0.859303
v 0.022807 0.552756 0.871174
v 0.022807 0.558769 0.883046
v 0.005058 0.563731 0.892843
v -0.012615 0.563673 0.892729
v -0.030135 0.563576 0.892538
v 0.040311 0.541743 0.849429
v 0.057736 0.541686 0.849316
v 0.075002 0.541591 0.849128
v 0.092260 0.546439 0.858701
v 0.092536 0.552450 0.870570
v 0.092812 0.558461 0.882438
v 0.075750 0.563576 0.892538
v 0.058230 0.563673 0.892729
v 0.040557 0.563731 0.892843
v 0.108748 0.541289 0.848533
v 0.125081 0.541084 0.848127
v 0.140967 0.540844 0.847653
v 0.156817 0.545547 0.856939
v 0.157393 0.551553 0.868799
v 0.157969 0.557560 0.880660
v 0.142798 0.562817 0.891038
v 0.126635 0.563061 0.891521
v 0.110025 0.563270 0.891933
v 0.173118 0.540197 0.846377
v 0.201164 0.539403 0.844808
v 0.252326 0.537796 0.841636
v 0.255190 0.559747 0.884977
v 0.203796 0.561359 0.888160
v 0.175494 0.562159 0.889740
v -0.112355 4.160402 -0.944036
v -0.111779 4.154396 -0.955896
v -0.111203 4.148389 -0.967757
v -0.127504 4.143040 -0.978319
v -0.155550 4.142245 -0.979888
v -0.206712 4.140639 -0.983059
v -0.209576 4.162589 -0.939719
v -0.158182 4.164201 -0.936536
v -0.129880 4.165001 -0.934955
v -0.047197 4.161304 -0.942257
v -0.046922 4.155293 -0.954126
v -0.046646 4.149282 -0.965995
v -0.063133 4.144132 -0.976163
v -0.079467 4.143926 -0.976568
v -0.095353 4.143686 -0.977042
v -0.097184 4.165658 -0.933658
v -0.081020 4.165903 -0.933175
v -0.064411 4.166112 -0.932763
v 0.022807 4.161611 -0.941650
v 0.022807 4.155599 -0.953521
v 0.022807 4.149587 -0.965393
v 0.005303 4.144586 -0.975267
v -0.012121 4.144528 -0.975380
v -0.029388 4.144433 -0.975568
v -0.030135 4.166419 -0.932158
v -0.012615 4.166515 -0.931967
v 0.005058 4.166573 -0.931852
v 0.092812 4.161304 -0.942257
v 0.092536 4.155293 -0.954126
v 0.092260 4.149282 -0.965995
v 0.075002 4.144433 -0.975568
v 0.057736 4.144528 -0.975380
v 0.040311 4.144586 -0.975267
v 0.040557 4.166573 -0.931852
v 0.058230 4.166515 -0.931967
v 0.075750 4.166419 -0.932158
v 0.157969 4.160402 -0.944036
v 0.157393 4.154396 -0.955896
v 0.156817 4.148389 -0.967757
v 0.140967 4.143686 -0.977042
v 0.125081 4.143926 -0.976568
v 0.108748 4.144132 -0.976163
v 0.110025 4.166112 -0.932763
v 0.126635 4.165903 -0.933175
v 0.142798 4.165658 -0.933658
v 0.252326 4.140639 -0.983059
v 0.201164 4.142245 -0.979888
v 0.173118 4.143040 -0.978319
v 0.175494 4.165001 -0.934955
v 0.203796 4.164201 -0.936536
v 0.255190 4.162589 -0.939719
v 1.018324 2.045250 0.015066
v 1.018324 2.169547 -0.047885
v 1.018324 2.252100 -0.089695
v 1.019136 2.318750 -0.111125
v 1.020117 2.324746 -0.099285
v 1.021098 2.330742 -0.087446
v 1.019814 1.620978 0.284521
v 1.005137 1.324005 0.436142
v 0.965301 1.035146 0.585737
v -0.972709 2.582314 -0.256935
v -0.972709 2.458017 -0.193983
v -0.972709 2.375463 -0.152173
v -0.973522 2.318750 -0.111125
v -0.974503 2.324746 -0.099285
v -0.975484 2.330742 -0.087446
v -0.974200 3.050583 -0.439517
v -0.959523 3.348536 -0.589203
v -0.919687 3.640055 -0.733545
v 1.016228 3.028654 -0.482815
v 1.001559 3.326608 -0.632501
v 0.961743 3.618125 -0.776845
v 1.021910 2.604242 -0.213637
v 1.021911 2.479945 -0.150685
v 1.021910 2.397392 -0.108875
v -0.970614 1.599050 0.241223
v -0.955945 1.302076 0.392843
v -0.916129 1.013217 0.542437
v -0.976296 2.067179 0.058364
v -0.976296 2.191476 -0.004587
v -0.976296 2.274029 -0.046397
v -0.292082 0.639882 0.769572
v -0.292165 0.562868 0.810065
v -0.292393 0.535903 0.827763
v -0.836649 0.777951 0.660268
v -0.826338 0.796251 0.647794
v -0.801454 0.844805 0.623769
v -0.841182 0.806222 0.716088
v -0.831385 0.827778 0.710042
v -0.806675 0.877531 0.688386
v -0.920562 2.342998 -0.063248
v -0.960305 2.341068 -0.067059
v -0.974718 2.338950 -0.071240
v -0.296345 0.564191 0.883617
v -0.296572 0.594414 0.872351
v -0.296656 0.672628 0.834228
v -0.970096 2.310683 -0.127054
v -0.955162 2.309545 -0.129301
v -0.915254 2.310274 -0.127860
v 0.847068 0.844805 0.623769
v 0.871952 0.796251 0.647794
v 0.882263 0.777951 0.660268
v 0.338007 0.535903 0.827763
v 0.337780 0.562868 0.810065
v 0.337696 0.639882 0.769572
v 1.020332 2.338950 -0.071240
v 1.005920 2.341068 -0.067059
v 0.966176 2.342998 -0.063248
v 0.852289 0.877531 0.688386
v 0.877000 0.827778 0.710042
v 0.886796 0.806222 0.716088
v 0.960868 2.310274 -0.127860
v 1.000777 2.309545 -0.129301
v 1.015710 2.310683 -0.127054
v 0.342270 0.672628 0.834228
v 0.342187 0.594414 0.872351
v 0.341959 0.564191 0.883617
v -0.801454 3.783343 -0.864483
v -0.826338 3.831441 -0.889408
v -0.836649 3.852325 -0.896780
v -0.292393 4.130575 -0.992795
v -0.292165 4.100352 -0.981529
v -0.292082 4.022139 -0.943406
v -0.806674 3.816069 -0.799866
v -0.831385 3.862967 -0.827160
v -0.841182 3.880596 -0.840960
v -0.296656 4.054884 -0.878750
v -0.296572 4.131898 -0.919243
v -0.296345 4.158864 -0.936941
v 0.337696 4.022139 -0.943406
v 0.337780 4.100352 -0.981529
v 0.338007 4.130575 -0.992795
v 0.882263 3.852325 -0.896780
v 0.871952 3.831441 -0.889408
v 0.847068 3.783344 -0.864483
v 0.886796 3.880596 -0.840960
v 0.877000 3.862967 -0.827161
v 0.852289 3.816069 -0.799866
v 0.341959 4.158864 -0.936941
v 0.342187 4.131897 -0.919243
v 0.342270 4.054884 -0.878750
v 0.156035 0.541479 0.838774
v 0.155878 0.568444 0.821073
v 0.155821 0.645457 0.780579
v 0.158965 0.678236 0.845302
v 0.158907 0.600022 0.883424
v 0.158751 0.569797 0.894687
v -0.110207 0.645457 0.780579
v -0.110264 0.568444 0.821073
v -0.110421 0.541479 0.838774
v -0.113137 0.569797 0.894687
v -0.113293 0.600022 0.883424
v -0.113351 0.678236 0.845302
v 0.091884 0.542621 0.840396
v 0.091793 0.571366 0.821789
v 0.091722 0.653217 0.778844
v 0.093288 0.679145 0.847096
v 0.093260 0.600930 0.885217
v 0.093186 0.570704 0.896477
v 0.022807 0.543134 0.840888
v 0.022807 0.573352 0.821535
v 0.022807 0.659201 0.776565
v 0.022807 0.679454 0.847707
v 0.022807 0.601240 0.885828
v 0.022807 0.571013 0.897088
v -0.046270 0.542621 0.840396
v -0.046179 0.571366 0.821789
v -0.046108 0.653217 0.778845
v -0.047674 0.679145 0.847096
v -0.047646 0.600930 0.885217
v -0.047571 0.570704 0.896477
v -0.110421 4.136152 -0.981784
v -0.110264 4.105927 -0.970521
v -0.110207 4.027713 -0.932399
v -0.113351 4.060493 -0.867676
v -0.113293 4.137506 -0.908170
v -0.113137 4.164470 -0.925871
v 0.155821 4.027713 -0.932399
v 0.155878 4.105927 -0.970521
v 0.156035 4.136152 -0.981784
v 0.158751 4.164470 -0.925871
v 0.158907 4.137506 -0.908170
v 0.158965 4.060493 -0.867676
v -0.046270 4.136784 -0.979905
v -0.046179 4.104775 -0.967741
v -0.046108 4.021723 -0.927169
v -0.047674 4.061401 -0.865882
v -0.047646 4.138413 -0.906377
v -0.047571 4.165377 -0.924081
v 0.022807 4.136877 -0.979199
v 0.022807 4.103395 -0.966291
v 0.022807 4.016345 -0.923694
v 0.022807 4.061711 -0.865271
v 0.022807 4.138723 -0.905766
v 0.022807 4.165686 -0.923470
v 0.091884 4.136784 -0.979905
v 0.091793 4.104775 -0.967741
v 0.091722 4.021723 -0.927169
v 0.093288 4.061401 -0.865882
v 0.093260 4.138413 -0.906377
v 0.093186 4.165377 -0.924081
v -0.842990 2.283992 -0.026725
v -0.842990 2.201439 0.015085
v -0.842990 2.077142 0.078037
v 0.852303 1.099830 0.576013
v 0.877110 1.350736 0.446884
v 0.887167 1.633038 0.303077
v 0.342282 1.061387 0.637549
v 0.342282 1.351576 0.490581
v 0.342282 1.649040 0.339927
v 0.158973 2.307769 0.020222
v 0.158973 2.225216 0.062032
v 0.158973 2.100919 0.124983
v 0.093292 2.308677 0.022015
v 0.093292 2.226124 0.063825
v 0.093292 2.101827 0.126777
v 0.022807 2.308987 0.022627
v 0.022807 2.226434 0.064437
v 0.022807 2.102137 0.127389
v -0.047678 2.308677 0.022015
v -0.047678 2.226124 0.063825
v -0.047678 2.101827 0.126777
v -0.113359 2.307769 0.020222
v -0.113359 2.225216 0.062032
v -0.113359 2.100919 0.124983
v -0.296668 2.302160 0.009147
v -0.296668 2.219607 0.050957
v -0.296668 2.095310 0.113909
v -0.837713 2.251096 -0.091679
v -0.837713 2.168543 -0.049869
v -0.837713 2.044245 0.013083
v 0.847054 1.066933 0.511058
v 0.871842 1.317840 0.381930
v 0.881892 1.600141 0.238123
v 0.337684 1.028470 0.572555
v 0.337684 1.318659 0.425586
v 0.337684 1.616122 0.274933
v 0.166465 2.280640 -0.037105
v 0.165523 2.208595 -0.000869
v 0.162855 2.110643 0.048036
v 0.057865 2.551018 -0.136548
v 0.056807 2.553650 -0.150297
v 0.053856 2.568508 -0.170738
v 0.146451 2.306277 0.006362
v 0.145643 2.254530 0.032597
v 0.143649 2.213581 0.053404
v 0.096494 2.594504 -0.142741
v 0.096494 2.591587 -0.137971
v 0.096494 2.580557 -0.131171
v -0.120851 2.280640 -0.037105
v -0.119908 2.208595 -0.000869
v -0.117240 2.110643 0.048036
v -0.292070 2.269243 -0.055847
v -0.292070 2.186690 -0.014037
v -0.292070 2.062393 0.048914
v 0.961743 1.013217 0.542437
v 1.001559 1.302076 0.392843
v 1.016228 1.599050 0.241223
v 1.021910 2.274029 -0.046397
v 1.021910 2.191476 -0.004587
v 1.021910 2.067179 0.058364
v -0.972710 2.252100 -0.089695
v -0.972709 2.169547 -0.047885
v -0.972710 2.045250 0.015066
v -0.919687 1.035146 0.585737
v -0.959523 1.324005 0.436142
v -0.974200 1.620978 0.284521
v -0.973522 1.863306 0.119540
v -0.974503 1.869302 0.131379
v -0.975484 1.875298 0.143218
v 1.019136 1.863306 0.119540
v 1.020117 1.869302 0.131379
v 1.021098 1.875298 0.143218
v 1.015710 1.855238 0.103610
v 1.000777 1.854100 0.101364
v 0.960868 1.854830 0.102805
v -0.970096 1.855238 0.103610
v -0.955162 1.854100 0.101364
v -0.915254 1.854830 0.102805
v -0.920562 1.887553 0.167416
v -0.960305 1.885623 0.163605
v -0.974718 1.883506 0.159424
v 0.966176 1.887553 0.167416
v 1.005920 1.885623 0.163605
v 1.020332 1.883506 0.159424
v 0.464557 1.871285 0.135296
v 0.613973 1.866318 0.125487
v 0.761656 1.861395 0.115766
v -0.206029 1.879162 0.148777
v -0.155163 1.886901 0.149557
v -0.127727 1.904884 0.144462
v -0.094534 1.883901 0.163820
v -0.079307 1.859865 0.177359
v -0.064059 1.855633 0.180274
v -0.091068 2.363693 -0.022385
v -0.078512 2.363860 -0.022056
v -0.064658 2.364032 -0.021716
v -0.050880 2.522424 -0.101556
v -0.050880 2.475740 -0.077913
v -0.050880 2.421781 -0.050585
v 0.109674 1.855633 0.180274
v 0.124921 1.859865 0.177359
v 0.140148 1.883901 0.163820
v 0.173341 1.904884 0.144462
v 0.200777 1.886901 0.149557
v 0.251644 1.879162 0.148777
v -0.716041 1.861395 0.115766
v -0.568359 1.866318 0.125487
v -0.418943 1.871285 0.135296
v 0.766834 1.894294 0.180726
v 0.619009 1.899222 0.190456
v 0.469401 1.904196 0.200276
v -0.130474 1.913627 0.218898
v -0.158840 1.912825 0.217314
v -0.210292 1.911211 0.214128
v -0.064730 1.914742 0.221099
v -0.081409 1.914532 0.220685
v -0.097642 1.914286 0.220201
v 0.004996 1.915205 0.222014
v -0.012739 1.915146 0.221898
v -0.030322 1.915049 0.221707
v 0.075936 1.915049 0.221707
v 0.058353 1.915146 0.221898
v 0.040618 1.915205 0.222014
v 0.143256 1.914286 0.220201
v 0.127023 1.914532 0.220685
v 0.110345 1.914742 0.221099
v 0.255906 1.911211 0.214128
v 0.204454 1.912825 0.217314
v 0.176088 1.913627 0.218898
v -0.423787 1.904196 0.200276
v -0.573395 1.899222 0.190456
v -0.721219 1.894294 0.180726
v 0.888604 2.407355 -0.089203
v 0.888604 2.489908 -0.131013
v 0.888604 2.614206 -0.193965
v -0.806688 3.593942 -0.687155
v -0.831495 3.341379 -0.561297
v -0.841553 3.058406 -0.418815
v 0.342282 2.425523 -0.053331
v 0.342282 2.508076 -0.095141
v 0.342282 2.632373 -0.158092
v 0.158973 3.671905 -0.670659
v 0.158973 3.381716 -0.523690
v 0.158973 3.084252 -0.373036
v 0.093292 3.672813 -0.668865
v 0.093292 3.382625 -0.521896
v 0.093292 3.085161 -0.371243
v 0.022807 3.673123 -0.668253
v 0.022807 3.382935 -0.521284
v 0.022807 3.085471 -0.370631
v -0.047678 3.672813 -0.668865
v -0.047678 3.382625 -0.521896
v -0.047678 3.085161 -0.371243
v -0.113359 3.671905 -0.670659
v -0.113359 3.381716 -0.523690
v -0.113359 3.084252 -0.373036
v -0.296668 3.666296 -0.681733
v -0.296668 3.376108 -0.534764
v -0.296668 3.078644 -0.384110
v 0.883328 2.374459 -0.154157
v 0.883328 2.457012 -0.195967
v 0.883328 2.581309 -0.258918
v -0.801440 3.561044 -0.752110
v -0.826228 3.308482 -0.626251
v -0.836278 3.025509 -0.483769
v 0.337684 2.392606 -0.118325
v 0.337684 2.475159 -0.160135
v 0.337684 2.599456 -0.223087
v 0.155818 3.638261 -0.735267
v 0.155859 3.343228 -0.585119
v 0.155972 3.032085 -0.425477
v 0.091587 3.610978 -0.719182
v 0.092038 3.318390 -0.569790
v 0.093305 3.040897 -0.425972
v 0.096494 2.522424 -0.101556
v 0.096494 2.475740 -0.077913
v 0.096494 2.421781 -0.050585
v -0.045972 3.610978 -0.719182
v -0.046424 3.318390 -0.569790
v -0.047691 3.040897 -0.425972
v -0.110204 3.638261 -0.735267
v -0.110245 3.343228 -0.585119
v -0.110358 3.032085 -0.425477
v -0.292070 3.633379 -0.746727
v -0.292070 3.343190 -0.599758
v -0.292070 3.045727 -0.449105
v -0.916129 3.618125 -0.776845
v -0.955945 3.326608 -0.632501
v -0.970614 3.028654 -0.482815
v -0.976296 2.397392 -0.108875
v -0.976296 2.479945 -0.150685
v -0.976296 2.604242 -0.213637
v 1.018324 2.375463 -0.152173
v 1.018324 2.458017 -0.193983
v 1.018324 2.582314 -0.256935
v 0.965301 3.640055 -0.733545
v 1.005137 3.348536 -0.589203
v 1.019814 3.050583 -0.439517
v 1.019136 2.774194 -0.341789
v 1.020117 2.780190 -0.329950
v 1.021098 2.786187 -0.318110
v -0.973522 2.774194 -0.341789
v -0.974503 2.780190 -0.329950
v -0.975484 2.786187 -0.318110
v -0.970096 2.766127 -0.357718
v -0.955162 2.764989 -0.359965
v -0.915254 2.765719 -0.358524
v 1.015710 2.766127 -0.357718
v 1.000777 2.764989 -0.359965
v 0.960868 2.765719 -0.358524
v 0.966176 2.798442 -0.293913
v 1.005920 2.796512 -0.297723
v 1.020332 2.794394 -0.301905
v -0.920562 2.798442 -0.293913
v -0.960305 2.796512 -0.297723
v -0.974718 2.794394 -0.301905
v -0.206029 2.788381 -0.311706
v -0.155163 2.784431 -0.305006
v -0.127727 2.769683 -0.293524
v -0.094534 2.797704 -0.298984
v -0.079307 2.822841 -0.310350
v -0.064059 2.827695 -0.312036
v 0.110273 2.364032 -0.021716
v 0.124126 2.363860 -0.022056
v 0.136682 2.363693 -0.022385
v 0.143649 2.513615 -0.098551
v 0.145643 2.472611 -0.077852
v 0.146451 2.420841 -0.051661
v 0.109674 2.827695 -0.312036
v 0.124921 2.822841 -0.310350
v 0.140148 2.797704 -0.298984
v 0.173341 2.769683 -0.293524
v 0.200777 2.784431 -0.305006
v 0.251644 2.788381 -0.311706
v -0.716041 2.772283 -0.345563
v -0.568359 2.777206 -0.335842
v -0.418943 2.782174 -0.326033
v 0.464557 2.782174 -0.326033
v 0.613973 2.777206 -0.335842
v 0.761655 2.772283 -0.345563
v -0.130474 2.824515 -0.242431
v -0.158840 2.823713 -0.244014
v -0.210292 2.822100 -0.247200
v -0.064730 2.825630 -0.240229
v -0.081409 2.825421 -0.240643
v -0.097642 2.825175 -0.241128
v 0.004996 2.826093 -0.239315
v -0.012739 2.826035 -0.239430
v -0.030322 2.825938 -0.239622
v 0.075936 2.825938 -0.239622
v 0.058353 2.826035 -0.239430
v 0.040618 2.826093 -0.239315
v 0.143256 2.825175 -0.241128
v 0.127023 2.825421 -0.240643
v 0.110345 2.825630 -0.240229
v 0.255906 2.822100 -0.247200
v 0.204454 2.823713 -0.244014
v 0.176088 2.824515 -0.242431
v -0.423787 2.815084 -0.261053
v -0.573395 2.810111 -0.270873
v -0.721219 2.805183 -0.280603
v 0.766834 2.805183 -0.280603
v 0.619009 2.810111 -0.270873
v 0.469401 2.815084 -0.261053
v 0.016112 1.806927 0.195213
v 0.008560 1.887062 0.155316
v 0.002908 1.978966 0.110771
v 0.011264 2.111135 0.043935
v 0.022807 2.122154 0.037039
v 0.034350 2.111135 0.043935
v 0.042707 1.978966 0.110771
v 0.037054 1.887062 0.155316
v 0.029502 1.806927 0.195213
v 0.029502 2.868558 -0.342460
v 0.037054 2.788978 -0.301469
v 0.042707 2.698687 -0.253739
v 0.034350 2.566601 -0.186740
v 0.022807 2.554521 -0.181938
v 0.011264 2.566601 -0.186740
v 0.002908 2.698687 -0.253739
v 0.008560 2.788978 -0.301469
v 0.016112 2.868558 -0.342460
v 0.043712 2.517065 -0.154703
v 0.042266 2.457973 -0.123954
v 0.041740 2.400267 -0.094435
v 0.033120 2.339620 -0.069917
v 0.022807 2.338782 -0.071572
v 0.012495 2.339620 -0.069917
v 0.003875 2.400267 -0.094435
v 0.003348 2.457973 -0.123954
v 0.001902 2.517065 -0.154703
v 0.041740 2.283969 -0.035535
v 0.042266 2.226026 -0.006483
v 0.043712 2.166272 0.022960
v 0.001902 2.166272 0.022960
v 0.003348 2.226026 -0.006483
v 0.003875 2.283969 -0.035535
v 0.146693 2.158438 0.060042
v 0.147576 2.135427 0.059227
v 0.150073 2.079125 0.074675
v 0.057432 2.693255 -0.244024
v 0.068152 2.763112 -0.278717
v 0.080720 2.802106 -0.298381
v 0.096494 2.130094 0.092464
v 0.096494 2.135665 0.092935
v 0.096494 2.147673 0.088067
v -0.035106 2.802106 -0.298381
v -0.022538 2.763112 -0.278717
v -0.011817 2.693255 -0.244024
v -0.011817 1.990011 0.112141
v -0.022538 1.920709 0.147927
v -0.035106 1.881783 0.167726
v 0.080720 1.881783 0.167726
v 0.068152 1.920709 0.147927
v 0.057432 1.990011 0.112141
v 0.022807 1.086317 0.560041
v 0.022807 1.369495 0.416633
v 0.022807 1.602846 0.298468
v 0.022807 3.589062 -0.707499
v 0.022807 3.305892 -0.564075
v 0.022807 3.072556 -0.445881
v -0.088782 2.180211 0.070620
v -0.077813 2.173183 0.074538
v -0.064571 2.170439 0.076334
v 0.110185 2.170439 0.076334
v 0.123427 2.173183 0.074538
v 0.134396 2.180211 0.070620
v -0.088782 2.547238 -0.115265
v -0.077813 2.554555 -0.118612
v -0.064571 2.557627 -0.119761
v 0.110185 2.557627 -0.119761
v 0.123427 2.554555 -0.118612
v 0.134396 2.547238 -0.115265
v 0.059888 2.514464 -0.096873
v 0.058609 2.473494 -0.076109
v 0.058090 2.421737 -0.049891
v -0.012476 2.421737 -0.049891
v -0.012994 2.473494 -0.076109
v -0.014274 2.514464 -0.096873
v 0.058090 2.307173 0.008131
v 0.058609 2.255413 0.034340
v 0.059888 2.214431 0.055082
v -0.014274 2.214431 0.055082
v -0.012994 2.255413 0.034340
v -0.012476 2.307173 0.008131
v 0.083984 2.364299 -0.021190
v 0.073210 2.364376 -0.021036
v 0.064458 2.364426 -0.020938
v 0.065925 2.547933 -0.113893
v 0.073658 2.555060 -0.117615
v 0.084040 2.557892 -0.119238
v -0.018844 2.364426 -0.020938
v -0.027596 2.364376 -0.021036
v -0.038370 2.364299 -0.021190
v -0.038426 2.557892 -0.119238
v -0.028044 2.555060 -0.117615
v -0.020311 2.547933 -0.113893
v -0.020311 2.180906 0.071991
v -0.028044 2.173688 0.075535
v -0.038426 2.170704 0.076858
v 0.084040 2.170704 0.076858
v 0.073658 2.173688 0.075535
v 0.065925 2.180906 0.071991
v -0.050853 2.592305 -0.158089
v -0.050665 2.614228 -0.181321
v -0.050155 2.682117 -0.227828
v -0.101078 2.551595 -0.139076
v -0.101962 2.564554 -0.158108
v -0.104459 2.610322 -0.194355
v -0.050880 2.130094 0.092464
v -0.050880 2.135665 0.092935
v -0.050880 2.147673 0.088067
v -0.012250 2.160817 0.061073
v -0.011193 2.148176 0.055059
v -0.008242 2.122906 0.054941
v -0.005587 2.362600 -0.024544
v -0.006344 2.363924 -0.021930
v -0.008399 2.364403 -0.020983
v 0.058090 2.168976 0.073444
v 0.058609 2.173208 0.074587
v 0.059888 2.180864 0.071909
v -0.100837 2.168079 0.071674
v -0.100028 2.172326 0.072844
v -0.098034 2.180014 0.070231
v -0.111571 2.361525 -0.026666
v -0.110391 2.362868 -0.024014
v -0.107189 2.363401 -0.022961
v 0.143649 2.547042 -0.115653
v 0.145643 2.553698 -0.120306
v 0.146451 2.555267 -0.124421
v 0.054014 2.364403 -0.020983
v 0.051958 2.363924 -0.021930
v 0.051201 2.362600 -0.024544
v 0.152803 2.363401 -0.022961
v 0.156005 2.362868 -0.024014
v 0.157185 2.361525 -0.026666
v 0.059888 2.547891 -0.113976
v 0.058609 2.554580 -0.118563
v 0.058090 2.556163 -0.122651
v 0.095769 2.682117 -0.227828
v 0.096279 2.614228 -0.181321
v 0.096467 2.592305 -0.158089
v 0.143649 2.180014 0.070231
v 0.145643 2.172326 0.072844
v 0.146451 2.168079 0.071674
v 0.095769 2.009659 0.112745
v 0.096279 2.087321 0.085537
v 0.096467 2.119022 0.081610
v 0.053856 2.122906 0.054941
v 0.056807 2.148176 0.055059
v 0.057865 2.160817 0.061073
v 0.136682 2.575665 -0.140830
v 0.124126 2.587350 -0.146336
v 0.110273 2.591767 -0.148145
v 0.051201 2.302419 -0.000476
v 0.051958 2.248457 0.026845
v 0.054014 2.201764 0.050470
v 0.064458 2.143514 0.079854
v 0.073210 2.131945 0.085590
v 0.083984 2.127623 0.087586
v 0.110272 2.127357 0.087060
v 0.124126 2.131428 0.084571
v 0.136682 2.142781 0.078408
v 0.083984 2.592033 -0.147619
v 0.073210 2.587867 -0.145316
v 0.064458 2.576397 -0.139384
v 0.152803 2.200762 0.048492
v 0.156005 2.247401 0.024761
v 0.157185 2.301344 -0.002599
v 0.054014 2.518242 -0.109813
v 0.051958 2.471567 -0.086152
v 0.051201 2.417612 -0.058817
v 0.157185 2.416537 -0.060940
v 0.156005 2.470512 -0.088235
v 0.152803 2.517240 -0.111791
v -0.008242 2.568508 -0.170738
v -0.011193 2.553650 -0.150297
v -0.012250 2.551018 -0.136548
v -0.050880 2.580557 -0.131171
v -0.050880 2.591587 -0.137971
v -0.050880 2.594504 -0.142741
v -0.098034 2.547042 -0.115653
v -0.100028 2.553698 -0.120306
v -0.100837 2.555267 -0.124421
v -0.050155 2.009659 0.112745
v -0.050665 2.087321 0.085537
v -0.050853 2.119022 0.081610
v -0.014274 2.180864 0.071909
v -0.012994 2.173208 0.074587
v -0.012476 2.168976 0.073444
v -0.001501 2.346186 -0.056953
v -0.004300 2.351075 -0.047299
v -0.005331 2.355965 -0.037645
v -0.104459 2.079125 0.074675
v -0.101962 2.135427 0.059227
v -0.101078 2.158438 0.060042
v -0.115640 2.345008 -0.059278
v -0.112895 2.349968 -0.049485
v -0.111884 2.354883 -0.039780
v -0.107189 2.517240 -0.111791
v -0.110391 2.470512 -0.088235
v -0.111571 2.416537 -0.060940
v -0.008399 2.201764 0.050470
v -0.006344 2.248457 0.026845
v -0.005587 2.302419 -0.000476
v -0.111571 2.301344 -0.002599
v -0.110391 2.247401 0.024761
v -0.107189 2.200762 0.048492
v -0.091068 2.142781 0.078408
v -0.078512 2.131428 0.084571
v -0.064658 2.127357 0.087060
v -0.005587 2.417612 -0.058817
v -0.006344 2.471567 -0.086152
v -0.008399 2.518242 -0.109813
v -0.018844 2.576397 -0.139384
v -0.027596 2.587867 -0.145316
v -0.038370 2.592033 -0.147619
v -0.064658 2.591767 -0.148145
v -0.078512 2.587350 -0.146336
v -0.091068 2.575665 -0.140830
v -0.038370 2.127623 0.087586
v -0.027596 2.131945 0.085590
v -0.018844 2.143514 0.079854
v 0.469367 3.074377 -0.392371
v 0.618737 3.068948 -0.401941
v 0.766008 3.063046 -0.411131
v 0.469129 3.371385 -0.542774
v 0.616834 3.362769 -0.550592
v 0.760232 3.350046 -0.556007
v 0.468620 3.660513 -0.689164
v 0.612757 3.644470 -0.692924
v 0.747346 3.614882 -0.689068
v -0.720394 3.063046 -0.411131
v -0.573123 3.068948 -0.401941
v -0.423753 3.074377 -0.392371
v -0.714618 3.350046 -0.556007
v -0.571220 3.362769 -0.550592
v -0.423515 3.371386 -0.542774
v -0.701732 3.614882 -0.689068
v -0.567143 3.644470 -0.692924
v -0.423005 3.660513 -0.689164
v -0.721219 2.081207 0.086062
v -0.573395 2.086135 0.095792
v -0.423787 2.091108 0.105612
v -0.721219 2.205504 0.023111
v -0.573395 2.210432 0.032841
v -0.423787 2.215405 0.042661
v -0.721219 2.288057 -0.018699
v -0.573395 2.292985 -0.008969
v -0.423787 2.297958 0.000851
v 0.255906 3.081458 -0.378555
v 0.255906 3.378922 -0.529208
v 0.255906 3.669110 -0.676177
v 0.204454 3.083071 -0.375369
v 0.204454 3.380535 -0.526022
v 0.204454 3.670723 -0.672991
v 0.176088 3.083873 -0.373785
v 0.176088 3.381337 -0.524439
v 0.176089 3.671525 -0.671408
v 0.143256 3.084533 -0.372483
v 0.143256 3.381997 -0.523136
v 0.143256 3.672185 -0.670105
v 0.127023 3.084778 -0.371998
v 0.127023 3.382242 -0.522651
v 0.127023 3.672431 -0.669620
v 0.110345 3.084988 -0.371584
v 0.110345 3.382452 -0.522237
v 0.110345 3.672640 -0.669206
v 0.075936 3.085296 -0.370976
v 0.075936 3.382760 -0.521630
v 0.075936 3.672948 -0.668598
v 0.058353 3.085393 -0.370785
v 0.058353 3.382857 -0.521438
v 0.058353 3.673045 -0.668407
v 0.040618 3.085451 -0.370669
v 0.040618 3.382915 -0.521323
v 0.040618 3.673103 -0.668292
v 0.004996 3.085451 -0.370669
v 0.004996 3.382915 -0.521323
v 0.004996 3.673103 -0.668292
v -0.012739 3.085393 -0.370785
v -0.012739 3.382857 -0.521438
v -0.012739 3.673045 -0.668407
v -0.030322 3.085296 -0.370976
v -0.030322 3.382760 -0.521629
v -0.030322 3.672948 -0.668598
v -0.064730 3.084988 -0.371584
v -0.064730 3.382452 -0.522237
v -0.064730 3.672640 -0.669206
v -0.081409 3.084778 -0.371998
v -0.081409 3.382242 -0.522651
v -0.081409 3.672431 -0.669620
v -0.097642 3.084533 -0.372483
v -0.097642 3.381997 -0.523136
v -0.097642 3.672185 -0.670105
v -0.130474 3.083873 -0.373785
v -0.130474 3.381337 -0.524439
v -0.130474 3.671525 -0.671408
v -0.158840 3.083071 -0.375369
v -0.158840 3.380535 -0.526022
v -0.158840 3.670723 -0.672991
v -0.210292 3.081458 -0.378555
v -0.210292 3.378922 -0.529208
v -0.210292 3.669110 -0.676177
v 0.255906 2.098124 0.119465
v 0.255906 2.222421 0.056513
v 0.255906 2.304974 0.014703
v 0.204454 2.099737 0.122650
v 0.204454 2.224034 0.059699
v 0.204454 2.306587 0.017889
v 0.176088 2.100539 0.124234
v 0.176088 2.224836 0.061283
v 0.176088 2.307389 0.019473
v 0.143256 2.101199 0.125537
v 0.143256 2.225496 0.062585
v 0.143256 2.308049 0.020775
v 0.127023 2.101444 0.126022
v 0.127023 2.225742 0.063070
v 0.127023 2.308295 0.021260
v 0.110345 2.101654 0.126436
v 0.110345 2.225951 0.063484
v 0.110345 2.308505 0.021674
v 0.075936 2.101962 0.127043
v 0.075936 2.226259 0.064092
v 0.075936 2.308812 0.022282
v 0.058353 2.102059 0.127235
v 0.058353 2.226356 0.064283
v 0.058353 2.308909 0.022473
v 0.040618 2.102117 0.127350
v 0.040618 2.226414 0.064398
v 0.040618 2.308968 0.022589
v 0.004996 2.102117 0.127350
v 0.004996 2.226414 0.064398
v 0.004996 2.308968 0.022589
v -0.012739 2.102059 0.127235
v -0.012739 2.226356 0.064283
v -0.012739 2.308909 0.022473
v -0.030322 2.101962 0.127043
v -0.030322 2.226259 0.064092
v -0.030322 2.308812 0.022282
v -0.064730 2.101654 0.126436
v -0.064730 2.225951 0.063484
v -0.064730 2.308505 0.021674
v -0.081409 2.101444 0.126022
v -0.081409 2.225742 0.063070
v -0.081409 2.308295 0.021260
v -0.097642 2.101199 0.125537
v -0.097642 2.225496 0.062585
v -0.097642 2.308049 0.020775
v -0.130474 2.100539 0.124234
v -0.130474 2.224836 0.061283
v -0.130474 2.307389 0.019473
v -0.158840 2.099737 0.122650
v -0.158840 2.224034 0.059699
v -0.158840 2.306587 0.017889
v -0.210292 2.098124 0.119465
v -0.210292 2.222421 0.056513
v -0.210292 2.304974 0.014703
v 0.469401 2.091108 0.105612
v 0.619009 2.086135 0.095792
v 0.766834 2.081207 0.086062
v 0.469401 2.215405 0.042661
v 0.619009 2.210432 0.032841
v 0.766834 2.205504 0.023111
v 0.469401 2.297958 0.000851
v 0.619009 2.292985 -0.008969
v 0.766834 2.288057 -0.018699
v 0.464523 3.041467 -0.457352
v 0.464285 3.338475 -0.607755
v 0.463776 3.627603 -0.754144
v 0.613701 3.036044 -0.466910
v 0.611800 3.329865 -0.615561
v 0.607726 3.611565 -0.757894
v 0.760831 3.030146 -0.476092
v 0.755059 3.317146 -0.620968
v 0.742184 3.581981 -0.754029
v -0.715217 3.030146 -0.476092
v -0.709445 3.317146 -0.620968
v -0.696569 3.581981 -0.754029
v -0.568087 3.036044 -0.466910
v -0.566186 3.329865 -0.615561
v -0.562112 3.611565 -0.757894
v -0.418909 3.041467 -0.457352
v -0.418671 3.338475 -0.607755
v -0.418162 3.627603 -0.754144
v -0.716041 2.048307 0.021102
v -0.716041 2.172604 -0.041849
v -0.716041 2.255157 -0.083659
v -0.568359 2.053230 0.030823
v -0.568359 2.177527 -0.032128
v -0.568359 2.260081 -0.073938
v -0.418943 2.058198 0.040632
v -0.418943 2.182495 -0.022320
v -0.418943 2.265048 -0.064130
v 0.251617 3.047955 -0.443216
v 0.200568 3.045521 -0.437601
v 0.172685 3.037048 -0.430328
v 0.251611 3.345795 -0.594098
v 0.200518 3.345992 -0.590086
v 0.172557 3.343879 -0.586739
v 0.251610 3.636159 -0.741173
v 0.200508 3.637588 -0.737899
v 0.172528 3.638018 -0.736110
v 0.140584 3.046699 -0.431187
v 0.124893 3.059056 -0.436312
v 0.109073 3.056894 -0.434511
v 0.140547 3.346542 -0.585826
v 0.124737 3.347591 -0.585583
v 0.108538 3.339107 -0.580708
v 0.140510 3.638525 -0.734686
v 0.124670 3.636136 -0.732860
v 0.108347 3.627846 -0.728145
v 0.135116 2.211110 0.054946
v 0.123624 2.207536 0.057133
v 0.110210 2.206033 0.058306
v 0.136152 2.253953 0.033212
v 0.123952 2.252935 0.034129
v 0.110251 2.252555 0.034743
v 0.136616 2.306324 0.006673
v 0.124105 2.306342 0.007075
v 0.110270 2.306445 0.007449
v 0.056051 3.206113 -0.512779
v 0.077880 3.009645 -0.409871
v 0.063776 2.941838 -0.375547
v 0.052539 2.819481 -0.313973
v 0.045289 2.955178 -0.385438
v 0.034643 3.041219 -0.429905
v 0.038338 3.283918 -0.552892
v 0.039728 3.578656 -0.702258
v 0.056962 3.566644 -0.696233
v 0.074421 3.585431 -0.705925
v 0.075162 3.281590 -0.550874
v -0.063459 3.056894 -0.434511
v -0.079278 3.059056 -0.436312
v -0.094969 3.046699 -0.431187
v -0.062924 3.339107 -0.580708
v -0.079122 3.347591 -0.585583
v -0.094932 3.346542 -0.585826
v -0.062733 3.627846 -0.728145
v -0.079056 3.636136 -0.732860
v -0.094896 3.638525 -0.734686
v -0.127071 3.037048 -0.430328
v -0.154953 3.045521 -0.437601
v -0.206003 3.047955 -0.443216
v -0.126943 3.343879 -0.586739
v -0.154904 3.345992 -0.590086
v -0.205997 3.345795 -0.594098
v -0.126914 3.638018 -0.736110
v -0.154893 3.637588 -0.737899
v -0.205996 3.636159 -0.741172
v 0.251698 2.065854 0.054260
v 0.201214 2.072047 0.056067
v 0.175045 2.085271 0.054054
v 0.251752 2.189768 -0.008477
v 0.201641 2.193280 -0.005167
v 0.176434 2.199112 -0.003108
v 0.251775 2.272142 -0.050188
v 0.201828 2.274399 -0.046185
v 0.176994 2.276944 -0.042341
v -0.018886 2.146627 0.084689
v -0.027610 2.135113 0.090397
v -0.038372 2.130811 0.092384
v -0.019184 2.151657 0.085431
v -0.027708 2.140527 0.090947
v -0.038384 2.136363 0.092864
v -0.019849 2.162032 0.081382
v -0.027918 2.152096 0.086298
v -0.038410 2.148316 0.088023
v 0.056051 1.469888 0.366550
v 0.074421 1.089735 0.558046
v 0.056962 1.108664 0.548636
v 0.039728 1.096699 0.554754
v 0.038338 1.391512 0.405536
v 0.034643 1.634268 0.282660
v 0.045289 1.721026 0.239611
v 0.052539 1.858932 0.172506
v 0.063776 1.736894 0.234709
v 0.077880 1.669101 0.269061
v 0.075162 1.394517 0.404853
v -0.091002 2.577721 -0.135458
v -0.078490 2.589351 -0.140937
v -0.064656 2.593748 -0.142737
v -0.090537 2.575351 -0.130949
v -0.078337 2.586594 -0.136242
v -0.064636 2.590851 -0.137976
v -0.089502 2.565964 -0.124947
v -0.078010 2.576006 -0.129656
v -0.064595 2.579875 -0.131203
v -0.038372 2.594014 -0.142210
v -0.027610 2.589867 -0.139918
v -0.018886 2.578452 -0.134014
v -0.038384 2.591117 -0.137450
v -0.027708 2.587107 -0.135228
v -0.019184 2.576074 -0.129520
v -0.038410 2.580141 -0.130679
v -0.027918 2.576514 -0.128652
v -0.019849 2.566671 -0.123552
v -0.129431 2.085271 0.054054
v -0.155599 2.072047 0.056067
v -0.206084 2.065854 0.054260
v -0.130819 2.199112 -0.003108
v -0.156027 2.193280 -0.005167
v -0.206137 2.189768 -0.008477
v -0.131380 2.276944 -0.042341
v -0.156214 2.274399 -0.046185
v -0.206161 2.272142 -0.050188
v 0.464557 2.058198 0.040632
v 0.464557 2.182495 -0.022320
v 0.464557 2.265048 -0.064130
v 0.613973 2.053230 0.030823
v 0.613973 2.177527 -0.032128
v 0.613973 2.260081 -0.073938
v 0.761656 2.048307 0.021102
v 0.761656 2.172604 -0.041849
v 0.761656 2.255157 -0.083659
v 0.761195 0.631616 0.744407
v 0.614056 0.559277 0.793214
v 0.464864 0.535775 0.817422
v 0.755167 0.655135 0.728935
v 0.611905 0.585248 0.776179
v 0.464386 0.562616 0.799808
v 0.742197 0.721597 0.694853
v 0.607739 0.659447 0.737449
v 0.463789 0.639278 0.759535
v 0.251912 0.538709 0.833304
v 0.200784 0.540314 0.836473
v 0.172774 0.541108 0.838041
v 0.251699 0.565674 0.815605
v 0.200588 0.567279 0.818774
v 0.172598 0.568073 0.820340
v 0.251621 0.642688 0.775112
v 0.200517 0.644292 0.778280
v 0.172533 0.645086 0.779846
v -0.701719 3.946281 -0.857121
v -0.567129 4.017399 -0.882011
v -0.422993 4.047144 -0.885189
v -0.714510 4.011883 -0.892902
v -0.571115 4.091326 -0.921278
v -0.423414 4.123772 -0.925529
v -0.720030 4.035016 -0.909135
v -0.572769 4.117170 -0.938563
v -0.423412 4.150598 -0.943175
v 0.747333 0.754326 0.759476
v 0.612744 0.692180 0.802080
v 0.468607 0.672017 0.824178
v 0.760124 0.686664 0.791189
v 0.616729 0.616781 0.838441
v 0.469028 0.594155 0.862081
v 0.765644 0.659889 0.800232
v 0.618383 0.587554 0.849046
v 0.469027 0.564057 0.873265
v 0.176079 4.060113 -0.868425
v 0.204444 4.059311 -0.870008
v 0.255895 4.057698 -0.873194
v 0.176014 4.137126 -0.908919
v 0.204372 4.136325 -0.910502
v 0.255817 4.134711 -0.913687
v 0.175838 4.164091 -0.926619
v 0.204176 4.163290 -0.928201
v 0.255604 4.161677 -0.931386
v 0.110340 4.061228 -0.866224
v 0.127017 4.061019 -0.866637
v 0.143249 4.060773 -0.867122
v 0.110305 4.138241 -0.906718
v 0.126974 4.138031 -0.907132
v 0.143199 4.137786 -0.907617
v 0.110210 4.165204 -0.924421
v 0.126859 4.164995 -0.924835
v 0.143063 4.164750 -0.925319
v 0.040617 4.061691 -0.865309
v 0.058351 4.061633 -0.865424
v 0.075934 4.061536 -0.865616
v 0.040610 4.138703 -0.905804
v 0.058338 4.138646 -0.905920
v 0.075913 4.138548 -0.906111
v 0.040592 4.165667 -0.923509
v 0.058301 4.165608 -0.923624
v 0.075858 4.165511 -0.923815
v -0.030319 4.061536 -0.865616
v -0.012737 4.061633 -0.865424
v 0.004997 4.061691 -0.865309
v -0.030299 4.138548 -0.906111
v -0.012723 4.138646 -0.905920
v 0.005004 4.138703 -0.905804
v -0.030243 4.165511 -0.923815
v -0.012687 4.165608 -0.923624
v 0.005022 4.165667 -0.923509
v -0.097635 4.060773 -0.867122
v -0.081403 4.061019 -0.866637
v -0.064725 4.061228 -0.866224
v -0.097585 4.137786 -0.907617
v -0.081360 4.138031 -0.907132
v -0.064690 4.138241 -0.906718
v -0.097449 4.164750 -0.925319
v -0.081245 4.164995 -0.924835
v -0.064596 4.165204 -0.924421
v -0.210281 4.057698 -0.873194
v -0.158829 4.059311 -0.870008
v -0.130465 4.060113 -0.868425
v -0.210203 4.134711 -0.913687
v -0.158757 4.136325 -0.910502
v -0.130400 4.137126 -0.908919
v -0.209990 4.161677 -0.931386
v -0.158562 4.163290 -0.928201
v -0.130224 4.164091 -0.926619
v 0.255895 0.675441 0.839784
v 0.204444 0.677055 0.842970
v 0.176079 0.677857 0.844553
v 0.255817 0.597228 0.877907
v 0.204372 0.598841 0.881092
v 0.176014 0.599643 0.882675
v 0.255604 0.567004 0.889172
v 0.204176 0.568617 0.892357
v 0.175838 0.569418 0.893939
v 0.143249 0.678517 0.845856
v 0.127017 0.678762 0.846340
v 0.110340 0.678972 0.846754
v 0.143199 0.600302 0.883977
v 0.126974 0.600548 0.884462
v 0.110305 0.600757 0.884876
v 0.143063 0.570077 0.895240
v 0.126859 0.570322 0.895723
v 0.110210 0.570531 0.896137
v 0.075934 0.679280 0.847362
v 0.058351 0.679376 0.847553
v 0.040617 0.679435 0.847669
v 0.075913 0.601065 0.885483
v 0.058338 0.601162 0.885675
v 0.040610 0.601220 0.885790
v 0.075858 0.570839 0.896743
v 0.058301 0.570935 0.896934
v 0.040592 0.570994 0.897049
v 0.004997 0.679435 0.847669
v -0.012737 0.679376 0.847553
v -0.030319 0.679280 0.847362
v 0.005004 0.601220 0.885790
v -0.012723 0.601162 0.885675
v -0.030299 0.601065 0.885483
v 0.005022 0.570994 0.897049
v -0.012687 0.570935 0.896934
v -0.030243 0.570839 0.896743
v -0.064725 0.678972 0.846754
v -0.081403 0.678762 0.846340
v -0.097635 0.678517 0.845856
v -0.064690 0.600757 0.884876
v -0.081360 0.600548 0.884462
v -0.097585 0.600302 0.883977
v -0.064596 0.570531 0.896137
v -0.081245 0.570322 0.895723
v -0.097449 0.570077 0.895240
v -0.130465 0.677857 0.844553
v -0.158829 0.677055 0.842970
v -0.210281 0.675441 0.839784
v -0.130400 0.599643 0.882675
v -0.158757 0.598841 0.881092
v -0.210203 0.597228 0.877907
v -0.130224 0.569418 0.893939
v -0.158562 0.568617 0.892357
v -0.209990 0.567004 0.889172
v 0.964346 1.629779 0.298120
v 0.951537 1.343399 0.444221
v 0.917332 1.080136 0.580387
v 1.003901 1.626862 0.294825
v 0.989766 1.333577 0.444533
v 0.951439 1.053292 0.589661
v 1.018245 1.624284 0.290883
v 1.003635 1.327771 0.442265
v 0.963985 1.039985 0.591302
v -0.920562 2.074466 0.072752
v -0.920562 2.198763 0.009801
v -0.920562 2.281316 -0.032009
v -0.960305 2.072536 0.068942
v -0.960306 2.196833 0.005990
v -0.960305 2.279386 -0.035820
v -0.974718 2.070418 0.064760
v -0.974718 2.194715 0.001809
v -0.974718 2.277268 -0.040001
v -0.918732 3.056338 -0.424375
v -0.905922 3.343573 -0.568787
v -0.871718 3.609121 -0.700443
v -0.958286 3.055408 -0.428676
v -0.944152 3.349637 -0.576521
v -0.905825 3.632481 -0.716595
v -0.972631 3.053756 -0.433088
v -0.958021 3.351244 -0.582543
v -0.918371 3.641678 -0.726352
v 0.966176 2.611529 -0.199249
v 0.966176 2.487232 -0.136297
v 0.966176 2.404679 -0.094487
v 1.005920 2.609599 -0.203059
v 1.005920 2.485302 -0.140108
v 1.005920 2.402749 -0.098298
v 1.020332 2.607482 -0.207241
v 1.020332 2.483185 -0.144289
v 1.020332 2.400631 -0.102479
v 1.015710 2.579214 -0.263055
v 1.015710 2.454917 -0.200103
v 1.015710 2.372364 -0.158293
v 1.000777 2.578076 -0.265301
v 1.000777 2.453779 -0.202350
v 1.000777 2.371226 -0.160540
v 0.960868 2.578806 -0.263860
v 0.960868 2.454509 -0.200909
v 0.960868 2.371956 -0.159099
v 0.464864 4.122315 -0.999017
v 0.614056 4.088893 -0.994396
v 0.761195 4.006743 -0.964960
v 0.464386 4.092233 -0.987802
v 0.611905 4.059793 -0.983540
v 0.755167 3.980354 -0.955155
v 0.463789 4.014405 -0.949831
v 0.607739 3.984666 -0.946642
v 0.742197 3.913552 -0.921744
v -0.970096 2.042151 0.008947
v -0.970096 2.166448 -0.054005
v -0.970096 2.249001 -0.095815
v -0.955162 2.041013 0.006700
v -0.955162 2.165310 -0.056251
v -0.955162 2.247863 -0.098061
v -0.915254 2.041743 0.008141
v -0.915254 2.166040 -0.054811
v -0.915254 2.248593 -0.096621
v -0.715581 4.006743 -0.964960
v -0.568441 4.088893 -0.994396
v -0.419249 4.122315 -0.999017
v -0.709553 3.980354 -0.955155
v -0.566291 4.059793 -0.983540
v -0.418772 4.092233 -0.987802
v -0.696583 3.913552 -0.921744
v -0.562125 3.984666 -0.946642
v -0.418174 4.014405 -0.949831
v 0.140702 0.541757 0.839312
v 0.124856 0.542024 0.839771
v 0.108562 0.542305 0.840137
v 0.140566 0.568749 0.821596
v 0.124739 0.569211 0.821956
v 0.108460 0.570020 0.822053
v 0.140516 0.645837 0.781063
v 0.124691 0.646828 0.781155
v 0.108407 0.649073 0.780524
v -0.206298 4.133381 -0.987255
v -0.155170 4.134987 -0.984085
v -0.127160 4.135780 -0.982517
v -0.206085 4.103158 -0.975989
v -0.154974 4.104763 -0.972820
v -0.126984 4.105556 -0.971254
v -0.206007 4.024944 -0.937866
v -0.154902 4.026549 -0.934698
v -0.126919 4.027342 -0.933131
v -0.062948 0.542305 0.840137
v -0.079242 0.542024 0.839771
v -0.095088 0.541757 0.839312
v -0.062846 0.570020 0.822053
v -0.079125 0.569211 0.821956
v -0.094952 0.568749 0.821596
v -0.062793 0.649073 0.780524
v -0.079077 0.646828 0.781155
v -0.094901 0.645837 0.781063
v 0.005342 0.543187 0.840813
v -0.012045 0.543187 0.840672
v -0.029276 0.542962 0.840550
v 0.005383 0.573910 0.821205
v -0.011974 0.574305 0.820863
v -0.029192 0.573174 0.821201
v 0.005450 0.661129 0.775542
v -0.011868 0.662598 0.774656
v -0.029093 0.659005 0.776241
v 0.074890 0.542962 0.840550
v 0.057659 0.543187 0.840672
v 0.040272 0.543187 0.840813
v 0.074806 0.573174 0.821201
v 0.057588 0.574305 0.820863
v 0.040232 0.573910 0.821205
v 0.074707 0.659005 0.776241
v 0.057482 0.662598 0.774656
v 0.040164 0.661129 0.775542
v -0.127160 0.541108 0.838041
v -0.155170 0.540314 0.836473
v -0.206298 0.538709 0.833304
v -0.126984 0.568073 0.820340
v -0.154974 0.567279 0.818774
v -0.206085 0.565674 0.815605
v -0.126919 0.645086 0.779846
v -0.154902 0.644292 0.778280
v -0.206007 0.642688 0.775112
v 0.172774 4.135780 -0.982517
v 0.200784 4.134987 -0.984085
v 0.251912 4.133381 -0.987255
v 0.172598 4.105556 -0.971254
v 0.200588 4.104763 -0.972820
v 0.251699 4.103158 -0.975989
v 0.172533 4.027342 -0.933132
v 0.200517 4.026549 -0.934698
v 0.251621 4.024944 -0.937866
v -0.029276 4.136706 -0.979538
v -0.012045 4.136672 -0.979285
v 0.005342 4.136786 -0.979201
v -0.029192 4.103232 -0.966632
v -0.011974 4.102290 -0.965920
v 0.005383 4.102799 -0.966036
v -0.029093 4.016199 -0.924044
v -0.011868 4.012795 -0.922085
v 0.005450 4.014379 -0.922746
v 0.040272 4.136786 -0.979201
v 0.057659 4.136672 -0.979285
v 0.074890 4.136706 -0.979538
v 0.040232 4.102799 -0.966036
v 0.057588 4.102290 -0.965920
v 0.074806 4.103231 -0.966632
v 0.040164 4.014379 -0.922745
v 0.057482 4.012795 -0.922085
v 0.074707 4.016199 -0.924044
v 0.108562 4.136763 -0.980312
v 0.124856 4.136633 -0.980755
v 0.140702 4.136422 -0.981242
v 0.108460 4.105785 -0.968671
v 0.124739 4.106185 -0.969381
v 0.140566 4.106168 -0.969966
v 0.108407 4.025529 -0.929515
v 0.124691 4.027366 -0.930953
v 0.140515 4.027879 -0.931806
v -0.095088 4.136422 -0.981242
v -0.079242 4.136633 -0.980755
v -0.062948 4.136763 -0.980312
v -0.094952 4.106168 -0.969966
v -0.079125 4.106185 -0.969381
v -0.062846 4.105785 -0.968671
v -0.094901 4.027879 -0.931806
v -0.079077 4.027366 -0.930953
v -0.062793 4.025529 -0.929515
v 1.013624 1.596016 0.235069
v 0.999024 1.299503 0.386450
v 0.959400 1.011716 0.535485
v 0.998759 1.595339 0.232583
v 0.984635 1.302054 0.382290
v 0.946337 1.021768 0.527417
v 0.959039 1.597056 0.233508
v 0.946240 1.310676 0.379609
v 0.912061 1.047412 0.515773
v -0.968010 3.025488 -0.488902
v -0.953410 3.322976 -0.638358
v -0.913786 3.613410 -0.782169
v -0.953145 3.023885 -0.490918
v -0.939021 3.318113 -0.638763
v -0.900722 3.600957 -0.778840
v -0.913425 3.023615 -0.488987
v -0.900625 3.310850 -0.633399
v -0.866447 3.576396 -0.765057
v 0.468607 4.047144 -0.885189
v 0.612744 4.017399 -0.882011
v 0.747333 3.946281 -0.857121
v 0.469028 4.123772 -0.925529
v 0.616729 4.091326 -0.921278
v 0.760124 4.011883 -0.892902
v 0.469027 4.150597 -0.943175
v 0.618383 4.117170 -0.938563
v 0.765644 4.035016 -0.909135
v -0.422993 0.672017 0.824178
v -0.567130 0.692180 0.802080
v -0.701719 0.754326 0.759476
v -0.423414 0.594155 0.862081
v -0.571115 0.616781 0.838441
v -0.714510 0.686664 0.791189
v -0.423412 0.564057 0.873265
v -0.572769 0.587554 0.849046
v -0.720030 0.659889 0.800232
v 0.763301 4.018420 -0.950749
v 0.615573 4.100958 -0.980333
v 0.466096 4.134522 -0.985003
v 0.764245 4.024417 -0.938907
v 0.616491 4.106956 -0.968490
v 0.466979 4.140521 -0.973157
v 0.765189 4.030414 -0.927065
v 0.617409 4.112954 -0.956647
v 0.467862 4.146520 -0.961312
v -0.420482 4.134522 -0.985003
v -0.569959 4.100958 -0.980333
v -0.717686 4.018420 -0.950749
v -0.421365 4.140521 -0.973157
v -0.570877 4.106956 -0.968490
v -0.718630 4.024417 -0.938907
v -0.422248 4.146520 -0.961312
v -0.571795 4.112954 -0.956647
v -0.719574 4.030415 -0.927065
v -0.717686 0.636163 0.762229
v -0.569959 0.563474 0.811261
v -0.420482 0.539849 0.835555
v -0.718630 0.642161 0.774071
v -0.570877 0.569472 0.823104
v -0.421365 0.545849 0.847401
v -0.719574 0.648158 0.785912
v -0.571795 0.575471 0.834948
v -0.422248 0.551848 0.859246
v 0.466096 0.539849 0.835555
v 0.615573 0.563474 0.811261
v 0.763301 0.636163 0.762229
v 0.466979 0.545848 0.847401
v 0.616491 0.569472 0.823104
v 0.764245 0.642160 0.774071
v 0.467862 0.551848 0.859246
v 0.617409 0.575471 0.834948
v 0.765189 0.648158 0.785912
v -0.207361 0.542770 0.851456
v -0.156146 0.544377 0.854630
v -0.128042 0.545173 0.856201
v -0.208144 0.548772 0.863307
v -0.156866 0.550381 0.866484
v -0.128692 0.551178 0.868059
v -0.208927 0.554774 0.875158
v -0.157585 0.556384 0.878338
v -0.129342 0.557184 0.879916
v -0.095768 0.545822 0.857483
v -0.079819 0.546063 0.857959
v -0.063423 0.546269 0.858365
v -0.096268 0.551830 0.869346
v -0.080244 0.552072 0.869824
v -0.063772 0.552280 0.870233
v -0.096769 0.557838 0.881209
v -0.080668 0.558082 0.881689
v -0.064121 0.558290 0.882100
v -0.029557 0.546572 0.858963
v -0.012233 0.546667 0.859152
v 0.005248 0.546725 0.859265
v -0.029762 0.552583 0.870833
v -0.012368 0.552679 0.871022
v 0.005180 0.552737 0.871136
v -0.029966 0.558595 0.882703
v -0.012504 0.558691 0.882893
v 0.005113 0.558749 0.883007
v 0.040367 0.546725 0.859265
v 0.057848 0.546667 0.859152
v 0.075172 0.546572 0.858963
v 0.040434 0.552737 0.871136
v 0.057983 0.552679 0.871022
v 0.075376 0.552584 0.870833
v 0.040501 0.558749 0.883007
v 0.058118 0.558691 0.882893
v 0.075580 0.558595 0.882703
v 0.109037 0.546269 0.858366
v 0.125433 0.546063 0.857959
v 0.141382 0.545822 0.857483
v 0.109386 0.552279 0.870233
v 0.125858 0.552072 0.869824
v 0.141883 0.551830 0.869346
v 0.109736 0.558290 0.882100
v 0.126283 0.558082 0.881689
v 0.142383 0.557838 0.881209
v 0.173656 0.545173 0.856201
v 0.201760 0.544377 0.854630
v 0.252975 0.542770 0.851456
v 0.174306 0.551178 0.868059
v 0.202480 0.550381 0.866484
v 0.253758 0.548772 0.863307
v 0.174956 0.557184 0.879916
v 0.203200 0.556384 0.878338
v 0.254541 0.554774 0.875158
v -0.128042 4.148015 -0.968494
v -0.156146 4.147220 -0.970066
v -0.207361 4.145612 -0.973240
v -0.128692 4.154021 -0.956637
v -0.156866 4.153223 -0.958212
v -0.208144 4.151614 -0.961389
v -0.129342 4.160026 -0.944780
v -0.157585 4.159227 -0.946358
v -0.208927 4.157616 -0.949538
v -0.063423 4.149112 -0.966330
v -0.079819 4.148906 -0.966737
v -0.095768 4.148664 -0.967213
v -0.063772 4.155122 -0.954463
v -0.080244 4.154915 -0.954872
v -0.096268 4.154673 -0.955350
v -0.064121 4.161132 -0.942596
v -0.080668 4.160924 -0.943006
v -0.096769 4.160681 -0.943487
v 0.005248 4.149567 -0.965431
v -0.012233 4.149509 -0.965544
v -0.029557 4.149414 -0.965732
v 0.005180 4.155580 -0.953560
v -0.012368 4.155522 -0.953674
v -0.029762 4.155426 -0.953863
v 0.005113 4.161592 -0.941688
v -0.012504 4.161534 -0.941803
v -0.029966 4.161438 -0.941993
v 0.075172 4.149414 -0.965733
v 0.057848 4.149509 -0.965544
v 0.040367 4.149567 -0.965431
v 0.075376 4.155426 -0.953863
v 0.057983 4.155522 -0.953674
v 0.040434 4.155579 -0.953559
v 0.075580 4.161438 -0.941993
v 0.058118 4.161534 -0.941803
v 0.040501 4.161592 -0.941688
v 0.141382 4.148664 -0.967213
v 0.125433 4.148906 -0.966737
v 0.109037 4.149111 -0.966330
v 0.141883 4.154673 -0.955350
v 0.125858 4.154915 -0.954872
v 0.109386 4.155122 -0.954463
v 0.142383 4.160681 -0.943487
v 0.126283 4.160924 -0.943006
v 0.109736 4.161132 -0.942596
v 0.252975 4.145612 -0.973240
v 0.201760 4.147220 -0.970066
v 0.173656 4.148015 -0.968494
v 0.253758 4.151614 -0.961389
v 0.202480 4.153223 -0.958212
v 0.174306 4.154020 -0.956637
v 0.254541 4.157616 -0.949538
v 0.203200 4.159227 -0.946358
v 0.174956 4.160026 -0.944780
v 1.019136 2.050218 0.024876
v 1.019136 2.174515 -0.038075
v 1.019136 2.257069 -0.079885
v 1.020117 2.056214 0.036715
v 1.020117 2.180511 -0.026236
v 1.020117 2.263065 -0.068046
v 1.021098 2.062211 0.048555
v 1.021098 2.186508 -0.014397
v 1.021098 2.269061 -0.056207
v -0.973522 2.587282 -0.247125
v -0.973522 2.462985 -0.184174
v -0.973522 2.380431 -0.142364
v -0.974503 2.593278 -0.235286
v -0.974503 2.468981 -0.172334
v -0.974503 2.386428 -0.130524
v -0.975484 2.599274 -0.223447
v -0.975484 2.474977 -0.160495
v -0.975484 2.392424 -0.118685
v 1.017041 3.033622 -0.473005
v 1.002370 3.331576 -0.622691
v 0.962549 3.623094 -0.767035
v 1.018021 3.039618 -0.461166
v 1.003348 3.337572 -0.610852
v 0.963522 3.629090 -0.755195
v 1.019001 3.045614 -0.449327
v 1.004327 3.343568 -0.599013
v 0.964495 3.635087 -0.743355
v -0.971426 1.604018 0.251032
v -0.956756 1.307044 0.402653
v -0.916935 1.018185 0.552247
v -0.972407 1.610014 0.262872
v -0.957734 1.313040 0.414493
v -0.917908 1.024181 0.564087
v -0.973387 1.616010 0.274711
v -0.958712 1.319036 0.426332
v -0.918881 1.030178 0.575927
v -0.419249 0.535775 0.817422
v -0.568441 0.559277 0.793214
v -0.715581 0.631616 0.744407
v -0.418772 0.562616 0.799808
v -0.566291 0.585248 0.776179
v -0.709553 0.655135 0.728935
v -0.418174 0.639278 0.759535
v -0.562125 0.659447 0.737449
v -0.696583 0.721597 0.694853
v -0.973522 2.257069 -0.079885
v -0.973522 2.174515 -0.038075
v -0.973522 2.050218 0.024876
v -0.974503 2.263065 -0.068046
v -0.974503 2.180511 -0.026236
v -0.974503 2.056215 0.036715
v -0.975484 2.269061 -0.056207
v -0.975484 2.186508 -0.014397
v -0.975484 2.062211 0.048555
v 0.962549 1.018185 0.552247
v 1.002370 1.307044 0.402653
v 1.017040 1.604018 0.251032
v 0.963522 1.024181 0.564087
v 1.003348 1.313040 0.414493
v 1.018021 1.610014 0.262872
v 0.964495 1.030178 0.575927
v 1.004327 1.319036 0.426332
v 1.019001 1.616010 0.274711
v 1.015710 2.249001 -0.095815
v 1.015710 2.166448 -0.054005
v 1.015710 2.042151 0.008947
v 1.000777 2.247863 -0.098061
v 1.000777 2.165310 -0.056251
v 1.000777 2.041013 0.006700
v 0.960868 2.248593 -0.096621
v 0.960868 2.166040 -0.054811
v 0.960868 2.041743 0.008141
v -0.913786 1.011716 0.535485
v -0.953410 1.299503 0.386450
v -0.968010 1.596016 0.235069
v -0.900722 1.021768 0.527417
v -0.939021 1.302054 0.382290
v -0.953145 1.595339 0.232583
v -0.866447 1.047412 0.515773
v -0.900625 1.310676 0.379609
v -0.913425 1.597056 0.233508
v -0.871718 1.080136 0.580387
v -0.905922 1.343399 0.444221
v -0.918732 1.629779 0.298120
v -0.905825 1.053292 0.589661
v -0.944152 1.333577 0.444533
v -0.958286 1.626862 0.294825
v -0.918371 1.039985 0.591302
v -0.958021 1.327771 0.442265
v -0.972631 1.624284 0.290883
v 0.966176 2.281316 -0.032009
v 0.966176 2.198763 0.009801
v 0.966176 2.074466 0.072752
v 1.005920 2.279386 -0.035820
v 1.005920 2.196833 0.005990
v 1.005920 2.072536 0.068942
v 1.020332 2.277268 -0.040001
v 1.020332 2.194715 0.001809
v 1.020332 2.070418 0.064760
v 0.463776 1.025909 0.563510
v 0.464285 1.315002 0.417053
v 0.464523 1.611995 0.266619
v 0.607726 1.032376 0.548363
v 0.611800 1.313805 0.405493
v 0.613701 1.607498 0.256591
v 0.742183 1.052997 0.526800
v 0.755059 1.316972 0.392041
v 0.760831 1.603587 0.246404
v -0.126914 1.034284 0.582577
v -0.154893 1.033097 0.581172
v -0.205996 1.031303 0.578083
v -0.126943 1.328746 0.433845
v -0.154904 1.324799 0.433567
v -0.205997 1.321680 0.431035
v -0.127071 1.636394 0.279047
v -0.154953 1.625518 0.281574
v -0.206003 1.619551 0.280214
v -0.062733 1.046724 0.579090
v -0.079056 1.038018 0.582983
v -0.094896 1.035133 0.583828
v -0.062924 1.336432 0.433566
v -0.079122 1.327482 0.437522
v -0.094932 1.327907 0.436532
v -0.063459 1.621279 0.292570
v -0.079278 1.618548 0.293248
v -0.094969 1.629992 0.286318
v -0.010437 3.206113 -0.512779
v 0.010972 3.041219 -0.429905
v 0.000325 2.955178 -0.385438
v -0.006925 2.819481 -0.313973
v -0.018162 2.941838 -0.375547
v -0.032266 3.009645 -0.409871
v -0.029548 3.281590 -0.550874
v -0.028807 3.585431 -0.705925
v -0.011348 3.566644 -0.696233
v 0.005887 3.578656 -0.702258
v 0.007276 3.283918 -0.552892
v -0.010437 1.469888 0.366550
v 0.005887 1.096699 0.554754
v -0.011348 1.108664 0.548636
v -0.028807 1.089735 0.558046
v -0.029548 1.394517 0.404853
v -0.032266 1.669101 0.269061
v -0.018162 1.736894 0.234709
v -0.006925 1.858932 0.172506
v 0.000325 1.721026 0.239611
v 0.010972 1.634268 0.282660
v 0.007276 1.391512 0.405536
v 0.140510 1.035133 0.583828
v 0.124670 1.038018 0.582983
v 0.108347 1.046724 0.579090
v 0.140547 1.327907 0.436532
v 0.124737 1.327482 0.437522
v 0.108538 1.336432 0.433566
v 0.140584 1.629992 0.286318
v 0.124893 1.618548 0.293248
v 0.109073 1.621279 0.292570
v 0.251610 1.031303 0.578083
v 0.200508 1.033097 0.581172
v 0.172528 1.034284 0.582577
v 0.251611 1.321680 0.431035
v 0.200518 1.324799 0.433568
v 0.172557 1.328746 0.433845
v 0.251617 1.619551 0.280214
v 0.200568 1.625518 0.281574
v 0.172685 1.636394 0.279047
v -0.696569 1.052997 0.526800
v -0.709445 1.316972 0.392041
v -0.715217 1.603587 0.246404
v -0.562112 1.032376 0.548363
v -0.566186 1.313805 0.405493
v -0.568087 1.607498 0.256591
v -0.418162 1.025909 0.563510
v -0.418671 1.315002 0.417053
v -0.418909 1.611995 0.266619
v 0.468620 1.058819 0.628490
v 0.612757 1.065280 0.613332
v 0.747347 1.085897 0.591762
v 0.469129 1.347913 0.482034
v 0.616834 1.346709 0.470462
v 0.760232 1.349872 0.457001
v 0.469367 1.644905 0.331599
v 0.618737 1.640403 0.321560
v 0.766008 1.636487 0.311364
v -0.130474 1.066617 0.647875
v -0.130474 1.356805 0.500906
v -0.130474 1.654269 0.350252
v -0.158840 1.065814 0.646291
v -0.158840 1.356003 0.499322
v -0.158840 1.653467 0.348669
v -0.210292 1.064201 0.643105
v -0.210292 1.354389 0.496136
v -0.210292 1.651853 0.345483
v -0.064730 1.067731 0.650076
v -0.064730 1.357920 0.503107
v -0.064730 1.655384 0.352454
v -0.081409 1.067522 0.649662
v -0.081409 1.357710 0.502693
v -0.081409 1.655174 0.352040
v -0.097642 1.067276 0.649177
v -0.097642 1.357465 0.502208
v -0.097642 1.654929 0.351555
v 0.004996 1.068195 0.650990
v 0.004996 1.358383 0.504022
v 0.004996 1.655847 0.353368
v -0.012739 1.068136 0.650875
v -0.012739 1.358325 0.503906
v -0.012739 1.655789 0.353253
v -0.030322 1.068039 0.650684
v -0.030322 1.358228 0.503715
v -0.030322 1.655692 0.353061
v 0.075936 1.068039 0.650684
v 0.075936 1.358228 0.503715
v 0.075936 1.655692 0.353061
v 0.058353 1.068136 0.650875
v 0.058353 1.358325 0.503906
v 0.058353 1.655789 0.353253
v 0.040618 1.068195 0.650990
v 0.040618 1.358383 0.504022
v 0.040618 1.655847 0.353368
v 0.143256 1.067276 0.649177
v 0.143256 1.357465 0.502209
v 0.143256 1.654929 0.351555
v 0.127023 1.067522 0.649662
v 0.127023 1.357710 0.502693
v 0.127023 1.655174 0.352040
v 0.110345 1.067732 0.650076
v 0.110345 1.357920 0.503107
v 0.110345 1.655384 0.352454
v 0.255906 1.064201 0.643105
v 0.255906 1.354389 0.496136
v 0.255906 1.651853 0.345483
v 0.204454 1.065814 0.646291
v 0.204454 1.356003 0.499322
v 0.204454 1.653467 0.348669
v 0.176088 1.066617 0.647875
v 0.176088 1.356805 0.500906
v 0.176089 1.654269 0.350252
v -0.701732 1.085897 0.591762
v -0.567143 1.065281 0.613332
v -0.423005 1.058819 0.628490
v -0.714618 1.349872 0.457001
v -0.571220 1.346709 0.470462
v -0.423515 1.347913 0.482034
v -0.720394 1.636487 0.311364
v -0.573123 1.640403 0.321560
v -0.423753 1.644905 0.331599
v 1.019136 2.380432 -0.142364
v 1.019136 2.462985 -0.184174
v 1.019136 2.587282 -0.247125
v 1.020117 2.386428 -0.130524
v 1.020117 2.468981 -0.172334
v 1.020117 2.593278 -0.235286
v 1.021098 2.392424 -0.118685
v 1.021098 2.474977 -0.160495
v 1.021098 2.599274 -0.223447
v -0.916935 3.623094 -0.767035
v -0.956756 3.331576 -0.622691
v -0.971426 3.033622 -0.473005
v -0.917908 3.629090 -0.755195
v -0.957734 3.337572 -0.610852
v -0.972407 3.039618 -0.461166
v -0.918881 3.635087 -0.743355
v -0.958712 3.343568 -0.599013
v -0.973387 3.045614 -0.449327
v -0.970096 2.372364 -0.158293
v -0.970096 2.454917 -0.200103
v -0.970096 2.579214 -0.263055
v -0.955162 2.371226 -0.160540
v -0.955162 2.453779 -0.202350
v -0.955162 2.578076 -0.265301
v -0.915254 2.371956 -0.159099
v -0.915254 2.454509 -0.200909
v -0.915254 2.578806 -0.263860
v 0.959400 3.613410 -0.782169
v 0.999024 3.322976 -0.638358
v 1.013624 3.025488 -0.488902
v 0.946337 3.600957 -0.778840
v 0.984635 3.318113 -0.638763
v 0.998759 3.023885 -0.490918
v 0.912061 3.576396 -0.765057
v 0.946240 3.310850 -0.633400
v 0.959039 3.023615 -0.488987
v 0.917332 3.609121 -0.700443
v 0.951537 3.343573 -0.568787
v 0.964346 3.056338 -0.424375
v 0.951439 3.632481 -0.716595
v 0.989766 3.349637 -0.576521
v 1.003901 3.055408 -0.428676
v 0.963985 3.641678 -0.726352
v 1.003635 3.351244 -0.582543
v 1.018245 3.053756 -0.433088
v -0.920562 2.404679 -0.094487
v -0.920562 2.487232 -0.136297
v -0.920562 2.611529 -0.199249
v -0.960305 2.402749 -0.098298
v -0.960306 2.485302 -0.140108
v -0.960305 2.609599 -0.203059
v -0.974718 2.400631 -0.102479
v -0.974718 2.483185 -0.144289
v -0.974718 2.607482 -0.207241
v -0.131380 2.398937 -0.104126
v -0.156214 2.397344 -0.108452
v -0.206161 2.395452 -0.112640
v -0.130819 2.476619 -0.143654
v -0.156027 2.478410 -0.149574
v -0.206137 2.477820 -0.154364
v -0.129431 2.590062 -0.201602
v -0.155599 2.599509 -0.211072
v -0.206084 2.601717 -0.217134
v 0.152656 2.519588 -0.106564
v 0.155843 2.473020 -0.083088
v 0.157017 2.419114 -0.055827
v 0.151626 2.519259 -0.103069
v 0.154707 2.473813 -0.080158
v 0.155843 2.420388 -0.053140
v 0.148877 2.516060 -0.100142
v 0.151626 2.473166 -0.078512
v 0.152656 2.420774 -0.052013
v 0.051309 2.420186 -0.053710
v 0.052063 2.474073 -0.081010
v 0.054108 2.520587 -0.104590
v 0.052063 2.421441 -0.051062
v 0.052792 2.474846 -0.078117
v 0.054769 2.520241 -0.101130
v 0.054108 2.421773 -0.050039
v 0.054769 2.474148 -0.076572
v 0.056533 2.516997 -0.098293
v 0.157018 2.303940 0.002504
v 0.155843 2.250067 0.029829
v 0.152656 2.203587 0.053478
v 0.155843 2.305352 0.005121
v 0.154707 2.251960 0.032202
v 0.151626 2.206599 0.055281
v 0.152656 2.306033 0.006099
v 0.151626 2.253670 0.032654
v 0.148877 2.210851 0.054434
v 0.064501 2.578452 -0.134014
v 0.073224 2.589867 -0.139918
v 0.083986 2.594014 -0.142210
v 0.064799 2.576074 -0.129520
v 0.073322 2.587107 -0.135228
v 0.083998 2.591117 -0.137450
v 0.065463 2.566671 -0.123552
v 0.073532 2.576514 -0.128652
v 0.084024 2.580141 -0.130679
v 0.251775 2.395452 -0.112640
v 0.201828 2.397344 -0.108452
v 0.176994 2.398937 -0.104126
v 0.251752 2.477820 -0.154364
v 0.201641 2.478410 -0.149574
v 0.176434 2.476619 -0.143654
v 0.251698 2.601717 -0.217134
v 0.201214 2.599509 -0.211072
v 0.175045 2.590062 -0.201602
v -0.716041 2.378520 -0.146138
v -0.716041 2.461074 -0.187947
v -0.716041 2.585371 -0.250899
v -0.568359 2.383444 -0.136417
v -0.568359 2.465997 -0.178227
v -0.568359 2.590294 -0.241178
v -0.418943 2.388411 -0.126608
v -0.418943 2.470964 -0.168418
v -0.418943 2.595262 -0.231369
v 0.464557 2.388411 -0.126608
v 0.464557 2.470964 -0.168418
v 0.464557 2.595262 -0.231369
v 0.613973 2.383444 -0.136417
v 0.613973 2.465997 -0.178227
v 0.613973 2.590294 -0.241178
v 0.761656 2.378520 -0.146138
v 0.761656 2.461073 -0.187947
v 0.761656 2.585371 -0.250899
v -0.130474 2.430753 -0.043006
v -0.130474 2.513306 -0.084816
v -0.130474 2.637603 -0.147767
v -0.158840 2.429950 -0.044589
v -0.158840 2.512504 -0.086399
v -0.158840 2.636801 -0.149351
v -0.210292 2.428337 -0.047775
v -0.210292 2.510890 -0.089585
v -0.210292 2.635187 -0.152537
v -0.064730 2.431867 -0.040804
v -0.064730 2.514421 -0.082614
v -0.064730 2.638718 -0.145566
v -0.081409 2.431658 -0.041218
v -0.081409 2.514211 -0.083028
v -0.081409 2.638508 -0.145980
v -0.097642 2.431412 -0.041703
v -0.097642 2.513966 -0.083513
v -0.097642 2.638263 -0.146464
v 0.004996 2.432330 -0.039890
v 0.004996 2.514884 -0.081700
v 0.004996 2.639181 -0.144651
v -0.012739 2.432272 -0.040005
v -0.012739 2.514825 -0.081815
v -0.012739 2.639122 -0.144766
v -0.030322 2.432175 -0.040196
v -0.030322 2.514729 -0.082006
v -0.030322 2.639025 -0.144958
v 0.075936 2.432175 -0.040196
v 0.075936 2.514729 -0.082006
v 0.075936 2.639025 -0.144958
v 0.058353 2.432272 -0.040005
v 0.058353 2.514825 -0.081815
v 0.058353 2.639122 -0.144766
v 0.040618 2.432330 -0.039890
v 0.040618 2.514884 -0.081700
v 0.040618 2.639181 -0.144651
v 0.143256 2.431412 -0.041703
v 0.143256 2.513966 -0.083513
v 0.143256 2.638263 -0.146464
v 0.127023 2.431658 -0.041218
v 0.127023 2.514211 -0.083028
v 0.127023 2.638508 -0.145980
v 0.110345 2.431867 -0.040804
v 0.110345 2.514421 -0.082614
v 0.110345 2.638718 -0.145566
v 0.255906 2.428337 -0.047775
v 0.255906 2.510890 -0.089585
v 0.255906 2.635187 -0.152537
v 0.204454 2.429950 -0.044589
v 0.204454 2.512504 -0.086399
v 0.204454 2.636801 -0.149351
v 0.176088 2.430753 -0.043006
v 0.176088 2.513306 -0.084816
v 0.176088 2.637603 -0.147767
v -0.721219 2.411420 -0.081177
v -0.573395 2.416348 -0.071447
v -0.423787 2.421321 -0.061627
v -0.721219 2.493973 -0.122987
v -0.573395 2.498901 -0.113257
v -0.423787 2.503875 -0.103437
v -0.721219 2.618270 -0.185939
v -0.573395 2.623198 -0.176209
v -0.423787 2.628171 -0.166389
v 0.469401 2.421321 -0.061627
v 0.619009 2.416348 -0.071447
v 0.766834 2.411420 -0.081177
v 0.469401 2.503875 -0.103437
v 0.619009 2.498901 -0.113257
v 0.766834 2.493973 -0.122987
v 0.469401 2.628171 -0.166389
v 0.619009 2.623198 -0.176209
v 0.766834 2.618270 -0.185939
v 0.022807 2.029285 0.082924
v 0.012915 2.051800 0.072568
v 0.022807 2.075262 0.060094
v 0.032699 2.051800 0.072568
v 0.029001 1.988605 0.103582
v 0.022807 1.915986 0.139998
v 0.016614 1.988605 0.103582
v 0.022807 2.646463 -0.229652
v 0.032699 2.624793 -0.217630
v 0.022807 2.600854 -0.206097
v 0.012915 2.624793 -0.217630
v 0.016614 2.687188 -0.250223
v 0.022807 2.759515 -0.287215
v 0.029001 2.687188 -0.250223
v 0.034099 2.510275 -0.157170
v 0.033452 2.454639 -0.128418
v 0.033161 2.397650 -0.099338
v 0.022807 2.505807 -0.156691
v 0.022807 2.452893 -0.129529
v 0.022807 2.396698 -0.100924
v 0.011516 2.510275 -0.157170
v 0.012162 2.454639 -0.128418
v 0.012453 2.397650 -0.099338
v 0.033161 2.281566 -0.040546
v 0.033452 2.224401 -0.011811
v 0.034099 2.168302 0.016026
v 0.022807 2.280849 -0.042252
v 0.022807 2.224539 -0.013876
v 0.022807 2.171332 0.012707
v 0.012453 2.281566 -0.040546
v 0.012162 2.224401 -0.011811
v 0.011516 2.168302 0.016026
v 0.136616 2.145896 0.083244
v 0.124105 2.134597 0.089378
v 0.110270 2.130545 0.091857
v 0.136152 2.150933 0.084002
v 0.123952 2.140013 0.089933
v 0.110251 2.136096 0.092339
v 0.135116 2.161325 0.079987
v 0.123624 2.151588 0.085295
v 0.110210 2.148050 0.087499
v 0.084024 2.206298 0.058831
v 0.073532 2.208045 0.058136
v 0.065463 2.211817 0.056341
v 0.083998 2.252822 0.035269
v 0.073322 2.253449 0.035143
v 0.064799 2.254677 0.034641
v 0.083986 2.306712 0.007976
v 0.073224 2.306858 0.008094
v 0.064501 2.307055 0.008117
v -0.064595 2.206033 0.058307
v -0.078010 2.207536 0.057133
v -0.089502 2.211110 0.054946
v -0.064636 2.252555 0.034743
v -0.078337 2.252935 0.034129
v -0.090537 2.253953 0.033213
v -0.064656 2.306445 0.007449
v -0.078490 2.306342 0.007075
v -0.091002 2.306324 0.006673
v -0.064656 2.421619 -0.050881
v -0.078490 2.421378 -0.051186
v -0.091002 2.421065 -0.051439
v -0.064636 2.475509 -0.078174
v -0.078337 2.474789 -0.078231
v -0.090537 2.473448 -0.077953
v -0.064595 2.522033 -0.101735
v -0.078010 2.520197 -0.101217
v -0.089502 2.516320 -0.099630
v -0.019849 2.211817 0.056341
v -0.027918 2.208045 0.058136
v -0.038410 2.206298 0.058831
v -0.019184 2.254677 0.034641
v -0.027708 2.253449 0.035143
v -0.038384 2.252822 0.035269
v -0.018886 2.307055 0.008117
v -0.027610 2.306858 0.008094
v -0.038372 2.306712 0.007976
v -0.018886 2.421796 -0.049995
v -0.027610 2.421894 -0.050167
v -0.038372 2.421885 -0.050355
v -0.019184 2.474172 -0.076524
v -0.027708 2.475302 -0.077217
v -0.038384 2.475775 -0.077648
v -0.019849 2.517026 -0.098235
v -0.027918 2.520705 -0.100214
v -0.038410 2.522299 -0.101211
v 0.136616 2.421065 -0.051439
v 0.124105 2.421378 -0.051186
v 0.110270 2.421619 -0.050881
v 0.136152 2.473448 -0.077953
v 0.123952 2.474789 -0.078231
v 0.110251 2.475509 -0.078174
v 0.135116 2.516320 -0.099630
v 0.123624 2.520197 -0.101217
v 0.110210 2.522033 -0.101735
v 0.083986 2.421885 -0.050355
v 0.073224 2.421894 -0.050167
v 0.064501 2.421796 -0.049995
v 0.083998 2.475775 -0.077648
v 0.073322 2.475302 -0.077217
v 0.064799 2.474172 -0.076524
v 0.084024 2.522299 -0.101211
v 0.073532 2.520705 -0.100214
v 0.065463 2.517026 -0.098235
v -0.008494 2.520587 -0.104590
v -0.006448 2.474073 -0.081010
v -0.005695 2.420186 -0.053710
v -0.009155 2.520241 -0.101130
v -0.007177 2.474846 -0.078117
v -0.006448 2.421441 -0.051062
v -0.010919 2.516997 -0.098293
v -0.009155 2.474148 -0.076572
v -0.008494 2.421773 -0.050039
v 0.083986 2.130811 0.092384
v 0.073224 2.135113 0.090397
v 0.064501 2.146627 0.084689
v 0.083998 2.136363 0.092864
v 0.073322 2.140527 0.090947
v 0.064799 2.151657 0.085431
v 0.084024 2.148316 0.088023
v 0.073532 2.152096 0.086298
v 0.065463 2.162032 0.081382
v -0.064656 2.130545 0.091857
v -0.078490 2.134597 0.089378
v -0.091002 2.145896 0.083244
v -0.064636 2.136096 0.092339
v -0.078337 2.140013 0.089933
v -0.090537 2.150933 0.084002
v -0.064595 2.148050 0.087499
v -0.078010 2.151588 0.085295
v -0.089502 2.161326 0.079987
v 0.054108 2.204587 0.055452
v 0.052063 2.251119 0.031907
v 0.051309 2.305012 0.004620
v 0.054769 2.207581 0.057220
v 0.052792 2.252993 0.034243
v 0.052063 2.306405 0.007199
v 0.056533 2.211788 0.056284
v 0.054769 2.254652 0.034594
v 0.054108 2.307032 0.008073
v -0.107042 2.203587 0.053478
v -0.110229 2.250067 0.029829
v -0.111403 2.303940 0.002504
v -0.106012 2.206599 0.055281
v -0.109093 2.251960 0.032202
v -0.110229 2.305352 0.005121
v -0.103263 2.210851 0.054434
v -0.106012 2.253670 0.032654
v -0.107042 2.306033 0.006099
v -0.005695 2.305012 0.004620
v -0.006448 2.251119 0.031907
v -0.008494 2.204587 0.055452
v -0.006448 2.306405 0.007199
v -0.007177 2.252993 0.034243
v -0.009155 2.207581 0.057220
v -0.008494 2.307032 0.008073
v -0.009155 2.254652 0.034594
v -0.010919 2.211788 0.056284
v 0.110270 2.593748 -0.142737
v 0.124105 2.589351 -0.140937
v 0.136616 2.577721 -0.135458
v 0.110251 2.590851 -0.137976
v 0.123952 2.586594 -0.136242
v 0.136152 2.575351 -0.130949
v 0.110210 2.579875 -0.131203
v 0.123624 2.576006 -0.129656
v 0.135116 2.565964 -0.124947
v -0.111403 2.419114 -0.055827
v -0.110229 2.473020 -0.083088
v -0.107042 2.519588 -0.106564
v -0.110229 2.420388 -0.053140
v -0.109093 2.473813 -0.080158
v -0.106012 2.519259 -0.103069
v -0.107042 2.420774 -0.052013
v -0.106012 2.473166 -0.078512
v -0.103263 2.516060 -0.100142
v 0.110043 2.684729 -0.229569
v 0.124647 2.678146 -0.226901
v 0.138600 2.655762 -0.216542
v 0.110207 2.614433 -0.181817
v 0.124304 2.609127 -0.179639
v 0.137290 2.593781 -0.172458
v 0.110264 2.591666 -0.158146
v 0.124149 2.587139 -0.156291
v 0.136758 2.574996 -0.150576
v 0.049751 2.176579 0.028194
v 0.047877 2.231426 0.000923
v 0.047211 2.288189 -0.027610
v 0.052760 2.189085 0.034476
v 0.050750 2.238408 0.009671
v 0.050019 2.293340 -0.018070
v 0.053857 2.197246 0.042679
v 0.051807 2.244267 0.018906
v 0.051053 2.298350 -0.008468
v 0.082592 2.017670 0.108947
v 0.070956 2.036922 0.099186
v 0.061208 2.073560 0.080263
v 0.083570 2.090208 0.084349
v 0.072527 2.098994 0.080020
v 0.063471 2.118010 0.070358
v 0.083932 2.120013 0.081389
v 0.073124 2.124892 0.079102
v 0.064335 2.137392 0.072875
v 0.138600 2.034352 0.098178
v 0.124647 2.012756 0.110092
v 0.110043 2.006710 0.113821
v 0.137290 2.106565 0.074297
v 0.124304 2.091695 0.082419
v 0.110207 2.086801 0.085408
v 0.136758 2.135321 0.072101
v 0.124149 2.123528 0.078509
v 0.110264 2.119354 0.081061
v 0.061208 2.618119 -0.195535
v 0.070956 2.655054 -0.213873
v 0.082592 2.674314 -0.223617
v 0.063471 2.583833 -0.165563
v 0.072527 2.602874 -0.175175
v 0.083570 2.611563 -0.179697
v 0.064335 2.574393 -0.148449
v 0.073124 2.586809 -0.154841
v 0.083932 2.591541 -0.157421
v 0.161094 2.285960 -0.029396
v 0.159967 2.221838 0.002914
v 0.156814 2.149576 0.039140
v 0.158342 2.291898 -0.020079
v 0.157173 2.234622 0.008898
v 0.153968 2.180159 0.036439
v 0.157330 2.297230 -0.010576
v 0.156151 2.242870 0.016986
v 0.152949 2.195253 0.041193
v 0.047211 2.404158 -0.086344
v 0.047877 2.460748 -0.115219
v 0.049751 2.515187 -0.143297
v 0.050019 2.408802 -0.076546
v 0.050750 2.463669 -0.104414
v 0.052760 2.512851 -0.129499
v 0.051053 2.413577 -0.066826
v 0.051807 2.467646 -0.094227
v 0.053857 2.514634 -0.118066
v 0.156814 2.539989 -0.158588
v 0.159967 2.468026 -0.121771
v 0.161094 2.404037 -0.089198
v 0.153968 2.519715 -0.135532
v 0.157173 2.465286 -0.107925
v 0.158342 2.408035 -0.078898
v 0.152949 2.514616 -0.120551
v 0.156151 2.466925 -0.096489
v 0.157330 2.412540 -0.068977
v -0.115479 2.404037 -0.089198
v -0.114353 2.468026 -0.121771
v -0.111200 2.539989 -0.158588
v -0.112728 2.408035 -0.078898
v -0.111558 2.465286 -0.107925
v -0.108354 2.519715 -0.135532
v -0.111716 2.412540 -0.068977
v -0.110537 2.466925 -0.096489
v -0.107334 2.514616 -0.120551
v -0.001596 2.288189 -0.027610
v -0.002263 2.231426 0.000923
v -0.004137 2.176579 0.028194
v -0.004405 2.293340 -0.018070
v -0.005136 2.238408 0.009671
v -0.007146 2.189085 0.034476
v -0.005439 2.298350 -0.008468
v -0.006193 2.244267 0.018906
v -0.008243 2.197246 0.042679
v -0.111200 2.149576 0.039140
v -0.114353 2.221838 0.002914
v -0.115479 2.285960 -0.029396
v -0.108354 2.180159 0.036439
v -0.111558 2.234622 0.008898
v -0.112728 2.291898 -0.020079
v -0.107334 2.195253 0.041193
v -0.110537 2.242870 0.016986
v -0.111716 2.297230 -0.010576
v -0.064429 2.006710 0.113821
v -0.079033 2.012756 0.110092
v -0.092985 2.034352 0.098178
v -0.064593 2.086801 0.085408
v -0.078689 2.091695 0.082419
v -0.091676 2.106565 0.074297
v -0.064650 2.119354 0.081061
v -0.078534 2.123528 0.078509
v -0.091144 2.135321 0.072101
v -0.004137 2.515187 -0.143297
v -0.002263 2.460748 -0.115219
v -0.001596 2.404158 -0.086344
v -0.007146 2.512851 -0.129499
v -0.005136 2.463669 -0.104414
v -0.004405 2.408802 -0.076546
v -0.008243 2.514634 -0.118066
v -0.006193 2.467646 -0.094227
v -0.005439 2.413577 -0.066826
v -0.036978 2.674314 -0.223617
v -0.025342 2.655054 -0.213873
v -0.015594 2.618119 -0.195535
v -0.037955 2.611563 -0.179697
v -0.026913 2.602874 -0.175175
v -0.017857 2.583833 -0.165563
v -0.038318 2.591541 -0.157421
v -0.027510 2.586809 -0.154841
v -0.018720 2.574393 -0.148449
v -0.092985 2.655762 -0.216542
v -0.079033 2.678146 -0.226901
v -0.064429 2.684729 -0.229569
v -0.091676 2.593781 -0.172458
v -0.078689 2.609127 -0.179639
v -0.064593 2.614433 -0.181816
v -0.091144 2.574996 -0.150576
v -0.078534 2.587139 -0.156291
v -0.064650 2.591666 -0.158146
v -0.015594 2.073560 0.080263
v -0.025342 2.036922 0.099186
v -0.036978 2.017670 0.108947
v -0.017857 2.118010 0.070358
v -0.026913 2.098994 0.080020
v -0.037955 2.090208 0.084349
v -0.018720 2.137392 0.072875
v -0.027510 2.124892 0.079102
v -0.038318 2.120013 0.081389
v 0.022808 2.566052 -0.019512
v 0.022808 2.607653 -0.082138
v 0.022808 2.617347 -0.141345
v 0.022808 2.609566 -0.166790
v 0.027922 2.498085 0.037401
v 0.032840 2.533543 0.010872
v 0.037372 2.563794 -0.018368
v 0.041344 2.587677 -0.049196
v 0.044605 2.604274 -0.080427
v 0.047027 2.612946 -0.110860
v 0.048519 2.613361 -0.139326
v 0.049023 2.605502 -0.164732
v 0.032840 2.495737 0.038590
v 0.042486 2.528937 0.013205
v 0.051376 2.557108 -0.014982
v 0.059169 2.579167 -0.044886
v 0.065564 2.594267 -0.075359
v 0.070316 2.601827 -0.105229
v 0.073242 2.601557 -0.133348
v 0.074230 2.593467 -0.158636
v 0.037372 2.491924 0.040522
v 0.051376 2.521458 0.016993
v 0.064283 2.546250 -0.009483
v 0.075596 2.565347 -0.037887
v 0.084880 2.578017 -0.067129
v 0.091779 2.583771 -0.096084
v 0.096027 2.582388 -0.123640
v 0.097462 2.573923 -0.148738
v 0.041344 2.486793 0.043120
v 0.059169 2.511392 0.022090
v 0.075596 2.531637 -0.002082
v 0.089994 2.546749 -0.028468
v 0.101811 2.556147 -0.056053
v 0.110591 2.559470 -0.083777
v 0.115998 2.556592 -0.110575
v 0.117824 2.547621 -0.135417
v 0.044605 2.480540 0.046287
v 0.065564 2.499128 0.028302
v 0.084880 2.513831 0.006936
v 0.101811 2.524087 -0.016990
v 0.115706 2.529499 -0.042557
v 0.126031 2.529861 -0.068781
v 0.132389 2.525158 -0.094655
v 0.134535 2.515571 -0.119185
v 0.022808 2.458784 0.060200
v 0.047027 2.473407 0.049900
v 0.070316 2.485135 0.035389
v 0.091779 2.493517 0.017224
v 0.110592 2.498232 -0.003896
v 0.126031 2.499097 -0.027159
v 0.137503 2.496080 -0.051672
v 0.144567 2.489296 -0.076492
v 0.146953 2.479007 -0.100667
v 0.048519 2.465667 0.053820
v 0.073242 2.469952 0.043078
v 0.096027 2.471475 0.028388
v 0.115998 2.470177 0.010313
v 0.132388 2.466108 -0.010452
v 0.144567 2.459425 -0.033108
v 0.152067 2.450383 -0.056785
v 0.154599 2.439332 -0.080573
v 0.049023 2.457617 0.057897
v 0.074230 2.454162 0.051075
v 0.097462 2.448552 0.039997
v 0.117824 2.441001 0.025089
v 0.134535 2.431801 0.006923
v 0.146953 2.421305 -0.013802
v 0.154599 2.409916 -0.036290
v 0.157181 2.398071 -0.059676
v 0.048519 2.449568 0.061973
v 0.073242 2.438373 0.059072
v 0.096027 2.425629 0.051607
v 0.115998 2.411826 0.039865
v 0.132388 2.397494 0.024299
v 0.144567 2.383185 0.005505
v 0.152067 2.369448 -0.015794
v 0.154599 2.356811 -0.038779
v 0.047027 2.441828 0.065893
v 0.070316 2.423190 0.066761
v 0.091779 2.403587 0.062770
v 0.110591 2.383771 0.054074
v 0.126031 2.364506 0.041006
v 0.137503 2.346530 0.024069
v 0.144567 2.330535 0.003913
v 0.146953 2.317136 -0.018686
v 0.044605 2.434694 0.069506
v 0.065564 2.409197 0.073848
v 0.084880 2.383272 0.073059
v 0.101811 2.357916 0.067168
v 0.115706 2.334104 0.056403
v 0.126031 2.312749 0.041178
v 0.132388 2.294673 0.022076
v 0.134535 2.280571 -0.000167
v 0.041344 2.428442 0.072673
v 0.059169 2.396932 0.080060
v 0.075596 2.365467 0.082077
v 0.089994 2.335254 0.078646
v 0.101811 2.307456 0.069900
v 0.110591 2.283139 0.056174
v 0.115998 2.263240 0.037996
v 0.117824 2.248522 0.016065
v 0.037372 2.423310 0.075272
v 0.051376 2.386867 0.085157
v 0.064283 2.350854 0.089477
v 0.075596 2.316656 0.088065
v 0.084880 2.285586 0.080976
v 0.091779 2.258840 0.068481
v 0.096027 2.237443 0.051061
v 0.097462 2.222220 0.029385
v 0.032840 2.419497 0.077203
v 0.042486 2.379388 0.088945
v 0.051376 2.339996 0.094976
v 0.059169 2.302836 0.095064
v 0.065564 2.269336 0.089206
v 0.070316 2.240783 0.077626
v 0.073242 2.218275 0.060769
v 0.074230 2.202676 0.039284
v 0.027922 2.417150 0.078392
v 0.032840 2.374782 0.091278
v 0.037372 2.333310 0.098363
v 0.041344 2.294326 0.099374
v 0.044605 2.259329 0.094274
v 0.047027 2.229664 0.083257
v 0.048519 2.206471 0.066747
v 0.049023 2.190640 0.045379
v 0.022808 2.416357 0.078793
v 0.022808 2.373227 0.092066
v 0.022808 2.331052 0.099506
v 0.022808 2.291452 0.100830
v 0.022808 2.255950 0.095985
v 0.022808 2.225909 0.085158
v 0.022808 2.202485 0.068766
v 0.022808 2.186577 0.047437
v 0.017693 2.417150 0.078392
v 0.012776 2.374782 0.091278
v 0.008243 2.333310 0.098363
v 0.004271 2.294326 0.099374
v 0.001011 2.259329 0.094274
v -0.001412 2.229664 0.083257
v -0.002904 2.206471 0.066747
v -0.003407 2.190641 0.045379
v 0.012776 2.419497 0.077203
v 0.003129 2.379388 0.088945
v -0.005761 2.339996 0.094976
v -0.013554 2.302836 0.095064
v -0.019949 2.269336 0.089206
v -0.024701 2.240783 0.077626
v -0.027627 2.218275 0.060769
v -0.028615 2.202676 0.039284
v 0.008243 2.423310 0.075272
v -0.005761 2.386867 0.085157
v -0.018668 2.350854 0.089477
v -0.029981 2.316656 0.088065
v -0.039265 2.285586 0.080975
v -0.046164 2.258840 0.068481
v -0.050412 2.237443 0.051061
v -0.051846 2.222220 0.029385
v 0.004271 2.428442 0.072673
v -0.013554 2.396932 0.080060
v -0.029981 2.365467 0.082076
v -0.044379 2.335254 0.078646
v -0.056196 2.307456 0.069900
v -0.064976 2.283139 0.056174
v -0.070383 2.263240 0.037996
v -0.072209 2.248522 0.016064
v 0.001011 2.434694 0.069506
v -0.019949 2.409197 0.073848
v -0.039265 2.383272 0.073059
v -0.056196 2.357916 0.067168
v -0.070091 2.334104 0.056403
v -0.080415 2.312749 0.041178
v -0.086773 2.294673 0.022076
v -0.088920 2.280571 -0.000167
v -0.001412 2.441828 0.065893
v -0.024701 2.423190 0.066761
v -0.046164 2.403587 0.062770
v -0.064976 2.383771 0.054074
v -0.080415 2.364506 0.041006
v -0.091888 2.346530 0.024069
v -0.098952 2.330535 0.003913
v -0.101337 2.317136 -0.018686
v -0.002904 2.449568 0.061973
v -0.027627 2.438373 0.059072
v -0.050412 2.425629 0.051607
v -0.070383 2.411826 0.039865
v -0.086773 2.397495 0.024298
v -0.098952 2.383185 0.005505
v -0.106452 2.369448 -0.015794
v -0.108984 2.356811 -0.038779
v -0.003407 2.457617 0.057897
v -0.028615 2.454162 0.051075
v -0.051846 2.448552 0.039997
v -0.072209 2.441001 0.025089
v -0.088920 2.431801 0.006923
v -0.101338 2.421305 -0.013802
v -0.108984 2.409916 -0.036290
v -0.111566 2.398071 -0.059676
v -0.002904 2.465667 0.053820
v -0.027627 2.469952 0.043078
v -0.050412 2.471475 0.028388
v -0.070383 2.470177 0.010313
v -0.086773 2.466108 -0.010452
v -0.098952 2.459425 -0.033108
v -0.106452 2.450383 -0.056785
v -0.108984 2.439332 -0.080573
v -0.001412 2.473407 0.049900
v -0.024701 2.485135 0.035389
v -0.046164 2.493517 0.017224
v -0.064976 2.498232 -0.003896
v -0.080415 2.499097 -0.027159
v -0.091888 2.496080 -0.051672
v -0.098952 2.489296 -0.076492
v -0.101337 2.479007 -0.100667
v 0.001011 2.480540 0.046287
v -0.019949 2.499128 0.028302
v -0.039265 2.513831 0.006936
v -0.056196 2.524087 -0.016990
v -0.070091 2.529499 -0.042557
v -0.080415 2.529861 -0.068781
v -0.086773 2.525158 -0.094655
v -0.088920 2.515571 -0.119185
v 0.004271 2.486793 0.043120
v -0.013554 2.511392 0.022090
v -0.029981 2.531637 -0.002082
v -0.044379 2.546749 -0.028468
v -0.056196 2.556147 -0.056053
v -0.064976 2.559470 -0.083777
v -0.070383 2.556592 -0.110575
v -0.072209 2.547621 -0.135417
v 0.008243 2.491924 0.040522
v -0.005761 2.521458 0.016993
v -0.018668 2.546250 -0.009483
v -0.029981 2.565347 -0.037887
v -0.039265 2.578016 -0.067129
v -0.046164 2.583770 -0.096084
v -0.050412 2.582388 -0.123640
v -0.051846 2.573923 -0.148738
v 0.012776 2.495737 0.038590
v 0.003129 2.528937 0.013205
v -0.005761 2.557108 -0.014982
v -0.013554 2.579167 -0.044886
v -0.019949 2.594267 -0.075359
v -0.024701 2.601827 -0.105229
v -0.027627 2.601557 -0.133348
v -0.028615 2.593467 -0.158636
v 0.017693 2.498085 0.037401
v 0.012776 2.533543 0.010872
v 0.008243 2.563794 -0.018368
v 0.004271 2.587677 -0.049196
v 0.001011 2.604274 -0.080427
v -0.001412 2.612946 -0.110860
v -0.002904 2.613361 -0.139326
v -0.003407 2.605502 -0.164732
v 0.022808 2.498878 0.037000
v 0.022808 2.535098 0.010084
v 0.022808 2.590551 -0.050652
v 0.022808 2.616700 -0.112762
vn 0.0734 0.4506 0.8897
vn 0.0736 0.4506 0.8897
vn 0.0730 0.4506 0.8897
vn 0.0737 0.4506 0.8897
vn -0.0736 0.4506 0.8897
vn -0.0734 0.4506 0.8897
vn -0.0737 0.4506 0.8897
vn -0.0730 0.4506 0.8897
vn 0.0692 0.4507 0.8900
vn 0.0625 0.4509 0.8904
vn 0.0719 0.4506 0.8898
vn 0.0490 0.4513 0.8910
vn 0.0335 0.4516 0.8916
vn 0.0278 0.4516 0.8918
vn 0.0395 0.4515 0.8914
vn 0.0224 0.4517 0.8919
vn 0.0122 0.4518 0.8920
vn 0.0073 0.4518 0.8921
vn 0.0172 0.4518 0.8920
vn 0.0024 0.4518 0.8921
vn -0.0073 0.4518 0.8921
vn -0.0122 0.4518 0.8920
vn -0.0024 0.4518 0.8921
vn -0.0172 0.4518 0.8920
vn -0.0278 0.4516 0.8918
vn -0.0335 0.4516 0.8916
vn -0.0224 0.4517 0.8919
vn -0.0395 0.4515 0.8914
vn -0.0625 0.4509 0.8904
vn -0.0692 0.4507 0.8900
vn -0.0490 0.4513 0.8910
vn -0.0719 0.4506 0.8898
vn -0.0734 -0.4506 -0.8897
vn -0.0736 -0.4506 -0.8897
vn -0.0730 -0.4506 -0.8897
vn -0.0737 -0.4506 -0.8897
vn 0.0736 -0.4506 -0.8897
vn 0.0734 -0.4506 -0.8897
vn 0.0737 -0.4506 -0.8897
vn 0.0730 -0.4506 -0.8897
vn -0.0740 -0.4510 -0.8895
vn -0.0833 -0.4518 -0.8882
vn -0.0706 -0.4509 -0.8898
vn -0.0681 -0.4514 -0.8897
vn -0.0728 -0.4507 -0.8897
vn -0.0792 -0.4510 -0.8890
vn -0.1106 -0.4515 -0.8854
vn -0.2041 -0.4506 -0.8691
vn -0.0955 -0.4533 -0.8862
vn -0.0601 -0.4524 -0.8898
vn -0.0503 -0.4515 -0.8909
vn -0.0632 -0.4510 -0.8903
vn -0.0695 -0.4508 -0.8899
vn -0.0720 -0.4507 -0.8898
vn -0.0721 -0.4507 -0.8898
vn -0.0723 -0.4507 -0.8897
vn -0.0576 -0.4582 -0.8870
vn -0.0322 -0.4595 -0.8876
vn -0.0390 -0.4541 -0.8901
vn -0.0281 -0.4545 -0.8903
vn -0.1649 -0.4598 -0.8726
vn -0.0982 -0.4674 -0.8786
vn -0.0440 -0.4705 -0.8813
vn -0.0056 -0.4717 -0.8818
vn -0.0119 -0.4601 -0.8878
vn -0.0185 -0.4547 -0.8905
vn -0.0219 -0.4522 -0.8916
vn -0.0277 -0.4521 -0.8915
vn -0.0340 -0.4520 -0.8914
vn -0.0405 -0.4518 -0.8912
vn -0.0493 -0.4533 -0.8900
vn -0.0810 -0.4559 -0.8863
vn -0.0293 -0.4516 -0.8917
vn -0.0274 -0.4517 -0.8918
vn -0.0275 -0.4517 -0.8918
vn -0.0303 -0.4516 -0.8917
vn -0.0292 -0.4516 -0.8917
vn -0.0245 -0.4517 -0.8918
vn -0.0275 -0.4516 -0.8918
vn -0.0304 -0.4516 -0.8917
vn 0.0475 -0.4593 -0.8870
vn 0.1433 -0.4536 -0.8796
vn 0.0401 -0.4529 -0.8907
vn 0.0131 -0.4528 -0.8915
vn 0.0059 -0.4540 -0.8910
vn 0.0273 -0.4722 -0.8811
vn 0.1103 -0.4702 -0.8756
vn 0.0070 -0.4602 -0.8878
vn 0.3767 -0.4384 -0.8161
vn 0.1818 -0.4506 -0.8740
vn 0.2702 -0.4556 -0.8482
vn 0.0088 -0.4519 -0.8920
vn 0.0048 -0.4520 -0.8920
vn 0.0604 -0.4525 -0.8897
vn -0.0020 -0.4519 -0.8921
vn -0.0053 -0.4520 -0.8920
vn 0.0005 -0.4519 -0.8920
vn -0.0162 -0.4522 -0.8918
vn -0.0091 -0.4546 -0.8906
vn -0.0103 -0.4521 -0.8919
vn 0.0322 -0.4595 -0.8876
vn 0.0576 -0.4582 -0.8870
vn 0.0281 -0.4545 -0.8903
vn 0.0390 -0.4541 -0.8901
vn 0.0056 -0.4717 -0.8818
vn 0.0440 -0.4705 -0.8813
vn 0.0982 -0.4674 -0.8786
vn 0.1649 -0.4598 -0.8726
vn 0.0810 -0.4559 -0.8863
vn 0.0493 -0.4533 -0.8900
vn 0.0405 -0.4518 -0.8912
vn 0.0340 -0.4520 -0.8914
vn 0.0277 -0.4521 -0.8915
vn 0.0219 -0.4522 -0.8916
vn 0.0185 -0.4547 -0.8905
vn 0.0119 -0.4601 -0.8878
vn 0.0833 -0.4518 -0.8882
vn 0.0740 -0.4510 -0.8895
vn 0.0681 -0.4514 -0.8897
vn 0.0706 -0.4509 -0.8898
vn 0.2041 -0.4506 -0.8691
vn 0.1106 -0.4515 -0.8854
vn 0.0792 -0.4510 -0.8890
vn 0.0728 -0.4507 -0.8897
vn 0.0723 -0.4507 -0.8897
vn 0.0721 -0.4507 -0.8898
vn 0.0720 -0.4507 -0.8898
vn 0.0695 -0.4508 -0.8899
vn 0.0632 -0.4510 -0.8903
vn 0.0503 -0.4515 -0.8909
vn 0.0601 -0.4524 -0.8898
vn 0.0955 -0.4533 -0.8862
vn -0.0886 -0.4494 -0.8889
vn -0.1650 -0.4426 -0.8814
vn -0.0909 -0.4495 -0.8886
vn -0.1778 -0.4429 -0.8788
vn -0.0732 -0.4505 -0.8898
vn -0.0845 -0.4495 -0.8893
vn -0.1413 -0.4443 -0.8847
vn -0.3395 -0.4133 -0.8449
vn -0.4591 -0.3908 -0.7978
vn -0.5055 -0.3840 -0.7727
vn -0.5171 -0.3857 -0.7641
vn -0.1818 -0.4440 -0.8774
vn -0.0916 -0.4498 -0.8884
vn -0.0738 -0.4506 -0.8897
vn -0.0738 -0.4505 -0.8897
vn -0.0736 -0.4505 -0.8897
vn -0.6107 0.0744 -0.7883
vn -0.2125 0.0893 -0.9731
vn -0.1103 -0.3700 -0.9225
vn -0.0191 -0.3742 -0.9271
vn -0.9682 0.2065 -0.1414
vn -0.8256 0.4706 -0.3114
vn -0.3996 0.7641 -0.5064
vn -0.0514 0.8316 -0.5530
vn -0.0109 0.0852 -0.9963
vn 0.0159 -0.3755 -0.9267
vn 0.0199 -0.4462 -0.8947
vn 0.0139 -0.4461 -0.8949
vn 0.0047 -0.4458 -0.8951
vn -0.0153 -0.4443 -0.8957
vn -0.2887 -0.3618 -0.8864
vn -0.8831 0.0176 -0.4689
vn 0.0059 -0.4496 -0.8932
vn 0.0131 -0.4507 -0.8926
vn 0.0401 -0.4501 -0.8921
vn 0.1433 -0.4407 -0.8861
vn 0.0475 -0.4433 -0.8951
vn -0.0162 -0.4513 -0.8922
vn -0.0103 -0.4514 -0.8922
vn -0.0091 -0.4490 -0.8935
vn -0.0020 -0.4518 -0.8921
vn 0.0005 -0.4517 -0.8922
vn -0.0053 -0.4516 -0.8922
vn 0.0088 -0.4517 -0.8921
vn 0.0604 -0.4495 -0.8912
vn 0.0048 -0.4517 -0.8922
vn 0.3767 -0.3985 -0.8363
vn 0.2702 -0.4141 -0.8692
vn 0.1818 -0.4379 -0.8804
vn 0.0273 -0.4308 -0.9020
vn 0.0070 -0.4434 -0.8963
vn 0.1103 -0.4277 -0.8972
vn 0.4942 -0.7449 -0.4482
vn 0.1989 -0.8395 -0.5057
vn 0.1145 -0.5241 -0.8439
vn 0.0546 -0.5252 -0.8492
vn 0.9298 -0.3475 0.1216
vn 0.7155 -0.6557 0.2411
vn 0.3250 -0.8876 0.3263
vn 0.0517 -0.9378 0.3432
vn 0.0463 -0.8527 -0.5203
vn 0.0282 -0.5247 -0.8508
vn 0.0247 -0.4572 -0.8890
vn 0.0291 -0.4572 -0.8889
vn 0.0349 -0.4576 -0.8885
vn 0.0470 -0.4587 -0.8874
vn 0.2267 -0.5088 -0.8305
vn 0.7821 -0.5151 -0.3507
vn -0.2125 -0.8373 -0.5038
vn -0.6107 -0.6795 -0.4065
vn -0.0191 -0.5260 -0.8503
vn -0.1103 -0.5247 -0.8441
vn -0.0514 -0.9379 0.3432
vn -0.3996 -0.8604 0.3164
vn -0.8256 -0.5295 0.1951
vn -0.9682 -0.2362 0.0828
vn -0.8831 -0.3884 -0.2633
vn -0.2887 -0.5005 -0.8162
vn -0.0153 -0.4592 -0.8882
vn 0.0047 -0.4578 -0.8890
vn 0.0139 -0.4574 -0.8892
vn 0.0199 -0.4572 -0.8891
vn 0.0159 -0.5249 -0.8510
vn -0.0109 -0.8536 -0.5208
vn 0.1650 -0.4426 -0.8814
vn 0.0886 -0.4494 -0.8889
vn 0.1778 -0.4429 -0.8788
vn 0.0909 -0.4495 -0.8886
vn 0.3395 -0.4133 -0.8449
vn 0.1413 -0.4443 -0.8847
vn 0.0845 -0.4495 -0.8893
vn 0.0732 -0.4505 -0.8898
vn 0.0736 -0.4505 -0.8897
vn 0.0738 -0.4505 -0.8897
vn 0.0738 -0.4506 -0.8897
vn 0.0916 -0.4498 -0.8884
vn 0.1818 -0.4440 -0.8774
vn 0.5171 -0.3857 -0.7641
vn 0.5055 -0.3840 -0.7727
vn 0.4591 -0.3908 -0.7978
vn -0.0070 -0.5498 -0.8353
vn -0.0490 -0.5496 -0.8340
vn -0.0646 -0.4649 -0.8830
vn -0.0703 -0.4645 -0.8828
vn 0.7158 -0.6810 -0.1544
vn 0.4063 -0.9060 -0.1186
vn 0.1375 -0.9844 -0.1097
vn -0.0097 -0.9942 -0.1074
vn -0.0686 -0.5480 -0.8337
vn -0.0725 -0.4642 -0.8827
vn -0.0729 -0.4516 -0.8892
vn -0.0732 -0.4516 -0.8892
vn -0.0730 -0.4517 -0.8892
vn -0.0720 -0.4520 -0.8891
vn -0.0535 -0.4643 -0.8841
vn 0.0644 -0.5369 -0.8412
vn -0.0689 -0.5478 -0.8338
vn -0.0622 -0.5480 -0.8342
vn -0.0693 -0.4643 -0.8829
vn -0.0626 -0.4645 -0.8833
vn -0.0393 -0.9935 -0.1068
vn -0.0378 -0.9936 -0.1069
vn -0.0341 -0.9937 -0.1071
vn -0.0268 -0.9938 -0.1075
vn -0.0488 -0.5483 -0.8348
vn -0.0491 -0.4649 -0.8840
vn -0.0491 -0.4523 -0.8905
vn -0.0626 -0.4519 -0.8899
vn -0.0693 -0.4517 -0.8895
vn -0.0720 -0.4516 -0.8893
vn -0.0719 -0.4642 -0.8828
vn -0.0715 -0.5477 -0.8336
vn -0.0825 0.4644 0.8818
vn -0.0765 0.4643 0.8824
vn -0.1388 0.5454 0.8266
vn -0.0967 0.5480 0.8309
vn -0.0753 0.4519 0.8889
vn -0.0742 0.4517 0.8891
vn -0.0736 0.4516 0.8892
vn -0.0730 0.4516 0.8892
vn -0.0735 0.4642 0.8827
vn -0.0764 0.5477 0.8331
vn -0.0697 0.9921 0.1040
vn -0.2152 0.9726 0.0882
vn -0.4767 0.8768 0.0633
vn -0.7726 0.6321 0.0590
vn -0.2095 0.5278 0.8232
vn -0.0938 0.4629 0.8814
vn 0.0825 0.4361 0.8961
vn 0.0765 0.4366 0.8964
vn 0.1388 0.3437 0.9288
vn 0.0967 0.3455 0.9334
vn 0.0753 0.4492 0.8903
vn 0.0742 0.4495 0.8902
vn 0.0736 0.4496 0.8902
vn 0.0730 0.4496 0.8902
vn 0.0735 0.4369 0.8965
vn 0.0764 0.3475 0.9345
vn 0.0697 -0.5033 0.8613
vn 0.2152 -0.5044 0.8362
vn 0.4767 -0.4678 0.7442
vn 0.7726 -0.3265 0.5445
vn 0.2095 0.3513 0.9125
vn 0.0938 0.4366 0.8947
vn 0.0625 0.4645 0.8834
vn 0.0692 0.4643 0.8830
vn 0.0621 0.5480 0.8342
vn 0.0688 0.5478 0.8338
vn 0.0490 0.4523 0.8905
vn 0.0625 0.4519 0.8899
vn 0.0692 0.4517 0.8895
vn 0.0719 0.4516 0.8893
vn 0.0719 0.4642 0.8828
vn 0.0715 0.5477 0.8336
vn 0.0392 0.9935 0.1068
vn 0.0378 0.9936 0.1069
vn 0.0341 0.9937 0.1071
vn 0.0267 0.9939 0.1074
vn 0.0487 0.5483 0.8348
vn 0.0490 0.4649 0.8840
vn 0.0278 0.4652 0.8848
vn 0.0335 0.4652 0.8846
vn 0.0276 0.5487 0.8356
vn 0.0332 0.5486 0.8354
vn 0.0224 0.4527 0.8914
vn 0.0278 0.4526 0.8913
vn 0.0335 0.4526 0.8911
vn 0.0395 0.4525 0.8909
vn 0.0395 0.4651 0.8844
vn 0.0392 0.5485 0.8352
vn 0.0215 0.9940 0.1077
vn 0.0183 0.9940 0.1078
vn 0.0152 0.9941 0.1078
vn 0.0122 0.9941 0.1079
vn 0.0223 0.5488 0.8357
vn 0.0224 0.4653 0.8849
vn 0.0073 0.4654 0.8851
vn 0.0122 0.4654 0.8850
vn 0.0072 0.5489 0.8359
vn 0.0121 0.5488 0.8358
vn 0.0024 0.4528 0.8916
vn 0.0073 0.4528 0.8916
vn 0.0122 0.4528 0.8915
vn 0.0172 0.4528 0.8915
vn 0.0172 0.4653 0.8850
vn 0.0171 0.5488 0.8358
vn 0.0094 0.9941 0.1080
vn 0.0067 0.9941 0.1080
vn 0.0040 0.9941 0.1080
vn 0.0013 0.9941 0.1080
vn 0.0024 0.5489 0.8359
vn 0.0024 0.4654 0.8851
vn -0.0122 0.4654 0.8850
vn -0.0073 0.4654 0.8851
vn -0.0121 0.5488 0.8358
vn -0.0072 0.5489 0.8359
vn -0.0172 0.4528 0.8915
vn -0.0122 0.4528 0.8915
vn -0.0073 0.4528 0.8916
vn -0.0024 0.4528 0.8916
vn -0.0024 0.4654 0.8851
vn -0.0024 0.5489 0.8359
vn -0.0013 0.9941 0.1080
vn -0.0040 0.9941 0.1080
vn -0.0067 0.9941 0.1080
vn -0.0094 0.9941 0.1080
vn -0.0171 0.5488 0.8358
vn -0.0172 0.4653 0.8850
vn -0.0335 0.4652 0.8846
vn -0.0278 0.4652 0.8848
vn -0.0332 0.5486 0.8354
vn -0.0276 0.5487 0.8356
vn -0.0395 0.4525 0.8909
vn -0.0335 0.4526 0.8911
vn -0.0278 0.4526 0.8913
vn -0.0224 0.4527 0.8914
vn -0.0224 0.4653 0.8849
vn -0.0223 0.5488 0.8357
vn -0.0122 0.9941 0.1079
vn -0.0152 0.9941 0.1078
vn -0.0183 0.9940 0.1078
vn -0.0215 0.9940 0.1077
vn -0.0392 0.5485 0.8352
vn -0.0395 0.4651 0.8844
vn -0.0692 0.4643 0.8830
vn -0.0625 0.4645 0.8834
vn -0.0688 0.5478 0.8338
vn -0.0621 0.5480 0.8342
vn -0.0719 0.4516 0.8893
vn -0.0692 0.4517 0.8895
vn -0.0625 0.4519 0.8899
vn -0.0490 0.4523 0.8905
vn -0.0490 0.4649 0.8840
vn -0.0487 0.5483 0.8348
vn -0.0267 0.9939 0.1075
vn -0.0341 0.9937 0.1071
vn -0.0378 0.9936 0.1069
vn -0.0392 0.9935 0.1068
vn -0.0715 0.5477 0.8336
vn -0.0719 0.4642 0.8828
vn 0.0692 0.4370 0.8968
vn 0.0625 0.4372 0.8972
vn 0.0688 0.3480 0.9350
vn 0.0621 0.3482 0.9354
vn 0.0719 0.4496 0.8903
vn 0.0692 0.4497 0.8905
vn 0.0625 0.4499 0.8909
vn 0.0490 0.4503 0.8915
vn 0.0490 0.4376 0.8978
vn 0.0487 0.3485 0.9360
vn 0.0267 -0.5015 0.8648
vn 0.0341 -0.5016 0.8644
vn 0.0378 -0.5017 0.8642
vn 0.0392 -0.5018 0.8641
vn 0.0715 0.3479 0.9348
vn 0.0719 0.4370 0.8966
vn 0.0335 0.4379 0.8984
vn 0.0278 0.4379 0.8986
vn 0.0332 0.3488 0.9366
vn 0.0276 0.3489 0.9368
vn 0.0395 0.4505 0.8919
vn 0.0335 0.4506 0.8921
vn 0.0278 0.4506 0.8923
vn 0.0224 0.4507 0.8924
vn 0.0224 0.4380 0.8987
vn 0.0223 0.3490 0.9369
vn 0.0122 -0.5012 0.8652
vn 0.0152 -0.5013 0.8652
vn 0.0183 -0.5013 0.8651
vn 0.0215 -0.5014 0.8650
vn 0.0392 0.3487 0.9364
vn 0.0395 0.4378 0.8982
vn 0.0122 0.4381 0.8988
vn 0.0073 0.4381 0.8989
vn 0.0121 0.3490 0.9370
vn 0.0072 0.3491 0.9371
vn 0.0172 0.4507 0.8925
vn 0.0122 0.4508 0.8926
vn 0.0073 0.4508 0.8926
vn 0.0024 0.4508 0.8926
vn 0.0024 0.4381 0.8989
vn 0.0024 0.3491 0.9371
vn 0.0013 -0.5012 0.8654
vn 0.0040 -0.5012 0.8654
vn 0.0067 -0.5012 0.8653
vn 0.0094 -0.5012 0.8653
vn 0.0171 0.3490 0.9370
vn 0.0172 0.4381 0.8988
vn -0.0073 0.4381 0.8989
vn -0.0122 0.4381 0.8988
vn -0.0072 0.3491 0.9371
vn -0.0121 0.3490 0.9370
vn -0.0024 0.4508 0.8926
vn -0.0073 0.4508 0.8926
vn -0.0122 0.4508 0.8926
vn -0.0172 0.4507 0.8925
vn -0.0172 0.4381 0.8988
vn -0.0171 0.3490 0.9370
vn -0.0094 -0.5012 0.8653
vn -0.0067 -0.5012 0.8653
vn -0.0040 -0.5012 0.8654
vn -0.0013 -0.5012 0.8654
vn -0.0024 0.3491 0.9371
vn -0.0024 0.4381 0.8989
vn -0.0278 0.4379 0.8986
vn -0.0335 0.4379 0.8984
vn -0.0276 0.3489 0.9368
vn -0.0332 0.3488 0.9366
vn -0.0224 0.4507 0.8924
vn -0.0278 0.4506 0.8923
vn -0.0335 0.4506 0.8921
vn -0.0395 0.4505 0.8919
vn -0.0395 0.4378 0.8982
vn -0.0392 0.3487 0.9364
vn -0.0215 -0.5014 0.8650
vn -0.0183 -0.5013 0.8651
vn -0.0152 -0.5013 0.8652
vn -0.0122 -0.5012 0.8652
vn -0.0223 0.3490 0.9369
vn -0.0224 0.4380 0.8987
vn -0.0625 0.4372 0.8972
vn -0.0692 0.4370 0.8968
vn -0.0621 0.3482 0.9354
vn -0.0688 0.3480 0.9350
vn -0.0490 0.4503 0.8915
vn -0.0625 0.4499 0.8909
vn -0.0692 0.4497 0.8905
vn -0.0719 0.4496 0.8903
vn -0.0719 0.4370 0.8966
vn -0.0715 0.3479 0.9348
vn -0.0392 -0.5018 0.8641
vn -0.0378 -0.5017 0.8642
vn -0.0341 -0.5016 0.8644
vn -0.0267 -0.5015 0.8648
vn -0.0487 0.3485 0.9360
vn -0.0490 0.4376 0.8978
vn 0.1074 0.4480 0.8876
vn 0.1080 0.4455 0.8887
vn 0.3123 0.4198 0.8522
vn 0.3119 0.4028 0.8605
vn 0.0761 0.4505 0.8895
vn 0.0762 0.4504 0.8896
vn 0.0764 0.4503 0.8896
vn 0.0770 0.4498 0.8898
vn 0.1057 0.4410 0.8913
vn 0.2845 0.3767 0.8816
vn 0.9336 -0.1300 0.3339
vn 0.9706 -0.0091 0.2407
vn 0.9765 0.0578 0.2075
vn 0.9767 0.0907 0.1944
vn 0.3097 0.4281 0.8490
vn 0.1069 0.4490 0.8871
vn -0.1069 0.4492 0.8870
vn -0.3093 0.4297 0.8484
vn -0.0761 0.4505 0.8895
vn -0.9766 0.0971 0.1918
vn -0.9766 0.0972 0.1918
vn -0.1074 0.4505 0.8863
vn -0.1080 0.4528 0.8850
vn -0.3123 0.4386 0.8427
vn -0.3119 0.4554 0.8339
vn -0.0762 0.4506 0.8895
vn -0.0764 0.4507 0.8894
vn -0.0770 0.4512 0.8891
vn -0.1057 0.4575 0.8829
vn -0.2845 0.4878 0.8253
vn -0.9336 0.3461 0.0928
vn -0.9706 0.1994 0.1351
vn -0.9765 0.1331 0.1693
vn -0.9767 0.1031 0.1882
vn -0.3097 0.4311 0.8475
vn -0.1069 0.4494 0.8869
vn 0.1069 0.4492 0.8870
vn 0.3093 0.4297 0.8484
vn 0.9766 0.0971 0.1918
vn 0.9766 0.0972 0.1918
vn 0.1663 -0.4455 -0.8797
vn -0.0404 -0.4514 -0.8914
vn 0.9345 -0.1609 -0.3176
vn -0.0713 -0.4507 -0.8898
vn -0.0490 -0.3471 -0.9365
vn -0.0070 -0.3480 -0.9375
vn -0.0703 -0.4368 -0.8968
vn -0.0646 -0.4367 -0.8973
vn -0.0097 0.5016 -0.8650
vn 0.1375 0.4941 -0.8585
vn 0.4063 0.4405 -0.8006
vn 0.7158 0.2785 -0.6403
vn 0.0644 -0.3604 -0.9306
vn -0.0535 -0.4380 -0.8974
vn -0.0720 -0.4493 -0.8905
vn -0.0730 -0.4495 -0.8903
vn -0.0732 -0.4496 -0.8902
vn -0.0729 -0.4496 -0.8902
vn -0.0725 -0.4369 -0.8966
vn -0.0686 -0.3478 -0.9351
vn -0.1663 -0.4455 -0.8797
vn 0.0404 -0.4514 -0.8914
vn -0.9345 -0.1609 -0.3176
vn 0.0713 -0.4507 -0.8898
vn 0.0070 -0.3480 -0.9375
vn 0.0490 -0.3471 -0.9365
vn 0.0646 -0.4367 -0.8973
vn 0.0703 -0.4368 -0.8968
vn -0.7158 0.2785 -0.6403
vn -0.4063 0.4405 -0.8006
vn -0.1375 0.4941 -0.8585
vn 0.0097 0.5017 -0.8650
vn 0.0686 -0.3478 -0.9351
vn 0.0725 -0.4369 -0.8966
vn 0.0729 -0.4496 -0.8902
vn 0.0732 -0.4496 -0.8902
vn 0.0730 -0.4495 -0.8903
vn 0.0720 -0.4493 -0.8905
vn 0.0535 -0.4380 -0.8974
vn -0.0644 -0.3604 -0.9306
vn -0.0342 -0.5482 -0.8356
vn -0.0302 -0.5471 -0.8365
vn -0.0340 -0.4651 -0.8846
vn -0.0291 -0.4650 -0.8848
vn -0.0216 -0.9939 -0.1079
vn -0.0191 -0.9938 -0.1098
vn -0.0175 -0.9932 -0.1155
vn -0.0167 -0.9917 -0.1277
vn -0.0270 -0.5448 -0.8382
vn -0.0249 -0.4647 -0.8851
vn -0.0228 -0.4527 -0.8914
vn -0.0280 -0.4526 -0.8913
vn -0.0335 -0.4526 -0.8911
vn -0.0395 -0.4525 -0.8909
vn -0.0395 -0.4650 -0.8844
vn -0.0393 -0.5485 -0.8352
vn 0.0689 -0.3480 -0.9350
vn 0.0622 -0.3482 -0.9354
vn 0.0693 -0.4370 -0.8968
vn 0.0626 -0.4372 -0.8972
vn 0.0393 0.5018 -0.8641
vn 0.0378 0.5017 -0.8642
vn 0.0341 0.5016 -0.8644
vn 0.0268 0.5014 -0.8648
vn 0.0488 -0.3485 -0.9360
vn 0.0491 -0.4376 -0.8978
vn 0.0491 -0.4503 -0.8915
vn 0.0626 -0.4499 -0.8909
vn 0.0693 -0.4497 -0.8905
vn 0.0720 -0.4496 -0.8903
vn 0.0719 -0.4370 -0.8966
vn 0.0715 -0.3479 -0.9348
vn 0.0302 -0.5471 -0.8365
vn 0.0342 -0.5482 -0.8356
vn 0.0291 -0.4650 -0.8848
vn 0.0340 -0.4651 -0.8846
vn 0.0167 -0.9917 -0.1277
vn 0.0175 -0.9932 -0.1155
vn 0.0191 -0.9938 -0.1097
vn 0.0216 -0.9939 -0.1079
vn 0.0393 -0.5485 -0.8352
vn 0.0395 -0.4650 -0.8844
vn 0.0395 -0.4525 -0.8909
vn 0.0335 -0.4526 -0.8911
vn 0.0280 -0.4526 -0.8913
vn 0.0228 -0.4527 -0.8914
vn 0.0249 -0.4647 -0.8851
vn 0.0270 -0.5448 -0.8382
vn 0.0056 -0.5375 -0.8433
vn 0.0159 -0.5381 -0.8427
vn 0.0064 -0.4637 -0.8859
vn 0.0142 -0.4638 -0.8858
vn -0.0004 -0.9869 -0.1616
vn 0.0029 -0.9858 -0.1681
vn 0.0106 -0.9863 -0.1644
vn 0.0156 -0.9891 -0.1467
vn 0.0235 -0.5412 -0.8406
vn 0.0206 -0.4642 -0.8855
vn 0.0178 -0.4527 -0.8915
vn 0.0126 -0.4527 -0.8916
vn 0.0071 -0.4527 -0.8916
vn 0.0022 -0.4527 -0.8917
vn 0.0013 -0.4639 -0.8859
vn 0.0003 -0.5386 -0.8425
vn -0.0159 -0.5381 -0.8427
vn -0.0056 -0.5375 -0.8433
vn -0.0142 -0.4638 -0.8858
vn -0.0064 -0.4637 -0.8859
vn -0.0156 -0.9891 -0.1467
vn -0.0106 -0.9863 -0.1644
vn -0.0029 -0.9858 -0.1681
vn 0.0004 -0.9869 -0.1616
vn -0.0003 -0.5386 -0.8425
vn -0.0013 -0.4639 -0.8859
vn -0.0022 -0.4527 -0.8917
vn -0.0071 -0.4527 -0.8916
vn -0.0126 -0.4527 -0.8916
vn -0.0178 -0.4527 -0.8915
vn -0.0206 -0.4642 -0.8855
vn -0.0235 -0.5412 -0.8406
vn 0.0622 -0.5480 -0.8342
vn 0.0689 -0.5478 -0.8338
vn 0.0626 -0.4645 -0.8833
vn 0.0693 -0.4643 -0.8829
vn 0.0268 -0.9938 -0.1075
vn 0.0341 -0.9937 -0.1071
vn 0.0378 -0.9936 -0.1069
vn 0.0393 -0.9935 -0.1068
vn 0.0715 -0.5477 -0.8336
vn 0.0719 -0.4642 -0.8828
vn 0.0720 -0.4516 -0.8893
vn 0.0693 -0.4517 -0.8895
vn 0.0626 -0.4519 -0.8899
vn 0.0491 -0.4523 -0.8905
vn 0.0491 -0.4649 -0.8840
vn 0.0488 -0.5483 -0.8348
vn -0.0622 -0.3482 -0.9354
vn -0.0689 -0.3480 -0.9350
vn -0.0626 -0.4372 -0.8972
vn -0.0693 -0.4370 -0.8968
vn -0.0268 0.5014 -0.8648
vn -0.0341 0.5016 -0.8644
vn -0.0378 0.5017 -0.8642
vn -0.0393 0.5018 -0.8641
vn -0.0715 -0.3479 -0.9348
vn -0.0719 -0.4370 -0.8966
vn -0.0720 -0.4496 -0.8903
vn -0.0693 -0.4497 -0.8905
vn -0.0626 -0.4499 -0.8909
vn -0.0491 -0.4503 -0.8915
vn -0.0491 -0.4376 -0.8978
vn -0.0488 -0.3485 -0.9360
vn 0.0159 -0.3610 -0.9324
vn 0.0056 -0.3617 -0.9323
vn 0.0142 -0.4396 -0.8981
vn 0.0064 -0.4398 -0.8981
vn 0.0156 0.4669 -0.8841
vn 0.0106 0.4511 -0.8924
vn 0.0029 0.4477 -0.8942
vn -0.0004 0.4537 -0.8912
vn 0.0003 -0.3605 -0.9328
vn 0.0013 -0.4396 -0.8982
vn 0.0022 -0.4509 -0.8926
vn 0.0071 -0.4509 -0.8925
vn 0.0126 -0.4509 -0.8925
vn 0.0178 -0.4508 -0.8924
vn 0.0206 -0.4391 -0.8982
vn 0.0235 -0.3574 -0.9337
vn -0.0056 -0.3617 -0.9323
vn -0.0159 -0.3610 -0.9324
vn -0.0064 -0.4398 -0.8981
vn -0.0142 -0.4396 -0.8981
vn 0.0004 0.4537 -0.8912
vn -0.0029 0.4477 -0.8942
vn -0.0106 0.4511 -0.8924
vn -0.0156 0.4669 -0.8842
vn -0.0235 -0.3574 -0.9337
vn -0.0206 -0.4391 -0.8982
vn -0.0178 -0.4508 -0.8924
vn -0.0126 -0.4509 -0.8925
vn -0.0071 -0.4509 -0.8925
vn -0.0022 -0.4509 -0.8926
vn -0.0013 -0.4396 -0.8982
vn -0.0003 -0.3605 -0.9328
vn -0.0302 -0.3506 -0.9360
vn -0.0342 -0.3493 -0.9364
vn -0.0291 -0.4382 -0.8984
vn -0.0340 -0.4379 -0.8984
vn -0.0167 0.4839 -0.8750
vn -0.0175 0.4946 -0.8690
vn -0.0191 0.4996 -0.8661
vn -0.0216 0.5012 -0.8651
vn -0.0393 -0.3488 -0.9364
vn -0.0395 -0.4378 -0.8982
vn -0.0395 -0.4505 -0.8919
vn -0.0335 -0.4506 -0.8921
vn -0.0280 -0.4507 -0.8923
vn -0.0228 -0.4507 -0.8924
vn -0.0249 -0.4386 -0.8984
vn -0.0270 -0.3533 -0.9351
vn 0.0342 -0.3493 -0.9364
vn 0.0302 -0.3506 -0.9360
vn 0.0340 -0.4379 -0.8984
vn 0.0291 -0.4382 -0.8984
vn 0.0216 0.5012 -0.8651
vn 0.0191 0.4996 -0.8661
vn 0.0175 0.4946 -0.8690
vn 0.0167 0.4839 -0.8750
vn 0.0270 -0.3533 -0.9351
vn 0.0249 -0.4386 -0.8984
vn 0.0228 -0.4507 -0.8924
vn 0.0280 -0.4507 -0.8923
vn 0.0335 -0.4506 -0.8921
vn 0.0395 -0.4505 -0.8919
vn 0.0395 -0.4378 -0.8982
vn 0.0393 -0.3488 -0.9364
vn 0.1695 -0.4546 -0.8744
vn 0.1691 -0.4714 -0.8655
vn -0.0399 -0.4527 -0.8908
vn -0.0392 -0.4551 -0.8896
vn 0.9347 -0.1668 -0.3140
vn 0.9350 -0.1967 -0.2950
vn 0.9294 -0.2625 -0.2596
vn 0.8890 -0.4062 -0.2113
vn 0.1410 -0.5020 -0.8533
vn -0.0416 -0.4597 -0.8871
vn -0.0704 -0.4514 -0.8895
vn -0.0710 -0.4509 -0.8897
vn -0.0712 -0.4508 -0.8898
vn -0.0404 -0.4516 -0.8913
vn 0.1668 -0.4470 -0.8788
vn -0.1695 -0.4359 -0.8839
vn -0.1691 -0.4188 -0.8922
vn 0.0399 -0.4502 -0.8920
vn 0.0392 -0.4478 -0.8933
vn -0.9347 -0.1544 -0.3202
vn -0.9350 -0.1214 -0.3332
vn -0.9294 -0.0540 -0.3652
vn -0.8890 0.0700 -0.4524
vn -0.1410 -0.3908 -0.9096
vn 0.0416 -0.4432 -0.8955
vn 0.0704 -0.4500 -0.8902
vn 0.0710 -0.4504 -0.8900
vn 0.0712 -0.4506 -0.8899
vn 0.0404 -0.4513 -0.8915
vn -0.1668 -0.4440 -0.8804
vn 0.0765 0.4643 0.8824
vn 0.0825 0.4644 0.8818
vn 0.0967 0.5480 0.8309
vn 0.1388 0.5454 0.8266
vn 0.0730 0.4516 0.8892
vn 0.0736 0.4516 0.8892
vn 0.0742 0.4517 0.8891
vn 0.0753 0.4519 0.8889
vn 0.0938 0.4629 0.8814
vn 0.2095 0.5278 0.8231
vn 0.7726 0.6321 0.0590
vn 0.4767 0.8768 0.0633
vn 0.2152 0.9726 0.0882
vn 0.0697 0.9921 0.1040
vn 0.0764 0.5477 0.8331
vn 0.0735 0.4642 0.8827
vn -0.0765 0.4366 0.8964
vn -0.0825 0.4361 0.8961
vn -0.0967 0.3455 0.9334
vn -0.1388 0.3437 0.9288
vn -0.0730 0.4496 0.8902
vn -0.0736 0.4496 0.8902
vn -0.0742 0.4495 0.8902
vn -0.0753 0.4492 0.8903
vn -0.0938 0.4366 0.8947
vn -0.2095 0.3513 0.9125
vn -0.7726 -0.3265 0.5445
vn -0.4767 -0.4678 0.7443
vn -0.2152 -0.5044 0.8362
vn -0.0697 -0.5032 0.8613
vn -0.0764 0.3475 0.9345
vn -0.0735 0.4369 0.8965
vn 0.5052 0.7533 -0.4212
vn 0.2086 0.8660 -0.4545
vn 0.5051 0.7533 -0.4212
vn 0.8094 0.4951 -0.3159
vn 0.5052 0.7532 -0.4212
vn 0.2087 0.8660 -0.4545
vn 0.0359 0.8905 -0.4536
vn 0.0358 0.8905 -0.4536
vn 0.2085 0.8660 -0.4545
vn 0.5050 0.7533 -0.4212
vn 0.8092 0.4953 -0.3160
vn 0.8093 0.4952 -0.3159
vn -0.2086 0.8660 -0.4545
vn -0.5052 0.7533 -0.4212
vn -0.2086 0.8660 -0.4544
vn -0.5051 0.7533 -0.4212
vn -0.0359 0.8905 -0.4536
vn -0.2087 0.8660 -0.4545
vn -0.5052 0.7532 -0.4212
vn -0.8094 0.4951 -0.3159
vn -0.8093 0.4952 -0.3159
vn -0.8092 0.4953 -0.3160
vn -0.5050 0.7533 -0.4212
vn -0.2085 0.8660 -0.4545
vn -0.0358 0.8905 -0.4536
vn -0.5052 -0.7853 0.3580
vn -0.2086 -0.8788 0.4292
vn -0.5051 -0.7853 0.3580
vn -0.8094 -0.5476 0.2122
vn -0.5052 -0.7852 0.3580
vn -0.2087 -0.8788 0.4292
vn -0.0359 -0.8926 0.4494
vn -0.0359 -0.8926 0.4495
vn -0.0358 -0.8926 0.4495
vn -0.2085 -0.8788 0.4292
vn -0.5050 -0.7853 0.3580
vn -0.8092 -0.5478 0.2123
vn -0.8093 -0.5477 0.2123
vn 0.2086 -0.8788 0.4292
vn 0.5052 -0.7853 0.3580
vn 0.5051 -0.7853 0.3580
vn 0.0359 -0.8926 0.4494
vn 0.2087 -0.8788 0.4292
vn 0.5052 -0.7852 0.3580
vn 0.8094 -0.5476 0.2122
vn 0.8093 -0.5477 0.2123
vn 0.8092 -0.5478 0.2123
vn 0.5050 -0.7853 0.3580
vn 0.2085 -0.8788 0.4292
vn 0.0358 -0.8926 0.4495
vn 0.0359 -0.8926 0.4495
vn -0.0000 -0.8921 0.4518
vn -0.0000 0.8921 -0.4518
vn 0.9973 -0.0333 -0.0657
vn 0.9973 -0.0333 -0.0658
vn -0.9973 -0.0333 -0.0657
vn -0.9973 -0.0333 -0.0658
vn 0.9963 0.0061 -0.0855
vn 0.9899 0.0758 -0.1200
vn 0.9973 -0.0268 -0.0690
vn 0.9574 0.2185 -0.1889
vn 0.9574 0.2186 -0.1889
vn 0.9573 0.2186 -0.1889
vn 0.9899 0.0759 -0.1200
vn -0.9963 -0.0725 -0.0457
vn -0.9899 -0.1416 -0.0099
vn -0.9963 -0.0726 -0.0457
vn -0.9973 -0.0397 -0.0625
vn -0.9574 -0.2816 0.0644
vn -0.9573 -0.2817 0.0644
vn -0.9573 -0.2817 0.0645
vn -0.9899 -0.1416 -0.0098
vn 0.0490 -0.5496 -0.8340
vn 0.0070 -0.5498 -0.8353
vn 0.0703 -0.4645 -0.8828
vn 0.0646 -0.4649 -0.8830
vn 0.0097 -0.9942 -0.1075
vn -0.1375 -0.9844 -0.1097
vn -0.4063 -0.9060 -0.1187
vn -0.7158 -0.6810 -0.1544
vn -0.0644 -0.5369 -0.8412
vn 0.0535 -0.4643 -0.8841
vn 0.0720 -0.4520 -0.8891
vn 0.0730 -0.4517 -0.8892
vn 0.0732 -0.4516 -0.8892
vn 0.0729 -0.4516 -0.8892
vn 0.0725 -0.4642 -0.8827
vn 0.0686 -0.5480 -0.8337
vn 0.9899 -0.1416 -0.0099
vn 0.9963 -0.0725 -0.0457
vn 0.9574 -0.2816 0.0644
vn 0.9973 -0.0397 -0.0625
vn 0.9963 -0.0726 -0.0457
vn 0.9899 -0.1416 -0.0098
vn 0.9573 -0.2817 0.0644
vn -0.1691 -0.4714 -0.8655
vn -0.1695 -0.4546 -0.8744
vn 0.0392 -0.4551 -0.8896
vn 0.0399 -0.4527 -0.8908
vn -0.8890 -0.4062 -0.2113
vn -0.9294 -0.2625 -0.2596
vn -0.9350 -0.1967 -0.2950
vn -0.9347 -0.1668 -0.3140
vn -0.1668 -0.4470 -0.8788
vn 0.0404 -0.4516 -0.8913
vn 0.0712 -0.4508 -0.8898
vn 0.0710 -0.4509 -0.8897
vn 0.0704 -0.4514 -0.8895
vn 0.0416 -0.4597 -0.8871
vn -0.1410 -0.5020 -0.8533
vn -0.1080 0.4455 0.8887
vn -0.1074 0.4480 0.8876
vn -0.3119 0.4028 0.8605
vn -0.3123 0.4198 0.8522
vn -0.0770 0.4498 0.8898
vn -0.0764 0.4503 0.8896
vn -0.0762 0.4504 0.8896
vn -0.1069 0.4490 0.8871
vn -0.3097 0.4281 0.8490
vn -0.9767 0.0907 0.1944
vn -0.9765 0.0577 0.2075
vn -0.9706 -0.0091 0.2407
vn -0.9336 -0.1300 0.3339
vn -0.2845 0.3767 0.8816
vn -0.1057 0.4410 0.8913
vn 0.0681 -0.4501 -0.8904
vn 0.0706 -0.4505 -0.8900
vn 0.0833 -0.4487 -0.8898
vn 0.0740 -0.4502 -0.8899
vn 0.0503 -0.4510 -0.8911
vn 0.0632 -0.4508 -0.8904
vn 0.0695 -0.4507 -0.8900
vn 0.0720 -0.4506 -0.8898
vn 0.0721 -0.4506 -0.8898
vn 0.0723 -0.4506 -0.8898
vn 0.0728 -0.4506 -0.8898
vn 0.0792 -0.4498 -0.8896
vn 0.1106 -0.4466 -0.8879
vn 0.2041 -0.4340 -0.8775
vn 0.0955 -0.4462 -0.8898
vn 0.0601 -0.4496 -0.8912
vn 0.0281 -0.4488 -0.8932
vn 0.0390 -0.4489 -0.8927
vn 0.0322 -0.4436 -0.8956
vn 0.0576 -0.4439 -0.8942
vn 0.0219 -0.4512 -0.8921
vn 0.0277 -0.4512 -0.8920
vn 0.0340 -0.4511 -0.8918
vn 0.0405 -0.4511 -0.8916
vn 0.0493 -0.4492 -0.8921
vn 0.0810 -0.4447 -0.8920
vn 0.1649 -0.4314 -0.8870
vn 0.0982 -0.4317 -0.8967
vn 0.0440 -0.4321 -0.9008
vn 0.0056 -0.4317 -0.9020
vn 0.0119 -0.4435 -0.8962
vn 0.0185 -0.4488 -0.8934
vn -0.0401 -0.4529 -0.8907
vn -0.1433 -0.4536 -0.8796
vn -0.0475 -0.4593 -0.8870
vn -0.0059 -0.4540 -0.8910
vn -0.0131 -0.4528 -0.8915
vn -0.0088 -0.4519 -0.8920
vn -0.0604 -0.4525 -0.8897
vn -0.0048 -0.4520 -0.8920
vn -0.3767 -0.4384 -0.8161
vn -0.2702 -0.4556 -0.8482
vn -0.1818 -0.4506 -0.8740
vn -0.0273 -0.4722 -0.8811
vn -0.0070 -0.4602 -0.8878
vn -0.1103 -0.4702 -0.8756
vn 0.0162 -0.4522 -0.8918
vn 0.0103 -0.4521 -0.8919
vn 0.0091 -0.4546 -0.8906
vn 0.0020 -0.4519 -0.8921
vn -0.0005 -0.4519 -0.8920
vn 0.0053 -0.4520 -0.8920
vn -0.0131 -0.4507 -0.8926
vn -0.0059 -0.4496 -0.8932
vn -0.0475 -0.4433 -0.8951
vn -0.1433 -0.4407 -0.8861
vn -0.0401 -0.4501 -0.8921
vn 0.0020 -0.4518 -0.8921
vn 0.0053 -0.4516 -0.8922
vn -0.0005 -0.4517 -0.8922
vn 0.0162 -0.4513 -0.8922
vn 0.0091 -0.4490 -0.8935
vn 0.0103 -0.4514 -0.8922
vn -0.0273 -0.4308 -0.9020
vn -0.1103 -0.4277 -0.8972
vn -0.0070 -0.4434 -0.8963
vn -0.3767 -0.3985 -0.8363
vn -0.1818 -0.4379 -0.8804
vn -0.2702 -0.4141 -0.8692
vn -0.0088 -0.4517 -0.8921
vn -0.0048 -0.4517 -0.8922
vn -0.0604 -0.4495 -0.8912
vn -0.0390 -0.4489 -0.8927
vn -0.0281 -0.4488 -0.8932
vn -0.0576 -0.4439 -0.8942
vn -0.0322 -0.4436 -0.8956
vn -0.0405 -0.4511 -0.8916
vn -0.0340 -0.4511 -0.8918
vn -0.0277 -0.4512 -0.8920
vn -0.0219 -0.4512 -0.8921
vn -0.0185 -0.4488 -0.8934
vn -0.0119 -0.4435 -0.8962
vn -0.0056 -0.4317 -0.9020
vn -0.0440 -0.4321 -0.9008
vn -0.0982 -0.4317 -0.8967
vn -0.1649 -0.4314 -0.8870
vn -0.0810 -0.4447 -0.8920
vn -0.0493 -0.4492 -0.8921
vn -0.0706 -0.4505 -0.8900
vn -0.0681 -0.4501 -0.8904
vn -0.0740 -0.4502 -0.8899
vn -0.0833 -0.4487 -0.8898
vn -0.0720 -0.4506 -0.8898
vn -0.0695 -0.4507 -0.8900
vn -0.0632 -0.4508 -0.8904
vn -0.0503 -0.4510 -0.8911
vn -0.0601 -0.4496 -0.8912
vn -0.0955 -0.4462 -0.8898
vn -0.2041 -0.4340 -0.8775
vn -0.1106 -0.4466 -0.8879
vn -0.0792 -0.4498 -0.8896
vn -0.0728 -0.4506 -0.8898
vn -0.0723 -0.4506 -0.8898
vn -0.0721 -0.4506 -0.8898
vn -0.9899 0.0758 -0.1200
vn -0.9963 0.0061 -0.0855
vn -0.9574 0.2185 -0.1889
vn -0.9973 -0.0268 -0.0690
vn -0.9899 0.0759 -0.1200
vn -0.9573 0.2186 -0.1889
vn -0.9574 0.2186 -0.1889
vn 0.1691 -0.4188 -0.8922
vn 0.1695 -0.4359 -0.8839
vn -0.0392 -0.4478 -0.8933
vn -0.0399 -0.4502 -0.8920
vn 0.8890 0.0700 -0.4524
vn 0.9294 -0.0540 -0.3652
vn 0.9350 -0.1214 -0.3332
vn 0.9347 -0.1544 -0.3202
vn 0.1668 -0.4440 -0.8804
vn -0.0404 -0.4513 -0.8915
vn -0.0712 -0.4506 -0.8899
vn -0.0710 -0.4504 -0.8900
vn -0.0704 -0.4500 -0.8902
vn -0.0416 -0.4432 -0.8955
vn 0.1410 -0.3908 -0.9096
vn 0.1080 0.4528 0.8850
vn 0.1074 0.4505 0.8863
vn 0.3119 0.4554 0.8339
vn 0.3123 0.4386 0.8427
vn 0.0770 0.4512 0.8891
vn 0.0764 0.4507 0.8894
vn 0.0762 0.4506 0.8895
vn 0.1069 0.4494 0.8869
vn 0.3097 0.4311 0.8475
vn 0.9767 0.1031 0.1882
vn 0.9765 0.1331 0.1693
vn 0.9706 0.1994 0.1351
vn 0.9336 0.3461 0.0928
vn 0.2845 0.4878 0.8253
vn 0.1057 0.4575 0.8829
vn 0.1778 -0.4464 -0.8770
vn 0.0909 -0.4504 -0.8882
vn 0.1650 -0.4486 -0.8784
vn 0.0886 -0.4507 -0.8883
vn 0.5171 -0.3878 -0.7630
vn 0.1818 -0.4446 -0.8771
vn 0.0916 -0.4500 -0.8883
vn 0.0736 -0.4507 -0.8897
vn 0.0732 -0.4507 -0.8897
vn 0.0845 -0.4509 -0.8886
vn 0.1413 -0.4503 -0.8816
vn 0.3395 -0.4366 -0.8331
vn 0.4591 -0.4119 -0.7871
vn 0.5055 -0.3957 -0.7668
vn -0.9303 -0.2137 -0.2982
vn -0.9312 -0.1802 -0.3167
vn -0.3570 -0.4392 -0.8244
vn -0.3506 -0.4284 -0.8328
vn -0.9876 -0.1516 0.0404
vn -0.9977 -0.0674 0.0018
vn -0.9994 -0.0304 -0.0171
vn -0.9996 -0.0156 -0.0250
vn -0.9298 -0.1684 -0.3273
vn -0.3464 -0.4245 -0.8365
vn -0.0554 -0.4512 -0.8907
vn -0.0559 -0.4515 -0.8905
vn -0.0576 -0.4523 -0.8900
vn -0.0637 -0.4546 -0.8884
vn -0.3365 -0.4670 -0.8177
vn -0.9056 -0.3050 -0.2948
vn 0.9690 -0.1221 -0.2146
vn 0.9686 -0.1449 -0.2021
vn 0.4655 -0.4048 -0.7870
vn 0.4739 -0.4141 -0.7772
vn 0.9998 -0.0100 -0.0161
vn 0.9997 -0.0196 -0.0110
vn 0.9991 -0.0434 0.0012
vn 0.9948 -0.0981 0.0261
vn 0.9563 -0.2101 -0.2031
vn 0.4468 -0.4437 -0.7769
vn 0.0420 -0.4551 -0.8895
vn 0.0325 -0.4528 -0.8910
vn 0.0297 -0.4520 -0.8915
vn 0.0290 -0.4517 -0.8917
vn 0.4600 -0.4018 -0.7918
vn 0.9683 -0.1142 -0.2220
vn -0.9312 -0.1487 -0.3327
vn -0.9303 -0.1139 -0.3487
vn -0.3506 -0.4179 -0.8381
vn -0.3570 -0.4047 -0.8419
vn -0.9996 -0.0109 -0.0274
vn -0.9994 0.0043 -0.0346
vn -0.9977 0.0414 -0.0533
vn -0.9876 0.1222 -0.0983
vn -0.9056 -0.0572 -0.4203
vn -0.3365 -0.3829 -0.8603
vn -0.0637 -0.4472 -0.8921
vn -0.0576 -0.4498 -0.8912
vn -0.0559 -0.4508 -0.8909
vn -0.0554 -0.4511 -0.8908
vn -0.3464 -0.4232 -0.8372
vn -0.9298 -0.1642 -0.3295
vn 0.6107 -0.6795 -0.4065
vn 0.2125 -0.8373 -0.5038
vn 0.1103 -0.5247 -0.8441
vn 0.0191 -0.5260 -0.8503
vn 0.9682 -0.2362 0.0828
vn 0.8256 -0.5295 0.1951
vn 0.3996 -0.8604 0.3164
vn 0.0514 -0.9379 0.3432
vn 0.0109 -0.8536 -0.5208
vn -0.0159 -0.5249 -0.8510
vn -0.0199 -0.4572 -0.8891
vn -0.0139 -0.4574 -0.8892
vn -0.0047 -0.4578 -0.8890
vn 0.0153 -0.4592 -0.8882
vn 0.2887 -0.5005 -0.8162
vn 0.8831 -0.3884 -0.2633
vn -0.0909 -0.4504 -0.8882
vn -0.1778 -0.4464 -0.8770
vn -0.0886 -0.4507 -0.8883
vn -0.1650 -0.4486 -0.8784
vn -0.0916 -0.4500 -0.8883
vn -0.1818 -0.4446 -0.8771
vn -0.5171 -0.3878 -0.7630
vn -0.5055 -0.3957 -0.7668
vn -0.4591 -0.4119 -0.7871
vn -0.3395 -0.4366 -0.8331
vn -0.1413 -0.4503 -0.8816
vn -0.0845 -0.4509 -0.8886
vn -0.0732 -0.4507 -0.8897
vn -0.0736 -0.4507 -0.8897
vn -0.0732 -0.4431 -0.8935
vn 0.0732 -0.4431 -0.8935
vn -0.0000 -0.4499 -0.8931
vn -0.3360 -0.4080 -0.8489
vn -0.1054 -0.4364 -0.8935
vn -0.1544 -0.4402 -0.8845
vn 0.3360 -0.4080 -0.8489
vn 0.1544 -0.4402 -0.8845
vn 0.1054 -0.4364 -0.8935
vn -0.0000 -0.4513 -0.8923
vn -0.0459 -0.4498 -0.8920
vn 0.0459 -0.4498 -0.8920
vn 0.0732 -0.4580 -0.8859
vn -0.0732 -0.4580 -0.8859
vn -0.0000 -0.4537 -0.8911
vn 0.3360 -0.4429 -0.8312
vn 0.1054 -0.4621 -0.8805
vn 0.1544 -0.4526 -0.8783
vn -0.3360 -0.4429 -0.8312
vn -0.1544 -0.4526 -0.8783
vn -0.1054 -0.4621 -0.8805
vn -0.0000 -0.4523 -0.8919
vn 0.0459 -0.4529 -0.8904
vn -0.0459 -0.4529 -0.8904
vn 0.1537 -0.4532 -0.8781
vn 0.1703 -0.4478 -0.8778
vn -0.1537 -0.4532 -0.8781
vn -0.1703 -0.4478 -0.8778
vn 0.4386 -0.4281 -0.7902
vn 0.5080 -0.4038 -0.7608
vn 0.5363 -0.3870 -0.7500
vn 0.5447 -0.3797 -0.7477
vn 0.1763 -0.4451 -0.8780
vn -0.1763 -0.4451 -0.8780
vn -0.5447 -0.3797 -0.7477
vn -0.5363 -0.3870 -0.7500
vn -0.5080 -0.4038 -0.7608
vn -0.4386 -0.4281 -0.7902
vn -0.1294 -0.4590 -0.8790
vn 0.1294 -0.4590 -0.8790
vn 0.1703 -0.4426 -0.8804
vn 0.1537 -0.4397 -0.8849
vn -0.1703 -0.4426 -0.8804
vn -0.1537 -0.4397 -0.8849
vn 0.5447 -0.3781 -0.7486
vn 0.5363 -0.3756 -0.7558
vn 0.5080 -0.3744 -0.7757
vn 0.4386 -0.3836 -0.8127
vn 0.1294 -0.4370 -0.8901
vn -0.1294 -0.4370 -0.8901
vn -0.4386 -0.3836 -0.8127
vn -0.5080 -0.3744 -0.7757
vn -0.5363 -0.3756 -0.7558
vn -0.5447 -0.3781 -0.7486
vn -0.1763 -0.4444 -0.8783
vn 0.1763 -0.4444 -0.8783
vn -0.4942 0.0795 -0.8657
vn -0.1989 0.0891 -0.9760
vn -0.1145 -0.3702 -0.9219
vn -0.0546 -0.3738 -0.9259
vn -0.9298 0.3036 -0.2082
vn -0.7155 0.5823 -0.3859
vn -0.3250 0.7883 -0.5225
vn -0.0517 0.8316 -0.5530
vn -0.0463 0.0851 -0.9953
vn -0.0282 -0.3754 -0.9264
vn -0.0247 -0.4462 -0.8946
vn -0.0291 -0.4460 -0.8946
vn -0.0349 -0.4455 -0.8946
vn -0.0470 -0.4439 -0.8948
vn -0.2267 -0.3685 -0.9016
vn -0.7821 0.0221 -0.6228
vn -0.0160 -0.4518 -0.8920
vn -0.0127 -0.4518 -0.8920
vn -0.0126 -0.4518 -0.8920
vn -0.0202 -0.4517 -0.8919
vn -0.0161 -0.4518 -0.8920
vn -0.0129 -0.4518 -0.8920
vn -0.0105 -0.4518 -0.8921
vn -0.0103 -0.4518 -0.8921
vn -0.0125 -0.4518 -0.8920
vn -0.0159 -0.4518 -0.8920
vn -0.0201 -0.4517 -0.8919
vn 0.0274 -0.4517 -0.8918
vn 0.0293 -0.4516 -0.8917
vn 0.0275 -0.4517 -0.8918
vn 0.0245 -0.4517 -0.8918
vn 0.0292 -0.4516 -0.8917
vn 0.0303 -0.4516 -0.8917
vn 0.0304 -0.4516 -0.8917
vn 0.0275 -0.4516 -0.8918
vn 0.0274 -0.4516 -0.8918
vn 0.0127 -0.4518 -0.8920
vn 0.0160 -0.4518 -0.8920
vn 0.0126 -0.4518 -0.8920
vn 0.0105 -0.4518 -0.8921
vn 0.0129 -0.4518 -0.8920
vn 0.0161 -0.4518 -0.8920
vn 0.0202 -0.4517 -0.8919
vn 0.0201 -0.4517 -0.8919
vn 0.0159 -0.4518 -0.8920
vn 0.0125 -0.4518 -0.8920
vn 0.0103 -0.4518 -0.8921
vn 0.0127 -0.4518 -0.8921
vn 0.0160 -0.4517 -0.8920
vn 0.0161 -0.4517 -0.8920
vn -0.0274 -0.4516 -0.8918
vn -0.0160 -0.4517 -0.8920
vn -0.0127 -0.4518 -0.8921
vn -0.0161 -0.4517 -0.8920
vn -0.9686 -0.1449 -0.2021
vn -0.9690 -0.1221 -0.2146
vn -0.4739 -0.4141 -0.7772
vn -0.4655 -0.4048 -0.7870
vn -0.9948 -0.0981 0.0261
vn -0.9991 -0.0434 0.0012
vn -0.9997 -0.0196 -0.0110
vn -0.9998 -0.0100 -0.0161
vn -0.9683 -0.1142 -0.2220
vn -0.4600 -0.4018 -0.7918
vn -0.0290 -0.4517 -0.8917
vn -0.0297 -0.4520 -0.8915
vn -0.0325 -0.4528 -0.8910
vn -0.0420 -0.4551 -0.8895
vn -0.4468 -0.4437 -0.7769
vn -0.9563 -0.2101 -0.2031
vn 0.2125 0.0893 -0.9731
vn 0.6107 0.0744 -0.7883
vn 0.0191 -0.3742 -0.9271
vn 0.1103 -0.3700 -0.9225
vn 0.0514 0.8316 -0.5530
vn 0.3996 0.7641 -0.5064
vn 0.8256 0.4706 -0.3114
vn 0.9682 0.2065 -0.1414
vn 0.8831 0.0176 -0.4689
vn 0.2887 -0.3618 -0.8864
vn 0.0153 -0.4443 -0.8957
vn -0.0046 -0.4458 -0.8951
vn -0.0139 -0.4461 -0.8949
vn -0.0199 -0.4462 -0.8947
vn -0.0159 -0.3755 -0.9267
vn 0.0109 0.0852 -0.9963
vn 0.1989 0.0891 -0.9760
vn 0.4942 0.0795 -0.8657
vn 0.0546 -0.3738 -0.9259
vn 0.1145 -0.3702 -0.9219
vn 0.0517 0.8316 -0.5530
vn 0.3250 0.7883 -0.5225
vn 0.7155 0.5823 -0.3859
vn 0.9298 0.3036 -0.2082
vn 0.7821 0.0220 -0.6228
vn 0.2267 -0.3685 -0.9016
vn 0.0470 -0.4439 -0.8948
vn 0.0349 -0.4455 -0.8946
vn 0.0291 -0.4460 -0.8946
vn 0.0247 -0.4462 -0.8946
vn 0.0282 -0.3754 -0.9264
vn 0.0463 0.0851 -0.9953
vn 0.9686 -0.0772 -0.2364
vn 0.9690 -0.1007 -0.2254
vn 0.4739 -0.3815 -0.7937
vn 0.4655 -0.3949 -0.7920
vn 0.9948 0.0791 -0.0636
vn 0.9991 0.0266 -0.0343
vn 0.9997 0.0027 -0.0223
vn 0.9998 -0.0070 -0.0176
vn 0.9683 -0.1114 -0.2235
vn 0.4600 -0.4005 -0.7925
vn 0.0290 -0.4516 -0.8918
vn 0.0297 -0.4513 -0.8919
vn 0.0325 -0.4504 -0.8923
vn 0.0420 -0.4477 -0.8932
vn 0.4468 -0.3637 -0.8173
vn 0.9563 -0.0394 -0.2896
vn 0.9303 -0.1139 -0.3487
vn 0.9312 -0.1487 -0.3327
vn 0.3570 -0.4047 -0.8419
vn 0.3506 -0.4179 -0.8381
vn 0.9876 0.1222 -0.0983
vn 0.9977 0.0414 -0.0533
vn 0.9994 0.0043 -0.0346
vn 0.9996 -0.0109 -0.0274
vn 0.9298 -0.1642 -0.3295
vn 0.3464 -0.4232 -0.8372
vn 0.0554 -0.4511 -0.8908
vn 0.0559 -0.4508 -0.8909
vn 0.0576 -0.4498 -0.8912
vn 0.0637 -0.4472 -0.8921
vn 0.3365 -0.3829 -0.8603
vn 0.9056 -0.0572 -0.4203
vn -0.9690 -0.1007 -0.2254
vn -0.9686 -0.0772 -0.2364
vn -0.4655 -0.3949 -0.7920
vn -0.4739 -0.3815 -0.7936
vn -0.9998 -0.0070 -0.0176
vn -0.9997 0.0027 -0.0223
vn -0.9991 0.0266 -0.0343
vn -0.9948 0.0791 -0.0636
vn -0.9563 -0.0394 -0.2896
vn -0.4468 -0.3637 -0.8173
vn -0.0420 -0.4477 -0.8932
vn -0.0325 -0.4504 -0.8923
vn -0.0297 -0.4513 -0.8919
vn -0.0290 -0.4516 -0.8918
vn -0.4600 -0.4005 -0.7925
vn -0.9683 -0.1114 -0.2235
vn -0.1989 -0.8395 -0.5057
vn -0.4942 -0.7449 -0.4482
vn -0.0546 -0.5252 -0.8492
vn -0.1145 -0.5241 -0.8439
vn -0.0517 -0.9378 0.3432
vn -0.3250 -0.8876 0.3263
vn -0.7155 -0.6557 0.2411
vn -0.9298 -0.3475 0.1216
vn -0.7821 -0.5151 -0.3507
vn -0.2267 -0.5088 -0.8305
vn -0.0470 -0.4587 -0.8874
vn -0.0349 -0.4576 -0.8885
vn -0.0291 -0.4572 -0.8889
vn -0.0247 -0.4572 -0.8890
vn -0.0282 -0.5247 -0.8508
vn -0.0463 -0.8527 -0.5203
vn 0.9312 -0.1802 -0.3167
vn 0.9303 -0.2137 -0.2982
vn 0.3506 -0.4284 -0.8328
vn 0.3570 -0.4392 -0.8244
vn 0.9996 -0.0156 -0.0250
vn 0.9994 -0.0304 -0.0171
vn 0.9977 -0.0674 0.0018
vn 0.9876 -0.1516 0.0404
vn 0.9056 -0.3050 -0.2948
vn 0.3365 -0.4670 -0.8177
vn 0.0637 -0.4546 -0.8884
vn 0.0576 -0.4523 -0.8900
vn 0.0559 -0.4515 -0.8905
vn 0.0554 -0.4512 -0.8907
vn 0.3464 -0.4245 -0.8365
vn 0.9298 -0.1684 -0.3273
vn -0.0935 -0.5609 -0.8226
vn -0.2542 -0.5510 -0.7948
vn -0.1533 -0.7156 -0.6815
vn -0.4139 -0.6730 -0.6130
vn -0.0030 -0.5005 -0.8657
vn -0.0650 -0.4986 -0.8644
vn -0.1673 -0.4931 -0.8538
vn -0.3433 -0.4717 -0.8122
vn -0.5373 -0.4918 -0.6852
vn -0.7649 -0.4958 -0.4112
vn -0.9237 -0.3817 0.0336
vn -0.6940 -0.7194 0.0287
vn -0.3086 -0.9511 0.0146
vn -0.0506 -0.9986 0.0162
vn -0.0251 -0.7238 -0.6895
vn -0.0092 -0.5635 -0.8261
vn 0.9621 -0.0924 -0.2567
vn 0.9673 -0.1044 -0.2312
vn 0.9937 -0.0142 -0.1113
vn 0.9953 -0.0328 -0.0916
vn 0.7848 -0.2383 -0.5721
vn 0.8387 -0.2218 -0.4974
vn 0.8514 -0.2282 -0.4722
vn 0.8542 -0.2337 -0.4645
vn 0.9681 -0.1119 -0.2243
vn 0.9955 -0.0415 -0.0855
vn 0.9999 -0.0059 -0.0154
vn 0.9998 0.0036 -0.0206
vn 0.9991 0.0265 -0.0342
vn 0.9948 0.0759 -0.0682
vn 0.9849 0.0157 -0.1723
vn 0.9358 -0.0899 -0.3408
vn 0.1995 -0.3064 -0.9308
vn 0.5253 -0.2416 -0.8159
vn 0.2478 -0.0715 -0.9662
vn 0.6695 0.0046 -0.7428
vn 0.0443 -0.3990 -0.9159
vn 0.1700 -0.3893 -0.9053
vn 0.4179 -0.3518 -0.8376
vn 0.6483 -0.2862 -0.7056
vn 0.8198 -0.1393 -0.5555
vn 0.9292 0.0421 -0.3672
vn 0.9679 0.1889 -0.1658
vn 0.8232 0.3994 -0.4035
vn 0.3938 0.5993 -0.6970
vn 0.0518 0.6194 -0.7833
vn 0.0383 -0.1115 -0.9930
vn 0.0446 -0.3261 -0.9443
vn -0.2542 -0.3147 -0.9145
vn -0.0935 -0.3312 -0.9389
vn -0.4139 -0.0959 -0.9052
vn -0.1533 -0.1259 -0.9801
vn -0.3433 -0.3756 -0.8608
vn -0.1673 -0.3965 -0.9027
vn -0.0650 -0.4018 -0.9134
vn -0.0030 -0.4018 -0.9157
vn -0.0092 -0.3325 -0.9431
vn -0.0251 -0.1276 -0.9915
vn -0.0506 0.6039 -0.7954
vn -0.3086 0.5746 -0.7580
vn -0.6940 0.4488 -0.5630
vn -0.9237 0.2530 -0.2878
vn -0.7649 -0.0381 -0.6430
vn -0.5373 -0.2613 -0.8019
vn 0.5253 -0.5148 -0.6775
vn 0.1995 -0.5690 -0.7977
vn 0.6695 -0.6015 -0.4358
vn 0.2478 -0.7365 -0.6294
vn 0.6483 -0.3994 -0.6482
vn 0.4179 -0.4671 -0.7792
vn 0.1700 -0.4995 -0.8495
vn 0.0443 -0.5022 -0.8636
vn 0.0446 -0.5682 -0.8217
vn 0.0383 -0.7345 -0.6775
vn 0.0518 -0.9980 0.0358
vn 0.3938 -0.9165 0.0707
vn 0.8232 -0.5616 0.0833
vn 0.9679 -0.2454 0.0542
vn 0.9292 -0.3209 -0.1834
vn 0.8198 -0.3654 -0.4410
vn -0.9680 -0.0982 -0.2307
vn -0.9499 -0.1012 -0.2958
vn -0.9952 -0.0268 -0.0943
vn -0.9900 -0.0092 -0.1407
vn -0.8658 -0.2242 -0.4473
vn -0.8592 -0.2196 -0.4622
vn -0.8198 -0.2335 -0.5228
vn -0.6727 -0.2991 -0.6767
vn -0.8506 -0.1571 -0.5019
vn -0.9546 -0.0041 -0.2980
vn -0.9871 0.1111 -0.1152
vn -0.9979 0.0433 -0.0482
vn -0.9997 0.0097 -0.0238
vn -0.9999 -0.0050 -0.0156
vn -0.9957 -0.0396 -0.0838
vn -0.9701 -0.1075 -0.2177
vn 0.9673 -0.1246 -0.2210
vn 0.9621 -0.1522 -0.2264
vn 0.9953 -0.0545 -0.0806
vn 0.9937 -0.0813 -0.0773
vn 0.8542 -0.2362 -0.4632
vn 0.8514 -0.2456 -0.4634
vn 0.8387 -0.2697 -0.4731
vn 0.7848 -0.3202 -0.5306
vn 0.9358 -0.2216 -0.2742
vn 0.9849 -0.1482 -0.0893
vn 0.9948 -0.0999 0.0209
vn 0.9991 -0.0432 0.0011
vn 0.9998 -0.0187 -0.0093
vn 0.9999 -0.0089 -0.0139
vn 0.9955 -0.0444 -0.0840
vn 0.9681 -0.1146 -0.2229
vn -0.9499 -0.1786 -0.2566
vn -0.9680 -0.1279 -0.2157
vn -0.9900 -0.1080 -0.0906
vn -0.9952 -0.0602 -0.0775
vn -0.6727 -0.3685 -0.6416
vn -0.8198 -0.2833 -0.4976
vn -0.8591 -0.2426 -0.4505
vn -0.8658 -0.2280 -0.4454
vn -0.9701 -0.1119 -0.2155
vn -0.9957 -0.0442 -0.0815
vn -0.9999 -0.0096 -0.0132
vn -0.9997 -0.0249 -0.0062
vn -0.9979 -0.0645 0.0064
vn -0.9871 -0.1586 0.0213
vn -0.9546 -0.2378 -0.1796
vn -0.8506 -0.3116 -0.4236
vn 0.9680 -0.1279 -0.2157
vn 0.9499 -0.1786 -0.2566
vn 0.9952 -0.0602 -0.0775
vn 0.9900 -0.1080 -0.0906
vn 0.8658 -0.2280 -0.4454
vn 0.8592 -0.2426 -0.4505
vn 0.8198 -0.2833 -0.4976
vn 0.6727 -0.3685 -0.6416
vn 0.8506 -0.3116 -0.4236
vn 0.9546 -0.2378 -0.1796
vn 0.9871 -0.1586 0.0213
vn 0.9979 -0.0645 0.0064
vn 0.9997 -0.0249 -0.0062
vn 0.9999 -0.0096 -0.0132
vn 0.9957 -0.0442 -0.0815
vn 0.9701 -0.1119 -0.2155
vn -0.9673 -0.1044 -0.2312
vn -0.9621 -0.0924 -0.2567
vn -0.9953 -0.0328 -0.0916
vn -0.9937 -0.0142 -0.1113
vn -0.8542 -0.2337 -0.4645
vn -0.8514 -0.2282 -0.4722
vn -0.8387 -0.2218 -0.4974
vn -0.7848 -0.2383 -0.5721
vn -0.9358 -0.0899 -0.3408
vn -0.9849 0.0157 -0.1723
vn -0.9948 0.0759 -0.0682
vn -0.9991 0.0265 -0.0342
vn -0.9998 0.0036 -0.0206
vn -0.9999 -0.0059 -0.0154
vn -0.9955 -0.0415 -0.0855
vn -0.9681 -0.1119 -0.2243
vn 0.9499 -0.1012 -0.2958
vn 0.9680 -0.0982 -0.2307
vn 0.9900 -0.0092 -0.1407
vn 0.9952 -0.0268 -0.0943
vn 0.6727 -0.2991 -0.6767
vn 0.8198 -0.2335 -0.5228
vn 0.8592 -0.2196 -0.4622
vn 0.8658 -0.2242 -0.4473
vn 0.9701 -0.1075 -0.2177
vn 0.9957 -0.0396 -0.0838
vn 0.9999 -0.0050 -0.0156
vn 0.9997 0.0097 -0.0238
vn 0.9979 0.0433 -0.0482
vn 0.9871 0.1111 -0.1152
vn 0.9546 -0.0041 -0.2980
vn 0.8506 -0.1571 -0.5019
vn 0.0935 -0.3312 -0.9389
vn 0.2542 -0.3147 -0.9145
vn 0.1533 -0.1259 -0.9801
vn 0.4139 -0.0959 -0.9052
vn 0.0030 -0.4018 -0.9157
vn 0.0650 -0.4018 -0.9134
vn 0.1673 -0.3965 -0.9027
vn 0.3433 -0.3756 -0.8608
vn 0.5373 -0.2613 -0.8019
vn 0.7649 -0.0381 -0.6430
vn 0.9237 0.2530 -0.2878
vn 0.6940 0.4488 -0.5630
vn 0.3086 0.5746 -0.7580
vn 0.0506 0.6039 -0.7954
vn 0.0251 -0.1276 -0.9915
vn 0.0092 -0.3325 -0.9431
vn -0.9621 -0.1522 -0.2264
vn -0.9673 -0.1246 -0.2210
vn -0.9937 -0.0813 -0.0773
vn -0.9953 -0.0545 -0.0806
vn -0.7848 -0.3202 -0.5306
vn -0.8387 -0.2697 -0.4731
vn -0.8514 -0.2456 -0.4634
vn -0.8542 -0.2362 -0.4632
vn -0.9681 -0.1146 -0.2229
vn -0.9955 -0.0444 -0.0840
vn -0.9999 -0.0089 -0.0139
vn -0.9998 -0.0187 -0.0093
vn -0.9991 -0.0432 0.0011
vn -0.9948 -0.0999 0.0209
vn -0.9849 -0.1482 -0.0893
vn -0.9358 -0.2216 -0.2742
vn -0.1995 -0.5690 -0.7977
vn -0.5253 -0.5148 -0.6775
vn -0.2478 -0.7365 -0.6294
vn -0.6695 -0.6015 -0.4358
vn -0.0443 -0.5022 -0.8636
vn -0.1700 -0.4995 -0.8495
vn -0.4179 -0.4671 -0.7792
vn -0.6483 -0.3994 -0.6482
vn -0.8198 -0.3654 -0.4410
vn -0.9292 -0.3209 -0.1834
vn -0.9679 -0.2454 0.0542
vn -0.8232 -0.5616 0.0833
vn -0.3938 -0.9165 0.0707
vn -0.0518 -0.9980 0.0359
vn -0.0383 -0.7345 -0.6775
vn -0.0446 -0.5682 -0.8217
vn 0.2542 -0.5510 -0.7948
vn 0.0935 -0.5609 -0.8226
vn 0.4139 -0.6730 -0.6130
vn 0.1533 -0.7156 -0.6815
vn 0.3433 -0.4717 -0.8122
vn 0.1673 -0.4931 -0.8538
vn 0.0650 -0.4986 -0.8644
vn 0.0030 -0.5005 -0.8657
vn 0.0092 -0.5635 -0.8261
vn 0.0251 -0.7238 -0.6895
vn 0.0506 -0.9986 0.0162
vn 0.3086 -0.9511 0.0146
vn 0.6940 -0.7194 0.0287
vn 0.9237 -0.3817 0.0336
vn 0.7649 -0.4958 -0.4112
vn 0.5373 -0.4918 -0.6852
vn -0.5253 -0.2416 -0.8159
vn -0.1995 -0.3064 -0.9308
vn -0.6695 0.0046 -0.7428
vn -0.2478 -0.0715 -0.9662
vn -0.6483 -0.2862 -0.7056
vn -0.4179 -0.3518 -0.8376
vn -0.1700 -0.3893 -0.9053
vn -0.0443 -0.3990 -0.9159
vn -0.0446 -0.3261 -0.9443
vn -0.0383 -0.1115 -0.9930
vn -0.0518 0.6194 -0.7833
vn -0.3938 0.5993 -0.6970
vn -0.8232 0.3994 -0.4035
vn -0.9679 0.1889 -0.1658
vn -0.9292 0.0421 -0.3672
vn -0.8198 -0.1393 -0.5555
vn -0.0000 0.9913 -0.1317
vn -0.0000 0.9871 0.1603
vn 0.2720 0.9484 0.1630
vn 0.3148 0.9416 -0.1192
vn -0.0000 0.9563 -0.2924
vn 0.3277 0.9044 -0.2733
vn -0.0000 0.5512 0.8344
vn -0.0000 0.4518 0.8921
vn 0.0392 0.5490 0.8349
vn -0.0000 0.6456 0.7637
vn 0.0792 0.6403 0.7640
vn -0.0000 0.7399 0.6727
vn 0.1220 0.7302 0.6723
vn -0.0000 0.8340 0.5517
vn 0.1689 0.8175 0.5506
vn -0.0000 0.9223 0.3865
vn 0.2200 0.8961 0.3856
vn 0.4126 0.8259 0.3843
vn 0.4989 0.8495 0.1714
vn 0.5656 0.8200 -0.0877
vn 0.5848 0.7790 -0.2263
vn 0.0769 0.5425 0.8365
vn 0.1545 0.6250 0.7652
vn 0.2361 0.7022 0.6717
vn 0.3226 0.7717 0.5481
vn 0.1117 0.5321 0.8393
vn 0.2226 0.6009 0.7677
vn 0.3360 0.6598 0.6721
vn 0.4512 0.7053 0.5468
vn 0.5640 0.7302 0.3857
vn 0.6646 0.7238 0.1854
vn 0.7371 0.6742 -0.0475
vn 0.7570 0.6311 -0.1696
vn 0.6741 0.6258 0.3923
vn 0.7767 0.5956 0.2051
vn 0.8461 0.5330 -0.0048
vn 0.8645 0.4897 -0.1133
vn 0.1423 0.5182 0.8433
vn 0.2808 0.5699 0.7722
vn 0.4181 0.6076 0.6752
vn 0.5513 0.6279 0.5493
vn 0.3274 0.5341 0.7795
vn 0.4813 0.5500 0.6825
vn 0.6243 0.5470 0.5576
vn 0.7497 0.5228 0.4056
vn 0.8490 0.4756 0.2300
vn 0.9133 0.4054 0.0380
vn 0.9300 0.3626 -0.0603
vn 0.1675 0.5015 0.8488
vn 0.8934 0.3661 0.2604
vn 0.9533 0.2909 0.0812
vn 0.9686 0.2486 -0.0102
vn 0.1863 0.4828 0.8557
vn 0.3613 0.4954 0.7900
vn 0.5256 0.4904 0.6952
vn 0.6734 0.4671 0.5730
vn 0.7981 0.4255 0.4265
vn 0.5517 0.4313 0.7139
vn 0.7014 0.3905 0.5962
vn 0.8250 0.3346 0.4554
vn 0.9173 0.2657 0.2965
vn 0.9744 0.1863 0.1257
vn 0.9889 0.1439 0.0384
vn 0.1979 0.4628 0.8641
vn 0.3818 0.4556 0.8041
vn 0.9810 0.0875 0.1729
vn 0.9952 0.0443 0.0874
vn 0.2018 0.4425 0.8738
vn 0.3886 0.4163 0.8220
vn 0.5604 0.3742 0.7389
vn 0.7106 0.3179 0.6277
vn 0.8336 0.2496 0.4928
vn 0.9249 0.1718 0.3392
vn 0.5517 0.3203 0.7701
vn 0.7014 0.2496 0.6676
vn 0.8250 0.1691 0.5392
vn 0.9173 0.0818 0.3896
vn 0.9744 -0.0089 0.2245
vn 0.9889 -0.0541 0.1387
vn 0.1979 0.4227 0.8844
vn 0.3818 0.3787 0.8431
vn 0.9533 -0.1067 0.2826
vn 0.9686 -0.1553 0.1943
vn 0.1863 0.4042 0.8955
vn 0.3613 0.3437 0.8668
vn 0.5256 0.2702 0.8067
vn 0.6734 0.1855 0.7157
vn 0.7981 0.0921 0.5954
vn 0.8934 -0.0067 0.4492
vn 0.6243 0.1258 0.7710
vn 0.7497 0.0176 0.6615
vn 0.8490 -0.0960 0.5195
vn 0.9133 -0.2092 0.3493
vn 0.9300 -0.2632 0.2566
vn 0.1675 0.3875 0.9065
vn 0.3274 0.3123 0.8918
vn 0.4813 0.2248 0.8473
vn 0.1423 0.3732 0.9168
vn 0.2808 0.2853 0.9164
vn 0.4181 0.1848 0.8894
vn 0.5513 0.0713 0.8313
vn 0.6741 -0.0541 0.7366
vn 0.7767 -0.1871 0.6015
vn 0.8461 -0.3193 0.4268
vn 0.8645 -0.3811 0.3277
vn 0.4512 0.0235 0.8921
vn 0.5640 -0.1212 0.8168
vn 0.6646 -0.2788 0.6932
vn 0.7371 -0.4372 0.5154
vn 0.7570 -0.5101 0.4084
vn 0.1117 0.3617 0.9256
vn 0.2226 0.2633 0.9387
vn 0.3360 0.1514 0.9296
vn 0.0769 0.3533 0.9323
vn 0.1545 0.2470 0.9566
vn 0.2361 0.1260 0.9635
vn 0.3226 -0.0147 0.9464
vn 0.4126 -0.1789 0.8932
vn 0.4989 -0.3645 0.7863
vn 0.5656 -0.5559 0.6091
vn 0.5848 -0.6434 0.4940
vn 0.2200 -0.2194 0.9505
vn 0.2720 -0.4298 0.8610
vn 0.3148 -0.6533 0.6885
vn 0.3277 -0.7554 0.5674
vn 0.0392 0.3482 0.9366
vn 0.0792 0.2370 0.9683
vn 0.1220 0.1099 0.9864
vn 0.1689 -0.0399 0.9848
vn -0.0000 0.2336 0.9723
vn -0.0000 0.1044 0.9945
vn -0.0000 -0.0487 0.9988
vn -0.0000 -0.2342 0.9722
vn -0.0000 -0.4549 0.8906
vn -0.0000 -0.6927 0.7212
vn -0.0000 -0.8016 0.5979
vn -0.0000 0.3465 0.9381
vn -0.2720 -0.4298 0.8610
vn -0.3148 -0.6533 0.6885
vn -0.3277 -0.7554 0.5674
vn -0.0392 0.3482 0.9366
vn -0.0792 0.2370 0.9683
vn -0.1220 0.1099 0.9864
vn -0.1689 -0.0399 0.9848
vn -0.2200 -0.2194 0.9505
vn -0.1545 0.2470 0.9566
vn -0.2361 0.1260 0.9635
vn -0.3226 -0.0147 0.9464
vn -0.4126 -0.1789 0.8932
vn -0.4989 -0.3645 0.7863
vn -0.5656 -0.5559 0.6091
vn -0.5848 -0.6434 0.4940
vn -0.0769 0.3533 0.9323
vn -0.6646 -0.2788 0.6932
vn -0.7371 -0.4372 0.5154
vn -0.7570 -0.5101 0.4084
vn -0.1117 0.3617 0.9256
vn -0.2226 0.2633 0.9387
vn -0.3360 0.1514 0.9296
vn -0.4512 0.0235 0.8921
vn -0.5640 -0.1212 0.8168
vn -0.4181 0.1848 0.8894
vn -0.5513 0.0713 0.8313
vn -0.6741 -0.0541 0.7366
vn -0.7767 -0.1871 0.6015
vn -0.8461 -0.3193 0.4268
vn -0.8645 -0.3811 0.3277
vn -0.1423 0.3732 0.9168
vn -0.2808 0.2853 0.9164
vn -0.9133 -0.2092 0.3493
vn -0.9300 -0.2632 0.2566
vn -0.1675 0.3875 0.9065
vn -0.3274 0.3123 0.8918
vn -0.4813 0.2248 0.8473
vn -0.6243 0.1258 0.7710
vn -0.7497 0.0176 0.6615
vn -0.8490 -0.0960 0.5195
vn -0.5256 0.2702 0.8067
vn -0.6734 0.1855 0.7157
vn -0.7981 0.0921 0.5954
vn -0.8934 -0.0067 0.4492
vn -0.9533 -0.1067 0.2826
vn -0.9686 -0.1553 0.1943
vn -0.1863 0.4042 0.8955
vn -0.3613 0.3437 0.8668
vn -0.9744 -0.0089 0.2245
vn -0.9889 -0.0542 0.1387
vn -0.1979 0.4227 0.8844
vn -0.3818 0.3787 0.8431
vn -0.5517 0.3203 0.7701
vn -0.7014 0.2496 0.6676
vn -0.8250 0.1691 0.5392
vn -0.9173 0.0818 0.3896
vn -0.7106 0.3179 0.6277
vn -0.8336 0.2496 0.4928
vn -0.9249 0.1718 0.3392
vn -0.9810 0.0875 0.1729
vn -0.9952 0.0443 0.0874
vn -0.2018 0.4425 0.8738
vn -0.3886 0.4163 0.8220
vn -0.5604 0.3742 0.7389
vn -0.1979 0.4628 0.8641
vn -0.3818 0.4556 0.8041
vn -0.5517 0.4313 0.7139
vn -0.7014 0.3905 0.5962
vn -0.8250 0.3346 0.4554
vn -0.9173 0.2657 0.2965
vn -0.9744 0.1863 0.1257
vn -0.9889 0.1439 0.0384
vn -0.7981 0.4255 0.4265
vn -0.8934 0.3661 0.2604
vn -0.9533 0.2909 0.0812
vn -0.9686 0.2486 -0.0102
vn -0.1863 0.4828 0.8557
vn -0.3613 0.4954 0.7900
vn -0.5256 0.4904 0.6952
vn -0.6734 0.4671 0.5730
vn -0.1675 0.5015 0.8488
vn -0.3274 0.5341 0.7795
vn -0.4813 0.5500 0.6825
vn -0.6243 0.5470 0.5576
vn -0.7497 0.5228 0.4056
vn -0.8490 0.4756 0.2300
vn -0.9133 0.4054 0.0380
vn -0.9300 0.3626 -0.0603
vn -0.6741 0.6258 0.3923
vn -0.7767 0.5956 0.2051
vn -0.8461 0.5330 -0.0048
vn -0.8645 0.4897 -0.1133
vn -0.1423 0.5182 0.8433
vn -0.2808 0.5699 0.7722
vn -0.4181 0.6076 0.6752
vn -0.5513 0.6279 0.5493
vn -0.2226 0.6009 0.7677
vn -0.3360 0.6598 0.6721
vn -0.4512 0.7053 0.5468
vn -0.5640 0.7302 0.3857
vn -0.6646 0.7238 0.1854
vn -0.7371 0.6742 -0.0475
vn -0.7570 0.6311 -0.1696
vn -0.1117 0.5321 0.8393
vn -0.4989 0.8495 0.1714
vn -0.5656 0.8200 -0.0877
vn -0.5848 0.7790 -0.2264
vn -0.0769 0.5425 0.8365
vn -0.1545 0.6250 0.7652
vn -0.2361 0.7022 0.6717
vn -0.3226 0.7717 0.5481
vn -0.4126 0.8259 0.3843
vn -0.0792 0.6403 0.7640
vn -0.1220 0.7302 0.6723
vn -0.1689 0.8175 0.5506
vn -0.2200 0.8961 0.3856
vn -0.2720 0.9484 0.1630
vn -0.3148 0.9416 -0.1192
vn -0.3277 0.9044 -0.2733
vn -0.0392 0.5490 0.8349
vt 0.723283 0.698381
vt 0.797966 0.698253
vt 0.797014 0.779787
vt 0.723164 0.780816
vt 0.871601 0.697977
vt 0.868713 0.777583
vt 0.794976 0.857938
vt 0.722909 0.861061
vt 0.862270 0.850971
vt 0.659744 0.626413
vt 0.723300 0.626413
vt 0.659744 0.698400
vt 0.798102 0.626413
vt 0.872013 0.626413
vt 0.932898 0.626413
vt 0.932180 0.697812
vt 0.927151 0.776260
vt 0.914748 0.846131
vt 0.899348 0.891155
vt 0.857794 0.907808
vt 0.793752 0.921222
vt 0.722756 0.926660
vt 0.659744 0.861508
vt 0.659744 0.927437
vt 0.659744 0.780963
vt 0.128399 0.697977
vt 0.202034 0.698253
vt 0.202986 0.779787
vt 0.131287 0.777583
vt 0.276717 0.698381
vt 0.276836 0.780816
vt 0.205024 0.857938
vt 0.137730 0.850971
vt 0.277091 0.861061
vt 0.067102 0.626413
vt 0.127987 0.626413
vt 0.067820 0.697812
vt 0.201898 0.626413
vt 0.276700 0.626413
vt 0.340256 0.626413
vt 0.340256 0.698400
vt 0.340256 0.780963
vt 0.340256 0.861508
vt 0.340256 0.927437
vt 0.277244 0.926660
vt 0.206248 0.921222
vt 0.142206 0.907808
vt 0.085252 0.846131
vt 0.100652 0.891155
vt 0.072849 0.776260
vt 0.127987 0.425467
vt 0.201899 0.425467
vt 0.201898 0.459966
vt 0.127987 0.459966
vt 0.276700 0.425467
vt 0.276700 0.459966
vt 0.201899 0.482880
vt 0.127987 0.482880
vt 0.276700 0.482880
vt 0.067102 0.373588
vt 0.127987 0.373588
vt 0.067102 0.425467
vt 0.201898 0.373587
vt 0.276701 0.373588
vt 0.340256 0.373588
vt 0.340256 0.425467
vt 0.340256 0.459966
vt 0.340256 0.482880
vt 0.340256 0.500000
vt 0.276701 0.500000
vt 0.201898 0.500000
vt 0.127987 0.500000
vt 0.067102 0.482880
vt 0.067102 0.500000
vt 0.067102 0.459966
vt 0.616561 0.698400
vt 0.616561 0.780963
vt 0.590843 0.780963
vt 0.590844 0.698400
vt 0.616561 0.861508
vt 0.590844 0.861508
vt 0.576673 0.780963
vt 0.576673 0.698400
vt 0.576673 0.861508
vt 0.616561 0.626413
vt 0.616561 0.927437
vt 0.590844 0.927437
vt 0.576673 0.927437
vt 0.568131 0.927437
vt 0.568131 0.861508
vt 0.568131 0.780963
vt 0.568131 0.698400
vt 0.576673 0.626413
vt 0.568131 0.626413
vt 0.590844 0.626413
vt 0.560291 0.698400
vt 0.560291 0.780963
vt 0.552193 0.780963
vt 0.552193 0.698400
vt 0.560291 0.861508
vt 0.552193 0.861508
vt 0.543867 0.780963
vt 0.543867 0.698400
vt 0.543867 0.861508
vt 0.560291 0.626413
vt 0.560291 0.927437
vt 0.552193 0.927437
vt 0.543867 0.927437
vt 0.535343 0.927436
vt 0.535343 0.861508
vt 0.535343 0.780963
vt 0.535343 0.698400
vt 0.543867 0.626413
vt 0.535343 0.626413
vt 0.552193 0.626413
vt 0.526654 0.698400
vt 0.526654 0.780963
vt 0.517839 0.780963
vt 0.517839 0.698400
vt 0.526654 0.861508
vt 0.517839 0.861508
vt 0.508940 0.780963
vt 0.508940 0.698400
vt 0.508940 0.861508
vt 0.526654 0.626413
vt 0.526654 0.927437
vt 0.517839 0.927437
vt 0.508940 0.927437
vt 0.500000 0.927436
vt 0.500000 0.861508
vt 0.500000 0.780963
vt 0.500000 0.698400
vt 0.508940 0.626413
vt 0.500000 0.626413
vt 0.517839 0.626413
vt 0.491060 0.698400
vt 0.491060 0.780963
vt 0.482161 0.780963
vt 0.482161 0.698400
vt 0.491060 0.861508
vt 0.482161 0.861508
vt 0.473346 0.780963
vt 0.473347 0.698400
vt 0.473346 0.861508
vt 0.491060 0.626413
vt 0.491060 0.927437
vt 0.482161 0.927437
vt 0.473346 0.927437
vt 0.464657 0.927436
vt 0.464657 0.861508
vt 0.464657 0.780963
vt 0.464657 0.698400
vt 0.473346 0.626413
vt 0.464657 0.626413
vt 0.482161 0.626413
vt 0.456133 0.698400
vt 0.456133 0.780963
vt 0.447807 0.780963
vt 0.447807 0.698400
vt 0.456133 0.861508
vt 0.447807 0.861508
vt 0.439709 0.780963
vt 0.439709 0.698400
vt 0.439709 0.861508
vt 0.456133 0.626413
vt 0.456133 0.927437
vt 0.447807 0.927437
vt 0.439709 0.927437
vt 0.431869 0.927436
vt 0.431869 0.861508
vt 0.431869 0.780963
vt 0.431869 0.698400
vt 0.439709 0.626413
vt 0.431869 0.626413
vt 0.447807 0.626413
vt 0.423327 0.698400
vt 0.423327 0.780963
vt 0.409156 0.780963
vt 0.409156 0.698400
vt 0.423327 0.861508
vt 0.409156 0.861508
vt 0.383439 0.780963
vt 0.383439 0.698400
vt 0.383439 0.861508
vt 0.423327 0.626413
vt 0.423327 0.927437
vt 0.409156 0.927437
vt 0.383439 0.927437
vt 0.383439 0.626413
vt 0.409156 0.626413
vt 0.616561 0.425467
vt 0.616561 0.459966
vt 0.590843 0.459966
vt 0.590844 0.425467
vt 0.616561 0.482880
vt 0.590844 0.482880
vt 0.576673 0.459966
vt 0.576673 0.425467
vt 0.576673 0.482880
vt 0.659744 0.373588
vt 0.659744 0.425467
vt 0.616561 0.373588
vt 0.659744 0.459966
vt 0.659744 0.482880
vt 0.659744 0.500000
vt 0.616561 0.500000
vt 0.590844 0.500000
vt 0.576673 0.500000
vt 0.568131 0.500000
vt 0.568131 0.482880
vt 0.568131 0.459966
vt 0.568131 0.425467
vt 0.576673 0.373588
vt 0.568131 0.373588
vt 0.590844 0.373588
vt 0.560291 0.425467
vt 0.560291 0.459966
vt 0.552193 0.459966
vt 0.552193 0.425467
vt 0.560291 0.482880
vt 0.552193 0.482880
vt 0.543867 0.459966
vt 0.543867 0.425467
vt 0.543867 0.482880
vt 0.560291 0.373587
vt 0.560291 0.500000
vt 0.552193 0.500000
vt 0.543867 0.500000
vt 0.535343 0.500000
vt 0.535343 0.482880
vt 0.535343 0.459966
vt 0.535343 0.425467
vt 0.543867 0.373587
vt 0.535343 0.373588
vt 0.552193 0.373588
vt 0.526654 0.425467
vt 0.526654 0.459966
vt 0.517839 0.459966
vt 0.517839 0.425467
vt 0.526654 0.482880
vt 0.517839 0.482880
vt 0.508940 0.459966
vt 0.508940 0.425467
vt 0.508940 0.482880
vt 0.526654 0.373587
vt 0.526654 0.500000
vt 0.517839 0.500000
vt 0.508940 0.500000
vt 0.500000 0.500000
vt 0.500000 0.482880
vt 0.500000 0.459966
vt 0.500000 0.425467
vt 0.508940 0.373587
vt 0.500000 0.373588
vt 0.517839 0.373588
vt 0.491060 0.425467
vt 0.491060 0.459966
vt 0.482161 0.459966
vt 0.482161 0.425467
vt 0.491060 0.482880
vt 0.482161 0.482880
vt 0.473346 0.459966
vt 0.473347 0.425467
vt 0.473346 0.482880
vt 0.491060 0.373587
vt 0.491060 0.500000
vt 0.482161 0.500000
vt 0.473346 0.500000
vt 0.464657 0.500000
vt 0.464657 0.482880
vt 0.464657 0.459966
vt 0.464657 0.425467
vt 0.473346 0.373588
vt 0.464657 0.373588
vt 0.482161 0.373588
vt 0.456133 0.425467
vt 0.456133 0.459966
vt 0.447807 0.459966
vt 0.447807 0.425467
vt 0.456133 0.482880
vt 0.447807 0.482880
vt 0.439709 0.459966
vt 0.439709 0.425467
vt 0.439709 0.482880
vt 0.456133 0.373588
vt 0.456133 0.500000
vt 0.447807 0.500000
vt 0.439709 0.500000
vt 0.431869 0.500000
vt 0.431869 0.482880
vt 0.431869 0.459966
vt 0.431869 0.425467
vt 0.439709 0.373588
vt 0.431869 0.373588
vt 0.447807 0.373588
vt 0.423327 0.425467
vt 0.423327 0.459966
vt 0.409156 0.459966
vt 0.409156 0.425467
vt 0.423327 0.482880
vt 0.409157 0.482880
vt 0.383439 0.459966
vt 0.383439 0.425467
vt 0.383439 0.482880
vt 0.423327 0.373588
vt 0.423327 0.500000
vt 0.409157 0.500000
vt 0.383439 0.500000
vt 0.383439 0.373588
vt 0.409157 0.373588
vt 0.723300 0.425467
vt 0.798102 0.425467
vt 0.798102 0.459966
vt 0.723300 0.459966
vt 0.872013 0.425467
vt 0.872013 0.459966
vt 0.798102 0.482880
vt 0.723300 0.482880
vt 0.872013 0.482880
vt 0.723300 0.373588
vt 0.798102 0.373587
vt 0.872013 0.373588
vt 0.932898 0.373588
vt 0.932898 0.425467
vt 0.932898 0.459966
vt 0.932898 0.482880
vt 0.932898 0.500000
vt 0.872013 0.500000
vt 0.798102 0.500000
vt 0.723300 0.500000
vt 0.723881 0.699071
vt 0.720613 0.789873
vt 0.805190 0.788746
vt 0.806327 0.695832
vt 0.712028 0.892100
vt 0.802430 0.891959
vt 0.900160 0.786011
vt 0.900302 0.687323
vt 0.899814 0.891617
vt 0.659744 0.626413
vt 0.659094 0.699533
vt 0.724348 0.625769
vt 0.654548 0.790034
vt 0.640908 0.892120
vt 0.597390 1.000000
vt 0.698043 1.000000
vt 0.798695 1.000000
vt 0.899348 1.000000
vt 1.000000 1.000000
vt 1.000000 0.891155
vt 1.000000 0.782310
vt 1.000000 0.673464
vt 0.900322 0.607746
vt 1.000000 0.564619
vt 0.806489 0.621263
vt 0.099698 0.687324
vt 0.099841 0.786011
vt 0.194810 0.788746
vt 0.193673 0.695832
vt 0.100186 0.891617
vt 0.197570 0.891959
vt 0.279387 0.789873
vt 0.276119 0.699071
vt 0.287973 0.892100
vt 0.000000 0.564619
vt 0.000000 0.673464
vt 0.099678 0.607746
vt 0.000000 0.782310
vt 0.000000 0.891155
vt 0.000000 1.000000
vt 0.100652 1.000000
vt 0.201305 1.000000
vt 0.301957 1.000000
vt 0.402610 1.000000
vt 0.359092 0.892120
vt 0.345453 0.790034
vt 0.340906 0.699533
vt 0.275652 0.625769
vt 0.340256 0.626413
vt 0.193511 0.621263
vt 0.099678 0.437677
vt 0.099678 0.463989
vt 0.193511 0.461254
vt 0.193511 0.429168
vt 0.099678 0.483383
vt 0.193511 0.483041
vt 0.275652 0.460127
vt 0.275652 0.425929
vt 0.275652 0.482900
vt 0.000000 0.435381
vt 0.000000 0.451536
vt 0.099678 0.392254
vt 0.000000 0.467691
vt 0.000000 0.483845
vt 0.000000 0.500000
vt 0.099678 0.500000
vt 0.193511 0.500000
vt 0.275652 0.500000
vt 0.340256 0.500000
vt 0.340256 0.482880
vt 0.340256 0.459966
vt 0.340256 0.425467
vt 0.275652 0.374231
vt 0.340256 0.373587
vt 0.193511 0.378737
vt 0.616101 0.699071
vt 0.590731 0.695832
vt 0.589577 0.788746
vt 0.612831 0.789873
vt 0.576806 0.687665
vt 0.576603 0.786171
vt 0.586836 0.891959
vt 0.604247 0.892100
vt 0.576323 0.891638
vt 0.616571 0.625769
vt 0.590924 0.621263
vt 0.576950 0.607826
vt 0.568901 0.564619
vt 0.568371 0.677326
vt 0.568259 0.783597
vt 0.568372 0.891316
vt 0.568901 1.000000
vt 0.576024 1.000000
vt 0.583146 1.000000
vt 0.590268 1.000000
vt 0.560451 0.673709
vt 0.552263 0.672687
vt 0.552225 0.781179
vt 0.560383 0.782329
vt 0.543975 0.670840
vt 0.543886 0.778493
vt 0.552263 0.890377
vt 0.560451 0.891078
vt 0.543924 0.888531
vt 0.560623 0.564619
vt 0.552345 0.564619
vt 0.544067 0.564619
vt 0.535789 0.564619
vt 0.535907 0.667245
vt 0.535468 0.773263
vt 0.535404 0.884935
vt 0.535789 1.000000
vt 0.544067 1.000000
vt 0.552345 1.000000
vt 0.560623 1.000000
vt 0.560638 0.451536
vt 0.552463 0.451536
vt 0.552550 0.467691
vt 0.560649 0.467691
vt 0.544509 0.451536
vt 0.544780 0.467691
vt 0.552586 0.483845
vt 0.560653 0.483845
vt 0.544884 0.483845
vt 0.568901 0.435381
vt 0.560623 0.435381
vt 0.568901 0.451536
vt 0.552345 0.435381
vt 0.544067 0.435381
vt 0.535789 0.435381
vt 0.537164 0.451536
vt 0.537595 0.467691
vt 0.537739 0.483845
vt 0.537759 0.500000
vt 0.544898 0.500000
vt 0.552591 0.500000
vt 0.560654 0.500000
vt 0.568901 0.483845
vt 0.568901 0.500000
vt 0.568901 0.467691
vt 0.528523 0.660684
vt 0.521789 0.646381
vt 0.517229 0.743802
vt 0.526952 0.763999
vt 0.516160 0.620124
vt 0.511793 0.668322
vt 0.506101 0.696019
vt 0.507994 0.772139
vt 0.508724 0.878915
vt 0.517617 0.875342
vt 0.526605 0.879429
vt 0.530466 0.564619
vt 0.525144 0.564619
vt 0.514499 0.564619
vt 0.510963 0.595119
vt 0.519821 0.564619
vt 0.507526 0.623642
vt 0.500000 0.664216
vt 0.500000 0.705228
vt 0.503460 0.647142
vt 0.500000 0.778835
vt 0.500000 1.000000
vt 0.508947 1.000000
vt 0.500000 0.881427
vt 0.517895 1.000000
vt 0.526842 1.000000
vt 0.456025 0.670840
vt 0.447738 0.672687
vt 0.447775 0.781179
vt 0.456114 0.778493
vt 0.439549 0.673709
vt 0.439617 0.782329
vt 0.447738 0.890377
vt 0.456076 0.888531
vt 0.439549 0.891078
vt 0.464211 0.564619
vt 0.455933 0.564619
vt 0.464093 0.667245
vt 0.447655 0.564619
vt 0.439377 0.564619
vt 0.431099 0.564619
vt 0.431630 0.677326
vt 0.431741 0.783597
vt 0.431628 0.891316
vt 0.431099 1.000000
vt 0.439377 1.000000
vt 0.447655 1.000000
vt 0.455933 1.000000
vt 0.464596 0.884935
vt 0.464211 1.000000
vt 0.464532 0.773263
vt 0.423194 0.687665
vt 0.409269 0.695832
vt 0.410423 0.788746
vt 0.423397 0.786172
vt 0.383899 0.699071
vt 0.387169 0.789873
vt 0.413164 0.891959
vt 0.423677 0.891638
vt 0.395753 0.892100
vt 0.423050 0.607826
vt 0.409076 0.621263
vt 0.383429 0.625769
vt 0.409732 1.000000
vt 0.416854 1.000000
vt 0.423977 1.000000
vt 0.616573 0.425929
vt 0.590938 0.429168
vt 0.590940 0.461254
vt 0.616573 0.460127
vt 0.576994 0.437677
vt 0.576998 0.463989
vt 0.590940 0.483041
vt 0.616573 0.482900
vt 0.576998 0.483383
vt 0.659744 0.373587
vt 0.616571 0.374231
vt 0.659744 0.425467
vt 0.590924 0.378737
vt 0.576950 0.392079
vt 0.568901 0.435381
vt 0.576998 0.500000
vt 0.590940 0.500000
vt 0.616573 0.500000
vt 0.659744 0.482880
vt 0.659744 0.500000
vt 0.659744 0.459966
vt 0.480129 0.435441
vt 0.474606 0.435409
vt 0.474651 0.435381
vt 0.480153 0.435381
vt 0.468716 0.435385
vt 0.468820 0.435381
vt 0.474738 0.435381
vt 0.480164 0.435381
vt 0.469092 0.435381
vt 0.485501 0.435381
vt 0.479926 0.436054
vt 0.485501 0.435381
vt 0.474536 0.435606
vt 0.468693 0.435409
vt 0.462241 0.435381
vt 0.462261 0.435381
vt 0.462405 0.435381
vt 0.462836 0.435381
vt 0.464211 0.435381
vt 0.469534 0.435381
vt 0.474856 0.435381
vt 0.480179 0.435381
vt 0.485502 0.435381
vt 0.526597 0.119637
vt 0.517603 0.124139
vt 0.517090 0.251621
vt 0.526879 0.228334
vt 0.508721 0.120997
vt 0.507979 0.227432
vt 0.506083 0.303566
vt 0.511645 0.328163
vt 0.515598 0.367223
vt 0.521111 0.332192
vt 0.528243 0.312799
vt 0.535789 0.000000
vt 0.526842 0.000000
vt 0.535411 0.114002
vt 0.517895 0.000000
vt 0.535522 0.218232
vt 0.500000 0.000000
vt 0.500000 0.118573
vt 0.508947 0.000000
vt 0.500000 0.221165
vt 0.500000 0.335784
vt 0.503453 0.352705
vt 0.500000 0.294772
vt 0.507471 0.375129
vt 0.514499 0.435381
vt 0.518140 0.403121
vt 0.510806 0.401417
vt 0.523336 0.383164
vt 0.536878 0.367341
vt 0.536131 0.304051
vt 0.529692 0.372287
vt 0.439362 0.564538
vt 0.447537 0.564479
vt 0.447450 0.563497
vt 0.439351 0.563974
vt 0.455491 0.564454
vt 0.455220 0.563301
vt 0.447414 0.560720
vt 0.439347 0.562203
vt 0.455116 0.560156
vt 0.431099 0.564619
vt 0.431099 0.564619
vt 0.464211 0.564619
vt 0.462836 0.564451
vt 0.462405 0.563273
vt 0.462261 0.560075
vt 0.462241 0.553849
vt 0.455102 0.553961
vt 0.447409 0.554746
vt 0.439346 0.557102
vt 0.469064 0.564371
vt 0.474519 0.563812
vt 0.474224 0.562201
vt 0.468767 0.563139
vt 0.479346 0.562056
vt 0.478694 0.559546
vt 0.474015 0.558929
vt 0.468642 0.559932
vt 0.478163 0.556236
vt 0.469534 0.564619
vt 0.474856 0.564619
vt 0.480179 0.564619
vt 0.485501 0.564619
vt 0.482987 0.556987
vt 0.481945 0.553824
vt 0.481030 0.551048
vt 0.480179 0.548464
vt 0.477899 0.550936
vt 0.473936 0.552927
vt 0.468618 0.553734
vt 0.423007 0.437677
vt 0.409062 0.429168
vt 0.409060 0.461254
vt 0.423002 0.463990
vt 0.383427 0.425929
vt 0.383427 0.460127
vt 0.409060 0.483041
vt 0.423002 0.483383
vt 0.383427 0.482900
vt 0.431099 0.435381
vt 0.423050 0.392174
vt 0.431099 0.451536
vt 0.409076 0.378737
vt 0.383429 0.374231
vt 0.383427 0.500000
vt 0.409060 0.500000
vt 0.423002 0.500000
vt 0.431099 0.483845
vt 0.431099 0.500000
vt 0.431099 0.467691
vt 0.724348 0.425929
vt 0.724348 0.460127
vt 0.806489 0.461254
vt 0.806489 0.429168
vt 0.724348 0.482900
vt 0.806489 0.483041
vt 0.900322 0.463989
vt 0.900322 0.437677
vt 0.900322 0.483383
vt 0.724348 0.374231
vt 0.724348 0.500000
vt 0.806489 0.500000
vt 0.900322 0.500000
vt 1.000000 0.500000
vt 1.000000 0.483845
vt 1.000000 0.467691
vt 1.000000 0.451536
vt 0.900322 0.392254
vt 1.000000 0.435381
vt 0.806489 0.378737
vt 0.872495 0.030069
vt 0.798114 0.008881
vt 0.798201 0.007559
vt 0.875870 0.026266
vt 0.722855 0.001110
vt 0.719740 0.000945
vt 0.798411 0.004346
vt 0.884765 0.016275
vt 0.711525 0.000543
vt 0.932898 0.072564
vt 0.872013 0.030613
vt 0.933597 0.071808
vt 0.798102 0.009070
vt 0.723300 0.001134
vt 0.659744 0.000000
vt 0.659094 0.000000
vt 0.654548 0.000000
vt 0.640908 0.000000
vt 0.597390 0.000000
vt 0.698043 0.000000
vt 0.798695 0.000000
vt 0.899348 0.000000
vt 0.953169 0.050643
vt 1.000000 0.000000
vt 0.938490 0.066517
vt 0.616095 0.000000
vt 0.590683 0.000000
vt 0.589561 0.000000
vt 0.612829 0.000000
vt 0.576658 0.000000
vt 0.576557 0.000000
vt 0.586834 0.000000
vt 0.604247 0.000000
vt 0.576318 0.000000
vt 0.616561 0.000000
vt 0.590844 0.000000
vt 0.576673 0.000000
vt 0.568131 0.000000
vt 0.568139 0.000000
vt 0.568195 0.000000
vt 0.568364 0.000000
vt 0.568901 0.000000
vt 0.576024 0.000000
vt 0.583146 0.000000
vt 0.590268 0.000000
vt 0.137730 0.942977
vt 0.205024 0.961472
vt 0.202986 0.982195
vt 0.131287 0.961472
vt 0.277091 0.968398
vt 0.276836 0.989838
vt 0.202034 0.989838
vt 0.128399 0.968398
vt 0.276717 0.997738
vt 0.085252 0.907808
vt 0.340256 0.969387
vt 0.340256 0.990930
vt 0.340256 0.998866
vt 0.340256 1.000000
vt 0.276700 0.998866
vt 0.201898 0.990930
vt 0.127987 0.969387
vt 0.067820 0.926660
vt 0.067102 0.927437
vt 0.072849 0.921222
vt 0.862270 0.057023
vt 0.794976 0.038528
vt 0.797014 0.017805
vt 0.868713 0.038528
vt 0.722909 0.031602
vt 0.723164 0.010162
vt 0.797966 0.010162
vt 0.871601 0.031602
vt 0.723283 0.002262
vt 0.899348 0.108845
vt 0.857794 0.092192
vt 0.914748 0.092192
vt 0.793752 0.078778
vt 0.722756 0.073340
vt 0.659744 0.072564
vt 0.659744 0.030613
vt 0.659744 0.009070
vt 0.659744 0.001134
vt 0.932180 0.073340
vt 0.927151 0.078778
vt 0.576673 0.969387
vt 0.590844 0.969387
vt 0.590844 0.990930
vt 0.576673 0.990930
vt 0.616561 0.969387
vt 0.616561 0.990930
vt 0.590844 0.998866
vt 0.576673 0.998866
vt 0.616561 0.998866
vt 0.568131 0.969387
vt 0.659744 0.969387
vt 0.659744 0.990930
vt 0.659744 0.998866
vt 0.659744 1.000000
vt 0.616561 1.000000
vt 0.590844 1.000000
vt 0.576673 1.000000
vt 0.568131 0.998866
vt 0.568131 1.000000
vt 0.568131 0.990930
vt 0.543867 0.969387
vt 0.552193 0.969387
vt 0.552193 0.990930
vt 0.543867 0.990930
vt 0.560291 0.969387
vt 0.560291 0.990930
vt 0.552193 0.998866
vt 0.543867 0.998866
vt 0.560291 0.998866
vt 0.535343 0.969387
vt 0.560291 1.000000
vt 0.552193 1.000000
vt 0.543867 1.000000
vt 0.535343 0.998866
vt 0.535343 1.000000
vt 0.535343 0.990930
vt 0.508940 0.969387
vt 0.517839 0.969387
vt 0.517839 0.990930
vt 0.508940 0.990930
vt 0.526654 0.969387
vt 0.526654 0.990930
vt 0.517839 0.998866
vt 0.508940 0.998866
vt 0.526654 0.998866
vt 0.500000 0.969387
vt 0.526654 1.000000
vt 0.517839 1.000000
vt 0.508940 1.000000
vt 0.500000 0.998866
vt 0.500000 0.990930
vt 0.473347 0.969387
vt 0.482161 0.969387
vt 0.482161 0.990930
vt 0.473347 0.990930
vt 0.491060 0.969387
vt 0.491060 0.990930
vt 0.482161 0.998866
vt 0.473346 0.998866
vt 0.491060 0.998866
vt 0.464657 0.969387
vt 0.491060 1.000000
vt 0.482161 1.000000
vt 0.473346 1.000000
vt 0.464657 0.998866
vt 0.464657 1.000000
vt 0.464657 0.990930
vt 0.439709 0.969387
vt 0.447807 0.969387
vt 0.447807 0.990930
vt 0.439709 0.990930
vt 0.456133 0.969387
vt 0.456133 0.990930
vt 0.447807 0.998866
vt 0.439709 0.998866
vt 0.456133 0.998866
vt 0.431869 0.969387
vt 0.456133 1.000000
vt 0.447807 1.000000
vt 0.439709 1.000000
vt 0.431869 0.998866
vt 0.431869 1.000000
vt 0.431869 0.990930
vt 0.383439 0.969387
vt 0.409156 0.969387
vt 0.409156 0.990930
vt 0.383439 0.990930
vt 0.423327 0.969387
vt 0.423327 0.990930
vt 0.409156 0.998866
vt 0.383439 0.998866
vt 0.423327 0.998866
vt 0.423327 1.000000
vt 0.409156 1.000000
vt 0.383439 1.000000
vt 0.616561 0.030613
vt 0.590844 0.030613
vt 0.590844 0.009070
vt 0.616561 0.009070
vt 0.576673 0.030613
vt 0.576673 0.009070
vt 0.590844 0.001134
vt 0.616561 0.001134
vt 0.576673 0.001134
vt 0.616561 0.072564
vt 0.590844 0.072564
vt 0.576673 0.072564
vt 0.568131 0.072564
vt 0.568131 0.030613
vt 0.568131 0.009070
vt 0.568131 0.001134
vt 0.568131 0.000000
vt 0.576673 0.000000
vt 0.616561 0.000000
vt 0.560291 0.030613
vt 0.552193 0.030613
vt 0.552193 0.009070
vt 0.560291 0.009070
vt 0.543867 0.030613
vt 0.543867 0.009070
vt 0.552193 0.001134
vt 0.560291 0.001134
vt 0.543867 0.001134
vt 0.560291 0.072564
vt 0.552193 0.072564
vt 0.543867 0.072564
vt 0.535343 0.072564
vt 0.535343 0.030613
vt 0.535343 0.009070
vt 0.535343 0.001134
vt 0.535343 0.000000
vt 0.543867 0.000000
vt 0.552193 0.000000
vt 0.560291 0.000000
vt 0.526654 0.030613
vt 0.517839 0.030613
vt 0.517839 0.009070
vt 0.526654 0.009070
vt 0.508940 0.030613
vt 0.508940 0.009070
vt 0.517839 0.001134
vt 0.526654 0.001134
vt 0.508940 0.001134
vt 0.526654 0.072564
vt 0.517839 0.072564
vt 0.508940 0.072564
vt 0.500000 0.072564
vt 0.500000 0.030613
vt 0.500000 0.009070
vt 0.500000 0.001134
vt 0.500000 0.000000
vt 0.508940 0.000000
vt 0.517839 0.000000
vt 0.526654 0.000000
vt 0.491060 0.030613
vt 0.482161 0.030613
vt 0.482161 0.009070
vt 0.491060 0.009070
vt 0.473347 0.030613
vt 0.473346 0.009070
vt 0.482161 0.001134
vt 0.491060 0.001134
vt 0.473346 0.001134
vt 0.491060 0.072564
vt 0.482161 0.072564
vt 0.473347 0.072564
vt 0.464657 0.072564
vt 0.464657 0.030613
vt 0.464657 0.009070
vt 0.464657 0.001134
vt 0.464657 0.000000
vt 0.473347 0.000000
vt 0.482161 0.000000
vt 0.491060 0.000000
vt 0.456133 0.030613
vt 0.447807 0.030613
vt 0.447807 0.009070
vt 0.456133 0.009070
vt 0.439709 0.030613
vt 0.439709 0.009070
vt 0.447807 0.001134
vt 0.456133 0.001134
vt 0.439709 0.001134
vt 0.456133 0.072564
vt 0.447807 0.072564
vt 0.439709 0.072564
vt 0.431869 0.072564
vt 0.431869 0.030613
vt 0.431869 0.009070
vt 0.431869 0.001134
vt 0.431869 0.000000
vt 0.439709 0.000000
vt 0.447807 0.000000
vt 0.456133 0.000000
vt 0.423327 0.030613
vt 0.409156 0.030613
vt 0.409156 0.009070
vt 0.423327 0.009070
vt 0.383439 0.030613
vt 0.383439 0.009070
vt 0.409156 0.001134
vt 0.423327 0.001134
vt 0.383439 0.001134
vt 0.423327 0.072564
vt 0.409156 0.072564
vt 0.383439 0.072564
vt 0.340256 0.072564
vt 0.340256 0.030613
vt 0.340256 0.009070
vt 0.340256 0.001134
vt 0.340256 0.000000
vt 0.383439 0.000000
vt 0.409156 0.000000
vt 0.423327 0.000000
vt 0.970777 0.302023
vt 0.964372 0.222417
vt 0.983535 0.220213
vt 0.990603 0.301748
vt 0.947270 0.149029
vt 0.964372 0.142062
vt 0.990603 0.219184
vt 0.997908 0.301619
vt 0.970777 0.138939
vt 0.932180 0.302188
vt 0.971692 0.373588
vt 0.927151 0.223740
vt 0.914748 0.153869
vt 0.971692 0.138493
vt 0.991612 0.219037
vt 0.998952 0.301601
vt 0.998952 0.373588
vt 1.000000 0.373587
vt 0.991612 0.373587
vt 0.028309 0.425467
vt 0.028309 0.459966
vt 0.008388 0.459966
vt 0.008388 0.425467
vt 0.028309 0.482880
vt 0.008388 0.482880
vt 0.001048 0.459966
vt 0.001048 0.425467
vt 0.001048 0.482880
vt 0.028309 0.373587
vt 0.028309 0.500000
vt 0.008388 0.500000
vt 0.001048 0.500000
vt 0.000000 0.482880
vt 0.000000 0.459966
vt 0.000000 0.425467
vt 0.001048 0.373587
vt 0.000000 0.373588
vt 0.008388 0.373588
vt 0.029223 0.697977
vt 0.035628 0.777583
vt 0.016465 0.779787
vt 0.009397 0.698253
vt 0.052731 0.850971
vt 0.035628 0.857938
vt 0.009397 0.780816
vt 0.002092 0.698381
vt 0.029223 0.861061
vt 0.028309 0.626413
vt 0.028309 0.861508
vt 0.008388 0.780963
vt 0.001048 0.698400
vt 0.001048 0.626413
vt 0.000000 0.626413
vt 0.008388 0.626413
vt 0.971692 0.574533
vt 0.971692 0.540034
vt 0.991612 0.540034
vt 0.991612 0.574533
vt 0.971692 0.517120
vt 0.991612 0.517120
vt 0.998952 0.540034
vt 0.998952 0.574533
vt 0.998952 0.517120
vt 0.932898 0.574533
vt 0.971692 0.626413
vt 0.932898 0.540034
vt 0.932898 0.517120
vt 0.971692 0.500000
vt 0.991612 0.500000
vt 0.998952 0.500000
vt 1.000000 0.517120
vt 1.000000 0.540034
vt 1.000000 0.574533
vt 0.998952 0.626413
vt 1.000000 0.626413
vt 0.991612 0.626413
vt 1.000000 0.574071
vt 1.000000 0.539873
vt 1.000000 0.538746
vt 1.000000 0.570832
vt 1.000000 0.517100
vt 1.000000 0.516959
vt 1.000000 0.536011
vt 1.000000 0.562323
vt 1.000000 0.516617
vt 1.000000 0.574533
vt 1.000000 0.625769
vt 1.000000 0.540034
vt 1.000000 0.517120
vt 1.000000 0.500000
vt 1.000000 0.500000
vt 1.000000 0.516155
vt 1.000000 0.532309
vt 1.000000 0.548464
vt 1.000000 0.607746
vt 1.000000 0.621263
vt 0.722855 0.998890
vt 0.798114 0.991119
vt 0.798200 0.992441
vt 0.719740 0.999055
vt 0.872495 0.969931
vt 0.875870 0.973734
vt 0.798411 0.995654
vt 0.711525 0.999457
vt 0.884765 0.983725
vt 0.723300 0.998866
vt 0.659094 1.000000
vt 0.798102 0.990930
vt 0.872013 0.969387
vt 0.932898 0.927437
vt 0.933597 0.928192
vt 0.938490 0.933483
vt 0.953169 0.949357
vt 0.640908 1.000000
vt 0.654548 1.000000
vt 0.000000 0.425929
vt 0.000000 0.460127
vt 0.000000 0.461254
vt 0.000000 0.429168
vt 0.000000 0.482900
vt 0.000000 0.483041
vt 0.000000 0.463989
vt 0.000000 0.437677
vt 0.000000 0.483383
vt 0.000000 0.425467
vt 0.000000 0.374231
vt 0.000000 0.482880
vt 0.000000 0.500000
vt 0.000000 0.392254
vt 0.000000 0.378737
vt 0.127505 0.969931
vt 0.201886 0.991119
vt 0.201800 0.992441
vt 0.124130 0.973734
vt 0.277145 0.998890
vt 0.280260 0.999055
vt 0.201589 0.995654
vt 0.115235 0.983725
vt 0.288475 0.999457
vt 0.067102 0.927436
vt 0.066403 0.928192
vt 0.340906 1.000000
vt 0.345452 1.000000
vt 0.359092 1.000000
vt 0.046831 0.949357
vt 0.061510 0.933484
vt 0.560297 0.000000
vt 0.552196 0.000000
vt 0.552218 0.000000
vt 0.560339 0.000000
vt 0.543870 0.000000
vt 0.543896 0.000000
vt 0.552272 0.000000
vt 0.560447 0.000000
vt 0.543961 0.000000
vt 0.560291 0.000000
vt 0.552193 0.000000
vt 0.535343 0.000000
vt 0.535348 0.000000
vt 0.535380 0.000000
vt 0.535478 0.000000
vt 0.544067 0.000000
vt 0.552345 0.000000
vt 0.560623 0.000000
vt 0.383905 1.000000
vt 0.409317 1.000000
vt 0.410439 1.000000
vt 0.387171 1.000000
vt 0.423342 1.000000
vt 0.423443 1.000000
vt 0.413166 1.000000
vt 0.395753 1.000000
vt 0.423682 1.000000
vt 0.383439 1.000000
vt 0.409156 1.000000
vt 0.423327 1.000000
vt 0.431869 1.000000
vt 0.431861 1.000000
vt 0.431805 1.000000
vt 0.431636 1.000000
vt 0.456130 0.000000
vt 0.447804 0.000000
vt 0.447782 0.000000
vt 0.456104 0.000000
vt 0.439703 0.000000
vt 0.439662 0.000000
vt 0.447728 0.000000
vt 0.456039 0.000000
vt 0.439553 0.000000
vt 0.464657 0.000000
vt 0.464653 0.000000
vt 0.439709 0.000000
vt 0.431869 0.000000
vt 0.431861 0.000000
vt 0.431805 0.000000
vt 0.431637 0.000000
vt 0.431099 0.000000
vt 0.439377 0.000000
vt 0.447655 0.000000
vt 0.455933 0.000000
vt 0.464522 0.000000
vt 0.464211 0.000000
vt 0.464620 0.000000
vt 0.491060 0.000000
vt 0.482160 0.000000
vt 0.482152 0.000000
vt 0.491059 0.000000
vt 0.473343 0.000000
vt 0.473320 0.000000
vt 0.482132 0.000000
vt 0.491056 0.000000
vt 0.473258 0.000000
vt 0.482161 0.000000
vt 0.473347 0.000000
vt 0.473158 0.000000
vt 0.482106 0.000000
vt 0.491053 0.000000
vt 0.526657 0.000000
vt 0.517840 0.000000
vt 0.517848 0.000000
vt 0.526680 0.000000
vt 0.508940 0.000000
vt 0.508941 0.000000
vt 0.517868 0.000000
vt 0.526742 0.000000
vt 0.508944 0.000000
vt 0.423342 0.000000
vt 0.409317 0.000000
vt 0.410439 0.000000
vt 0.423444 0.000000
vt 0.383905 0.000000
vt 0.387171 0.000000
vt 0.413166 0.000000
vt 0.423683 0.000000
vt 0.395753 0.000000
vt 0.423327 0.000000
vt 0.409156 0.000000
vt 0.383439 0.000000
vt 0.340906 0.000000
vt 0.345453 0.000000
vt 0.359092 0.000000
vt 0.402610 0.000000
vt 0.409732 0.000000
vt 0.416854 0.000000
vt 0.423977 0.000000
vt 0.576658 1.000000
vt 0.590683 1.000000
vt 0.589561 1.000000
vt 0.576557 1.000000
vt 0.616095 1.000000
vt 0.612829 1.000000
vt 0.586834 1.000000
vt 0.576318 1.000000
vt 0.604247 1.000000
vt 0.576673 1.000000
vt 0.568139 1.000000
vt 0.590844 1.000000
vt 0.616561 1.000000
vt 0.568364 1.000000
vt 0.568195 1.000000
vt 0.473343 1.000000
vt 0.482160 1.000000
vt 0.482152 1.000000
vt 0.473320 1.000000
vt 0.491060 1.000000
vt 0.491059 1.000000
vt 0.482132 1.000000
vt 0.473258 1.000000
vt 0.491056 1.000000
vt 0.464657 1.000000
vt 0.473346 1.000000
vt 0.464653 1.000000
vt 0.482161 1.000000
vt 0.491060 1.000000
vt 0.500000 1.000000
vt 0.500000 1.000000
vt 0.491053 1.000000
vt 0.482106 1.000000
vt 0.473158 1.000000
vt 0.464522 1.000000
vt 0.464620 1.000000
vt 0.508940 1.000000
vt 0.517840 1.000000
vt 0.517848 1.000000
vt 0.508941 1.000000
vt 0.526657 1.000000
vt 0.526680 1.000000
vt 0.517868 1.000000
vt 0.508944 1.000000
vt 0.526742 1.000000
vt 0.508940 1.000000
vt 0.517839 1.000000
vt 0.526654 1.000000
vt 0.535348 1.000000
vt 0.535380 1.000000
vt 0.535478 1.000000
vt 0.543870 1.000000
vt 0.552196 1.000000
vt 0.552218 1.000000
vt 0.543896 1.000000
vt 0.560297 1.000000
vt 0.560339 1.000000
vt 0.552272 1.000000
vt 0.543961 1.000000
vt 0.560447 1.000000
vt 0.543867 1.000000
vt 0.552193 1.000000
vt 0.560291 1.000000
vt 0.439703 1.000000
vt 0.447804 1.000000
vt 0.447782 1.000000
vt 0.439662 1.000000
vt 0.456130 1.000000
vt 0.456104 1.000000
vt 0.447728 1.000000
vt 0.439553 1.000000
vt 0.456039 1.000000
vt 0.439709 1.000000
vt 0.447807 1.000000
vt 0.456133 1.000000
vt 0.998973 0.302040
vt 0.991787 0.219009
vt 0.993010 0.218812
vt 0.999126 0.305113
vt 0.972194 0.137969
vt 0.975711 0.134307
vt 0.995981 0.218336
vt 0.999498 0.313220
vt 0.984950 0.124657
vt 1.000000 0.374231
vt 1.000000 0.108845
vt 1.000000 0.217691
vt 1.000000 0.326536
vt 1.000000 0.392254
vt 1.000000 0.378737
vt 0.001027 0.697961
vt 0.008213 0.780991
vt 0.006990 0.781188
vt 0.000874 0.694887
vt 0.027806 0.862031
vt 0.024289 0.865693
vt 0.004019 0.781664
vt 0.000502 0.686780
vt 0.015050 0.875343
vt 0.001048 0.698399
vt 0.000000 0.625769
vt 0.000000 0.607746
vt 0.000000 0.621263
vt 0.722909 0.968398
vt 0.794976 0.961472
vt 0.797014 0.982195
vt 0.723164 0.989838
vt 0.862270 0.942977
vt 0.868713 0.961472
vt 0.797966 0.989838
vt 0.723283 0.997738
vt 0.871601 0.968398
vt 0.914748 0.907808
vt 0.927151 0.921222
vt 0.932180 0.926660
vt 0.723300 0.998866
vt 0.277091 0.031602
vt 0.205024 0.038528
vt 0.202986 0.017805
vt 0.276836 0.010162
vt 0.137730 0.057023
vt 0.131287 0.038528
vt 0.202034 0.010162
vt 0.276717 0.002262
vt 0.128399 0.031602
vt 0.277244 0.073340
vt 0.206248 0.078778
vt 0.142206 0.092192
vt 0.100652 0.108845
vt 0.085252 0.092192
vt 0.072849 0.078778
vt 0.067820 0.073340
vt 0.067102 0.072564
vt 0.127987 0.030613
vt 0.201898 0.009070
vt 0.276700 0.001134
vt 0.872013 0.969387
vt 0.798102 0.990930
vt 0.872013 0.969387
vt 0.723300 0.998866
vt 0.872013 0.969387
vt 0.932898 0.927437
vt 0.659744 1.000000
vt 0.659744 1.000000
vt 0.932899 0.927437
vt 0.201898 0.990930
vt 0.276700 0.998866
vt 0.127987 0.969387
vt 0.127987 0.969387
vt 0.201898 0.990930
vt 0.340256 1.000000
vt 0.067102 0.927437
vt 0.340256 1.000000
vt 0.127987 0.030613
vt 0.201898 0.009070
vt 0.127987 0.030613
vt 0.276700 0.001134
vt 0.127987 0.030613
vt 0.127987 0.030613
vt 0.723300 0.001134
vt 0.798102 0.009070
vt 0.872013 0.030613
vt 0.872013 0.030613
vt 0.723300 0.001134
vt 0.872013 0.030613
vt 0.659744 0.000000
vt 0.932898 0.072564
vt 0.659744 0.000000
vt 0.409156 0.000000
vt 0.423327 0.000000
vt 0.423327 0.000000
vt 0.431869 0.000000
vt 0.447807 0.000000
vt 0.456133 0.000000
vt 0.447807 0.000000
vt 0.439709 0.000000
vt 0.464657 0.000000
vt 0.482161 0.000000
vt 0.491060 0.000000
vt 0.473346 0.000000
vt 0.508940 0.000000
vt 0.517839 0.000000
vt 0.517839 0.000000
vt 0.526654 0.000000
vt 0.526654 0.000000
vt 0.535343 0.000000
vt 0.552193 0.000000
vt 0.568131 0.000000
vt 0.590844 0.000000
vt 0.576673 0.000000
vt 0.423327 1.000000
vt 0.409156 1.000000
vt 0.383439 1.000000
vt 0.383439 1.000000
vt 0.423327 1.000000
vt 0.431869 1.000000
vt 0.431869 1.000000
vt 0.431869 1.000000
vt 0.456133 1.000000
vt 0.447807 1.000000
vt 0.439709 1.000000
vt 0.447807 1.000000
vt 0.456133 1.000000
vt 0.439709 1.000000
vt 0.464657 1.000000
vt 0.482161 1.000000
vt 0.491060 1.000000
vt 0.473347 1.000000
vt 0.491060 1.000000
vt 0.500000 1.000000
vt 0.526654 1.000000
vt 0.517839 1.000000
vt 0.517839 1.000000
vt 0.526654 1.000000
vt 0.508940 1.000000
vt 0.535343 1.000000
vt 0.535343 1.000000
vt 0.535343 1.000000
vt 0.560291 1.000000
vt 0.552193 1.000000
vt 0.543867 1.000000
vt 0.568131 1.000000
vt 0.568131 1.000000
vt 0.568131 1.000000
vt 0.590844 1.000000
vt 0.590844 1.000000
vt 0.616561 1.000000
vt 0.576673 1.000000
vt 0.616561 1.000000
vt 1.000000 0.425467
vt 1.000000 0.459966
vt 1.000000 0.459966
vt 1.000000 0.425467
vt 1.000000 0.482880
vt 1.000000 0.482880
vt 1.000000 0.425467
vt 1.000000 0.373587
vt 1.000000 0.373588
vt 0.000000 0.574533
vt 0.000000 0.540034
vt 0.000000 0.540034
vt 0.000000 0.574533
vt 0.000000 0.517120
vt 0.000000 0.517120
vt 0.000000 0.540034
vt 0.998952 0.698400
vt 0.991612 0.780963
vt 0.991612 0.780963
vt 0.998952 0.698400
vt 0.971692 0.861508
vt 0.971691 0.861508
vt 0.991612 0.780963
vt 0.971692 0.861508
vt 0.998952 0.698400
vt 1.000000 0.626413
vt 0.991612 0.780963
vt 1.000000 0.626413
vt 1.000000 0.626413
vt 0.001048 0.301600
vt 0.008388 0.219037
vt 0.008388 0.219037
vt 0.001048 0.301601
vt 0.028309 0.138493
vt 0.028309 0.138493
vt 0.028309 0.138493
vt 0.028309 0.138493
vt 0.000000 0.373587
vt 0.277146 0.001110
vt 0.201886 0.008881
vt 0.201800 0.007559
vt 0.280260 0.000945
vt 0.127505 0.030069
vt 0.124130 0.026266
vt 0.201589 0.004346
vt 0.288475 0.000543
vt 0.115235 0.016275
vt 0.066403 0.071808
vt 0.061510 0.066517
vt 0.046831 0.050643
vt 0.000000 0.000000
vt 0.100652 0.000000
vt 0.201305 0.000000
vt 0.301957 0.000000
vt 0.000000 0.482880
vt 0.000000 0.459966
vt 0.000000 0.425467
vt 0.971692 0.138493
vt 0.991612 0.219037
vt 0.991612 0.219037
vt 0.971692 0.138493
vt 0.998952 0.301601
vt 0.991612 0.219037
vt 1.000000 0.482900
vt 1.000000 0.460127
vt 1.000000 0.461254
vt 1.000000 0.483041
vt 1.000000 0.425929
vt 1.000000 0.429168
vt 1.000000 0.463989
vt 1.000000 0.483383
vt 1.000000 0.437677
vt 0.027806 0.137969
vt 0.008213 0.219009
vt 0.006990 0.218812
vt 0.024289 0.134307
vt 0.001027 0.302040
vt 0.000874 0.305113
vt 0.004019 0.218336
vt 0.015050 0.124657
vt 0.000502 0.313220
vt 0.000000 0.326536
vt 0.000000 0.217691
vt 0.000000 0.108845
vt 0.052731 0.149029
vt 0.035628 0.222417
vt 0.016465 0.220213
vt 0.035628 0.142062
vt 0.029223 0.302023
vt 0.009397 0.301748
vt 0.009397 0.219184
vt 0.029223 0.138939
vt 0.002092 0.301619
vt 0.085252 0.153869
vt 0.072849 0.223740
vt 0.067820 0.302188
vt 0.971692 0.482880
vt 0.971692 0.459966
vt 0.991612 0.459966
vt 0.991612 0.482880
vt 0.971692 0.425467
vt 0.991612 0.425467
vt 0.998952 0.459966
vt 0.998952 0.482880
vt 0.998952 0.425467
vt 0.712028 0.107900
vt 0.720613 0.210127
vt 0.805190 0.211254
vt 0.802430 0.108041
vt 0.723881 0.300929
vt 0.806327 0.304168
vt 0.900160 0.213989
vt 0.899815 0.108383
vt 0.900302 0.312677
vt 0.640908 0.107880
vt 0.654548 0.209966
vt 0.659094 0.300467
vt 0.423677 0.108363
vt 0.413164 0.108041
vt 0.410423 0.211254
vt 0.423397 0.213829
vt 0.395753 0.107900
vt 0.387170 0.210127
vt 0.409269 0.304168
vt 0.423194 0.312335
vt 0.383899 0.300929
vt 0.431629 0.108684
vt 0.359092 0.107880
vt 0.345453 0.209966
vt 0.340906 0.300467
vt 0.431630 0.322674
vt 0.431741 0.216403
vt 0.456076 0.111469
vt 0.447738 0.109623
vt 0.447775 0.218821
vt 0.456114 0.221507
vt 0.439549 0.108922
vt 0.439617 0.217671
vt 0.447738 0.327313
vt 0.456026 0.329160
vt 0.439549 0.326291
vt 0.464596 0.115065
vt 0.439377 0.435381
vt 0.447655 0.435381
vt 0.455933 0.435381
vt 0.464093 0.332755
vt 0.464532 0.226737
vt 0.493899 0.696019
vt 0.488207 0.668321
vt 0.482771 0.743802
vt 0.492006 0.772138
vt 0.483840 0.620124
vt 0.478211 0.646381
vt 0.471477 0.660683
vt 0.473049 0.763999
vt 0.473395 0.879429
vt 0.482383 0.875342
vt 0.491276 0.878915
vt 0.496540 0.647142
vt 0.492474 0.623642
vt 0.485501 0.564619
vt 0.489031 0.595119
vt 0.469534 0.564619
vt 0.491276 0.121085
vt 0.482383 0.124658
vt 0.482771 0.256198
vt 0.492006 0.227862
vt 0.473395 0.120571
vt 0.473049 0.236002
vt 0.471477 0.339317
vt 0.478211 0.353619
vt 0.483840 0.379876
vt 0.488207 0.331679
vt 0.493899 0.303981
vt 0.489031 0.404882
vt 0.492474 0.376358
vt 0.496540 0.352858
vt 0.560452 0.108357
vt 0.552266 0.108687
vt 0.552252 0.211333
vt 0.560387 0.213145
vt 0.543933 0.110389
vt 0.543957 0.212864
vt 0.552342 0.301285
vt 0.560457 0.309645
vt 0.544207 0.299895
vt 0.568372 0.108495
vt 0.544525 0.365482
vt 0.552465 0.369430
vt 0.560592 0.384634
vt 0.568370 0.318139
vt 0.568259 0.214892
vt 0.604247 0.107900
vt 0.586836 0.108041
vt 0.589577 0.211254
vt 0.612831 0.210127
vt 0.576323 0.108339
vt 0.576603 0.213640
vt 0.590731 0.304168
vt 0.616101 0.300929
vt 0.576806 0.311933
vt 0.100186 0.108383
vt 0.099841 0.213989
vt 0.194810 0.211254
vt 0.197570 0.108041
vt 0.099698 0.312677
vt 0.193673 0.304168
vt 0.279387 0.210127
vt 0.287973 0.107900
vt 0.276119 0.300929
vt 0.722909 0.138939
vt 0.794976 0.142062
vt 0.797014 0.220213
vt 0.723164 0.219184
vt 0.862270 0.149029
vt 0.868713 0.222417
vt 0.797966 0.301748
vt 0.723283 0.301619
vt 0.871601 0.302023
vt 0.659744 0.138493
vt 0.659744 0.301601
vt 0.659744 0.219037
vt 0.423327 0.138493
vt 0.423327 0.219037
vt 0.409156 0.219037
vt 0.409156 0.138493
vt 0.423327 0.301601
vt 0.409156 0.301601
vt 0.383439 0.219037
vt 0.383439 0.138493
vt 0.383439 0.301601
vt 0.431869 0.138493
vt 0.431869 0.219037
vt 0.431869 0.301601
vt 0.340256 0.301601
vt 0.340256 0.219037
vt 0.340256 0.138493
vt 0.456133 0.138493
vt 0.456133 0.219037
vt 0.447807 0.219037
vt 0.447807 0.138493
vt 0.456133 0.301601
vt 0.447807 0.301601
vt 0.439709 0.219037
vt 0.439709 0.138493
vt 0.439709 0.301601
vt 0.464657 0.138493
vt 0.464657 0.219037
vt 0.464657 0.301601
vt 0.491060 0.138493
vt 0.491060 0.219037
vt 0.482161 0.219037
vt 0.482161 0.138493
vt 0.491060 0.301601
vt 0.482161 0.301601
vt 0.473346 0.219037
vt 0.473347 0.138493
vt 0.473346 0.301601
vt 0.500000 0.138493
vt 0.500000 0.219037
vt 0.500000 0.301600
vt 0.526654 0.138493
vt 0.526654 0.219037
vt 0.517839 0.219037
vt 0.517839 0.138493
vt 0.526654 0.301601
vt 0.517839 0.301601
vt 0.508940 0.219037
vt 0.508940 0.138493
vt 0.508940 0.301601
vt 0.535343 0.138493
vt 0.535343 0.219037
vt 0.535343 0.301600
vt 0.560291 0.138493
vt 0.560291 0.219037
vt 0.552193 0.219037
vt 0.552193 0.138493
vt 0.560291 0.301601
vt 0.552193 0.301601
vt 0.543867 0.219037
vt 0.543867 0.138493
vt 0.543867 0.301601
vt 0.568131 0.138493
vt 0.568131 0.219037
vt 0.568131 0.301601
vt 0.616561 0.138493
vt 0.616561 0.219037
vt 0.590843 0.219037
vt 0.590844 0.138493
vt 0.616561 0.301601
vt 0.590844 0.301601
vt 0.576673 0.219037
vt 0.576673 0.138493
vt 0.576673 0.301601
vt 0.137730 0.149029
vt 0.205024 0.142062
vt 0.202986 0.220213
vt 0.131287 0.222417
vt 0.277091 0.138939
vt 0.276836 0.219184
vt 0.202034 0.301748
vt 0.128399 0.302023
vt 0.276717 0.301619
vt 1.000000 0.517120
vt 1.000000 0.540034
vt 1.000000 0.517120
vt 1.000000 0.574533
vt 1.000000 0.540034
vt 0.028309 0.861508
vt 0.008388 0.780963
vt 0.008388 0.780963
vt 0.028309 0.861507
vt 0.001048 0.698400
vt 0.000000 0.517100
vt 0.000000 0.539873
vt 0.000000 0.538746
vt 0.000000 0.516959
vt 0.000000 0.574071
vt 0.000000 0.570832
vt 0.000000 0.536011
vt 0.000000 0.516617
vt 0.000000 0.562323
vt 0.000000 0.548464
vt 0.000000 0.532309
vt 0.000000 0.516155
vt 0.972194 0.862031
vt 0.991787 0.780991
vt 0.993010 0.781188
vt 0.975711 0.865693
vt 0.998974 0.697961
vt 0.999126 0.694887
vt 0.995981 0.781664
vt 0.984950 0.875343
vt 0.999498 0.686780
vt 0.947270 0.850971
vt 0.964372 0.777583
vt 0.983535 0.779787
vt 0.964372 0.857938
vt 0.970777 0.697977
vt 0.990603 0.698253
vt 0.990603 0.780816
vt 0.970777 0.861061
vt 0.997908 0.698381
vt 0.028309 0.517120
vt 0.028309 0.540034
vt 0.008388 0.540034
vt 0.008388 0.517120
vt 0.028309 0.574533
vt 0.008388 0.574533
vt 0.001048 0.540034
vt 0.001048 0.517120
vt 0.001048 0.574533
vt 0.067102 0.517120
vt 0.067102 0.540034
vt 0.067102 0.574533
vt 0.423002 0.516617
vt 0.409060 0.516959
vt 0.409060 0.538746
vt 0.423002 0.536011
vt 0.383427 0.517100
vt 0.383427 0.539873
vt 0.409062 0.570832
vt 0.423007 0.562323
vt 0.383427 0.574071
vt 0.431099 0.516155
vt 0.340256 0.517120
vt 0.340256 0.540034
vt 0.340256 0.574533
vt 0.431099 0.548464
vt 0.431099 0.532309
vt 0.566614 0.544001
vt 0.568226 0.530991
vt 0.568326 0.531188
vt 0.566904 0.544566
vt 0.568817 0.515990
vt 0.568829 0.516015
vt 0.568571 0.531664
vt 0.567664 0.546049
vt 0.568860 0.516074
vt 0.563383 0.553849
vt 0.566573 0.543921
vt 0.563440 0.553961
vt 0.568211 0.530963
vt 0.568815 0.515987
vt 0.568901 0.500000
vt 0.568901 0.500000
vt 0.568901 0.516155
vt 0.568901 0.532309
vt 0.568901 0.548464
vt 0.565050 0.557102
vt 0.563843 0.554747
vt 0.514524 0.516078
vt 0.514702 0.531692
vt 0.514794 0.531412
vt 0.514536 0.516043
vt 0.515268 0.546129
vt 0.515571 0.545211
vt 0.515268 0.546129
vt 0.514499 0.500000
vt 0.514499 0.516155
vt 0.514499 0.500000
vt 0.514499 0.532309
vt 0.514499 0.548464
vt 0.516943 0.557201
vt 0.517456 0.555644
vt 0.516938 0.557215
vt 0.514499 0.564619
vt 0.568860 0.483926
vt 0.568571 0.468336
vt 0.568441 0.468588
vt 0.568844 0.483958
vt 0.567674 0.453930
vt 0.567234 0.454789
vt 0.568585 0.468308
vt 0.568862 0.483922
vt 0.567705 0.453871
vt 0.568887 0.483873
vt 0.568786 0.467915
vt 0.568556 0.452209
vt 0.565100 0.442800
vt 0.564302 0.444356
vt 0.565107 0.442786
vt 0.520640 0.562224
vt 0.525598 0.563974
vt 0.525645 0.563721
vt 0.520919 0.561365
vt 0.531309 0.564538
vt 0.531217 0.564507
vt 0.525465 0.564002
vt 0.520605 0.562284
vt 0.530934 0.564542
vt 0.520074 0.563946
vt 0.525464 0.564395
vt 0.531307 0.564591
vt 0.537759 0.564619
vt 0.537739 0.564619
vt 0.537595 0.564619
vt 0.537164 0.564619
vt 0.530466 0.564619
vt 0.525144 0.564619
vt 0.616573 0.517100
vt 0.590940 0.516959
vt 0.590940 0.538746
vt 0.616573 0.539873
vt 0.576998 0.516617
vt 0.576998 0.536011
vt 0.590938 0.570832
vt 0.616573 0.574071
vt 0.576994 0.562324
vt 0.659744 0.517120
vt 0.659744 0.574533
vt 0.659744 0.540034
vt 0.099678 0.516617
vt 0.099678 0.536011
vt 0.193511 0.538746
vt 0.193511 0.516959
vt 0.099678 0.562324
vt 0.193511 0.570832
vt 0.275652 0.539873
vt 0.275652 0.517100
vt 0.275652 0.574071
vt 0.724348 0.517100
vt 0.724348 0.539873
vt 0.806489 0.538746
vt 0.806489 0.516959
vt 0.724348 0.574071
vt 0.806489 0.570832
vt 0.900322 0.536011
vt 0.900322 0.516617
vt 0.900322 0.562324
vt 0.423327 0.517120
vt 0.423327 0.540034
vt 0.409156 0.540034
vt 0.409156 0.517120
vt 0.423327 0.574533
vt 0.409156 0.574533
vt 0.383439 0.540034
vt 0.383439 0.517120
vt 0.383439 0.574533
vt 0.431869 0.517120
vt 0.431869 0.540034
vt 0.431869 0.574533
vt 0.340256 0.574533
vt 0.340256 0.540034
vt 0.456133 0.517120
vt 0.456133 0.540034
vt 0.447807 0.540034
vt 0.447807 0.517120
vt 0.456133 0.574533
vt 0.447807 0.574533
vt 0.439709 0.540034
vt 0.439709 0.517120
vt 0.439709 0.574533
vt 0.464657 0.517120
vt 0.464657 0.540034
vt 0.464657 0.574533
vt 0.491060 0.517120
vt 0.491060 0.540034
vt 0.482161 0.540034
vt 0.482161 0.517120
vt 0.491060 0.574533
vt 0.482161 0.574533
vt 0.473346 0.540034
vt 0.473347 0.517120
vt 0.473346 0.574533
vt 0.500000 0.517120
vt 0.500000 0.540034
vt 0.500000 0.574533
vt 0.526654 0.517120
vt 0.526654 0.540034
vt 0.517839 0.540034
vt 0.517839 0.517120
vt 0.526654 0.574533
vt 0.517839 0.574533
vt 0.508940 0.540034
vt 0.508940 0.517120
vt 0.508940 0.574533
vt 0.535343 0.517120
vt 0.535343 0.540034
vt 0.535343 0.574533
vt 0.560291 0.517120
vt 0.560291 0.540034
vt 0.552193 0.540034
vt 0.552193 0.517120
vt 0.560291 0.574533
vt 0.552193 0.574533
vt 0.543867 0.540034
vt 0.543867 0.517120
vt 0.543867 0.574533
vt 0.568131 0.517120
vt 0.568131 0.540034
vt 0.568131 0.574533
vt 0.616561 0.517120
vt 0.616561 0.540034
vt 0.590843 0.540034
vt 0.590844 0.517120
vt 0.616561 0.574533
vt 0.590844 0.574533
vt 0.576673 0.540034
vt 0.576673 0.517120
vt 0.576673 0.574533
vt 0.659744 0.517120
vt 0.659744 0.540034
vt 0.659744 0.574533
vt 0.127987 0.517120
vt 0.201899 0.517120
vt 0.201898 0.540034
vt 0.127987 0.540034
vt 0.276701 0.517120
vt 0.276700 0.540034
vt 0.201899 0.574533
vt 0.127987 0.574533
vt 0.276701 0.574533
vt 0.723300 0.517120
vt 0.798102 0.517120
vt 0.798102 0.540034
vt 0.723300 0.540034
vt 0.872013 0.517120
vt 0.872013 0.540034
vt 0.798102 0.574533
vt 0.723300 0.574533
vt 0.872013 0.574533
vt 0.494527 0.421562
vt 0.500000 0.427491
vt 0.500000 0.414571
vt 0.496706 0.403439
vt 0.505458 0.421236
vt 0.503288 0.403285
vt 0.499999 0.383010
vt 0.493211 0.438192
vt 0.500000 0.440588
vt 0.506785 0.438115
vt 0.505446 0.578438
vt 0.499987 0.572509
vt 0.500000 0.585430
vt 0.503295 0.596561
vt 0.494525 0.578438
vt 0.496706 0.596561
vt 0.500000 0.616971
vt 0.506487 0.561796
vt 0.499899 0.559412
vt 0.493199 0.561808
vt 0.506129 0.546765
vt 0.505789 0.531759
vt 0.499597 0.531543
vt 0.499711 0.545993
vt 0.506175 0.516086
vt 0.499711 0.516059
vt 0.492700 0.531783
vt 0.492760 0.546816
vt 0.492715 0.516089
vt 0.511158 0.547966
vt 0.510471 0.532118
vt 0.511170 0.516131
vt 0.514499 0.500000
vt 0.506947 0.500000
vt 0.499899 0.500000
vt 0.492738 0.500000
vt 0.485501 0.500000
vt 0.485501 0.516155
vt 0.485501 0.532309
vt 0.485501 0.548464
vt 0.507223 0.483911
vt 0.507249 0.468218
vt 0.500000 0.468457
vt 0.499987 0.483941
vt 0.507204 0.453184
vt 0.500000 0.454007
vt 0.492751 0.468218
vt 0.492749 0.483911
vt 0.492796 0.453184
vt 0.514499 0.483845
vt 0.514499 0.467691
vt 0.514499 0.451536
vt 0.485501 0.451536
vt 0.485501 0.467691
vt 0.485501 0.483845
vt 0.559441 0.437716
vt 0.552142 0.435998
vt 0.552050 0.436279
vt 0.558977 0.438635
vt 0.544455 0.435458
vt 0.544605 0.435493
vt 0.552142 0.435998
vt 0.544455 0.435458
vt 0.560623 0.435381
vt 0.552345 0.435381
vt 0.544067 0.435381
vt 0.535789 0.435381
vt 0.537144 0.435381
vt 0.537431 0.435381
vt 0.537144 0.435381
vt 0.530908 0.451536
vt 0.525262 0.451536
vt 0.525349 0.467691
vt 0.531180 0.467691
vt 0.519836 0.451536
vt 0.519847 0.467691
vt 0.525385 0.483845
vt 0.531283 0.483845
vt 0.519851 0.483845
vt 0.530466 0.435381
vt 0.525144 0.435381
vt 0.519821 0.435381
vt 0.514499 0.435381
vt 0.519852 0.500000
vt 0.525390 0.500000
vt 0.531298 0.500000
vt 0.455491 0.451536
vt 0.447537 0.451536
vt 0.447450 0.467691
vt 0.455220 0.467691
vt 0.439362 0.451536
vt 0.439351 0.467691
vt 0.447414 0.483845
vt 0.455116 0.483845
vt 0.439347 0.483845
vt 0.462836 0.451536
vt 0.431099 0.435381
vt 0.439346 0.500000
vt 0.447409 0.500000
vt 0.455102 0.500000
vt 0.462261 0.483845
vt 0.462241 0.500000
vt 0.462405 0.467691
vt 0.455102 0.515990
vt 0.447409 0.516014
vt 0.447409 0.531188
vt 0.455102 0.530991
vt 0.439346 0.516074
vt 0.439346 0.531664
vt 0.447409 0.544566
vt 0.455102 0.544001
vt 0.439346 0.546049
vt 0.462241 0.515987
vt 0.462241 0.543921
vt 0.462241 0.530963
vt 0.479368 0.451536
vt 0.474526 0.451536
vt 0.474281 0.467691
vt 0.478869 0.467691
vt 0.469065 0.451536
vt 0.468774 0.467691
vt 0.474181 0.483845
vt 0.478678 0.483845
vt 0.468663 0.483845
vt 0.483025 0.451536
vt 0.468647 0.500000
vt 0.474166 0.500000
vt 0.478651 0.500000
vt 0.481990 0.483845
vt 0.481953 0.500000
vt 0.482249 0.467691
vt 0.478629 0.515924
vt 0.474159 0.515965
vt 0.474109 0.530789
vt 0.478477 0.530461
vt 0.468646 0.515984
vt 0.468640 0.530941
vt 0.474001 0.543391
vt 0.478136 0.542357
vt 0.468626 0.543854
vt 0.481915 0.515899
vt 0.480993 0.541639
vt 0.481649 0.530265
vt 0.560653 0.516155
vt 0.552586 0.516155
vt 0.552550 0.532309
vt 0.560649 0.532309
vt 0.544884 0.516155
vt 0.544780 0.532309
vt 0.552463 0.548464
vt 0.560638 0.548464
vt 0.544509 0.548464
vt 0.537739 0.516155
vt 0.537595 0.532309
vt 0.537164 0.548464
vt 0.531283 0.516155
vt 0.525385 0.516155
vt 0.525349 0.532309
vt 0.531180 0.532309
vt 0.519851 0.516155
vt 0.519847 0.532309
vt 0.525262 0.548464
vt 0.530908 0.548464
vt 0.519836 0.548464
vt 0.484657 0.545982
vt 0.485236 0.531643
vt 0.484705 0.531013
vt 0.483830 0.544036
vt 0.485420 0.516071
vt 0.485014 0.515993
vt 0.483627 0.530490
vt 0.482740 0.542437
vt 0.483957 0.515927
vt 0.485502 0.516155
vt 0.485501 0.500000
vt 0.485446 0.500000
vt 0.485058 0.500000
vt 0.484005 0.500000
vt 0.530919 0.435458
vt 0.525460 0.435998
vt 0.525604 0.436279
vt 0.531099 0.435493
vt 0.520605 0.437716
vt 0.520914 0.438635
vt 0.525460 0.435998
vt 0.530919 0.435458
vt 0.520605 0.437716
vt 0.530466 0.435381
vt 0.525144 0.435381
vt 0.516943 0.442800
vt 0.517456 0.444356
vt 0.516938 0.442786
vt 0.455201 0.435546
vt 0.448089 0.436700
vt 0.448025 0.436503
vt 0.455292 0.435522
vt 0.441634 0.439844
vt 0.441349 0.439280
vt 0.447867 0.436026
vt 0.455532 0.435462
vt 0.440600 0.437797
vt 0.455188 0.435550
vt 0.448099 0.436728
vt 0.441674 0.439925
vt 0.436618 0.446151
vt 0.436560 0.446039
vt 0.436158 0.445254
vt 0.434950 0.442898
vt 0.515288 0.453930
vt 0.514711 0.468336
vt 0.514794 0.468588
vt 0.515571 0.454789
vt 0.514525 0.483926
vt 0.514536 0.483957
vt 0.514702 0.468308
vt 0.515268 0.453871
vt 0.514524 0.483922
vt 0.514720 0.452209
vt 0.514573 0.467915
vt 0.514508 0.483873
vt 0.433386 0.455999
vt 0.431774 0.469009
vt 0.431674 0.468813
vt 0.433096 0.455434
vt 0.431183 0.484010
vt 0.431171 0.483986
vt 0.431429 0.468336
vt 0.432337 0.453951
vt 0.431140 0.483926
vt 0.433427 0.456080
vt 0.431789 0.469037
vt 0.431185 0.484014
vt 0.431099 0.500000
vt 0.431099 0.500000
vt 0.431099 0.500000
vt 0.431099 0.500000
vt 0.485447 0.483845
vt 0.485455 0.467691
vt 0.485132 0.467691
vt 0.485067 0.483845
vt 0.485475 0.451536
vt 0.485289 0.451536
vt 0.484217 0.467691
vt 0.484031 0.483845
vt 0.484706 0.451536
vt 0.544799 0.564454
vt 0.551911 0.563301
vt 0.551976 0.563497
vt 0.544708 0.564479
vt 0.558366 0.560156
vt 0.558651 0.560720
vt 0.552133 0.563974
vt 0.544468 0.564538
vt 0.559400 0.562203
vt 0.544812 0.564451
vt 0.551902 0.563273
vt 0.558326 0.560075
vt 0.431101 0.516151
vt 0.431113 0.532281
vt 0.431099 0.532309
vt 0.431099 0.516155
vt 0.431129 0.548404
vt 0.431099 0.548464
vt 0.431113 0.516127
vt 0.431214 0.532085
vt 0.431444 0.547791
vt 0.544468 0.564538
vt 0.559400 0.562203
vt 0.558651 0.560720
vt 0.551911 0.563301
vt 0.544799 0.564454
vt 0.537164 0.564619
vt 0.565050 0.557102
vt 0.563843 0.554747
vt 0.514499 0.451536
vt 0.514499 0.451536
vt 0.514508 0.467719
vt 0.514518 0.451596
vt 0.514500 0.483849
vt 0.514499 0.435381
vt 0.530612 0.408814
vt 0.524572 0.413756
vt 0.525115 0.429024
vt 0.530982 0.427516
vt 0.519286 0.423005
vt 0.519694 0.431821
vt 0.525233 0.434587
vt 0.530884 0.434398
vt 0.519817 0.434936
vt 0.537367 0.406677
vt 0.537150 0.434318
vt 0.537485 0.426876
vt 0.560643 0.419136
vt 0.552538 0.409353
vt 0.552537 0.427893
vt 0.560647 0.431044
vt 0.544727 0.406117
vt 0.544734 0.426738
vt 0.552462 0.434445
vt 0.560638 0.434839
vt 0.544503 0.434301
vt 0.568901 0.435381
vt 0.519836 0.564619
vt 0.525262 0.564619
vt 0.525349 0.564619
vt 0.519847 0.564619
vt 0.530908 0.564619
vt 0.531180 0.564619
vt 0.525394 0.564591
vt 0.519871 0.564559
vt 0.531284 0.564615
vt 0.514499 0.564619
vt 0.568901 0.467691
vt 0.568901 0.483845
vt 0.568901 0.451536
vt 0.568887 0.467719
vt 0.568899 0.483849
vt 0.568871 0.451596
vt 0.513451 0.516152
vt 0.513039 0.532286
vt 0.514096 0.532309
vt 0.514222 0.516155
vt 0.513451 0.548413
vt 0.514222 0.548464
vt 0.514448 0.532309
vt 0.514464 0.516155
vt 0.514464 0.548464
vt 0.568571 0.531664
vt 0.568326 0.531188
vt 0.566904 0.544566
vt 0.568860 0.516074
vt 0.568829 0.516015
vt 0.568226 0.530991
vt 0.566614 0.544001
vt 0.568817 0.515990
vt 0.431138 0.516078
vt 0.431415 0.531692
vt 0.431559 0.531412
vt 0.431156 0.516043
vt 0.432295 0.546129
vt 0.432766 0.545211
vt 0.431429 0.531664
vt 0.431140 0.516074
vt 0.432326 0.546070
vt 0.431099 0.500000
vt 0.434893 0.557215
vt 0.435698 0.555644
vt 0.434900 0.557201
vt 0.485476 0.483922
vt 0.485298 0.468308
vt 0.485206 0.468588
vt 0.485465 0.483958
vt 0.484732 0.453871
vt 0.484430 0.454789
vt 0.485476 0.483922
vt 0.484732 0.453871
vt 0.483062 0.442786
vt 0.482544 0.444356
vt 0.483057 0.442800
vt 0.485501 0.500000
vt 0.431429 0.468336
vt 0.431674 0.468812
vt 0.433096 0.455434
vt 0.431171 0.483986
vt 0.431774 0.469009
vt 0.433386 0.455999
vt 0.431183 0.484010
vt 0.434950 0.442898
vt 0.436560 0.446039
vt 0.436158 0.445254
vt 0.455532 0.435462
vt 0.447867 0.436026
vt 0.455292 0.435522
vt 0.440600 0.437797
vt 0.441349 0.439280
vt 0.448089 0.436700
vt 0.455201 0.435546
vt 0.441634 0.439844
vt 0.462836 0.435381
vt 0.462261 0.435381
vt 0.462405 0.435381
vt 0.484732 0.546129
vt 0.485298 0.531692
vt 0.485206 0.531412
vt 0.484430 0.545211
vt 0.485476 0.516078
vt 0.485465 0.516043
vt 0.485476 0.516078
vt 0.483062 0.557215
vt 0.482544 0.555644
vt 0.469081 0.564542
vt 0.474540 0.564002
vt 0.474396 0.563721
vt 0.468901 0.564507
vt 0.479395 0.562284
vt 0.479086 0.561365
vt 0.474540 0.564002
vt 0.469081 0.564542
vt 0.479395 0.562284
vt 0.462856 0.564619
vt 0.462856 0.564619
vt 0.462569 0.564619
vt 0.440559 0.562284
vt 0.447858 0.564002
vt 0.447951 0.563721
vt 0.441023 0.561365
vt 0.455545 0.564542
vt 0.455395 0.564507
vt 0.447858 0.564002
vt 0.440559 0.562284
vt 0.479395 0.437716
vt 0.474535 0.435998
vt 0.474355 0.436279
vt 0.479081 0.438635
vt 0.469066 0.435458
vt 0.468783 0.435494
vt 0.474403 0.436026
vt 0.479360 0.437776
vt 0.468691 0.435462
vt 0.750000 0.562500
vt 0.750000 0.625000
vt 0.718750 0.625000
vt 0.718750 0.562500
vt 0.750000 0.500000
vt 0.718750 0.500000
vt 0.750000 0.937500
vt 0.734375 1.000000
vt 0.718750 0.937500
vt 0.750000 0.875000
vt 0.718750 0.875000
vt 0.750000 0.812500
vt 0.718750 0.812500
vt 0.750000 0.750000
vt 0.718750 0.750000
vt 0.750000 0.687500
vt 0.718750 0.687500
vt 0.687500 0.687500
vt 0.687500 0.625000
vt 0.687500 0.562500
vt 0.687500 0.500000
vt 0.703125 1.000000
vt 0.687500 0.937500
vt 0.687500 0.875000
vt 0.687500 0.812500
vt 0.687500 0.750000
vt 0.656250 0.937500
vt 0.656250 0.875000
vt 0.656250 0.812500
vt 0.656250 0.750000
vt 0.656250 0.687500
vt 0.656250 0.625000
vt 0.656250 0.562500
vt 0.656250 0.500000
vt 0.671875 1.000000
vt 0.625000 0.687500
vt 0.625000 0.625000
vt 0.625000 0.562500
vt 0.625000 0.500000
vt 0.640625 1.000000
vt 0.625000 0.937500
vt 0.625000 0.875000
vt 0.625000 0.812500
vt 0.625000 0.750000
vt 0.593750 0.875000
vt 0.593750 0.812500
vt 0.593750 0.750000
vt 0.593750 0.687500
vt 0.593750 0.625000
vt 0.593750 0.562500
vt 0.593750 0.500000
vt 0.609375 1.000000
vt 0.593750 0.937500
vt 0.562500 0.625000
vt 0.562500 0.562500
vt 0.562500 0.500000
vt 0.578125 1.000000
vt 0.562500 0.937500
vt 0.562500 0.875000
vt 0.562500 0.812500
vt 0.562500 0.750000
vt 0.562500 0.687500
vt 0.531250 0.812500
vt 0.531250 0.750000
vt 0.531250 0.687500
vt 0.531250 0.625000
vt 0.531250 0.562500
vt 0.531250 0.500000
vt 0.546875 1.000000
vt 0.531250 0.937500
vt 0.531250 0.875000
vt 0.500000 0.562500
vt 0.500000 0.500000
vt 0.515625 1.000000
vt 0.500000 0.937500
vt 0.500000 0.875000
vt 0.500000 0.812500
vt 0.500000 0.750000
vt 0.500000 0.687500
vt 0.500000 0.625000
vt 0.468750 0.812500
vt 0.468750 0.750000
vt 0.468750 0.687500
vt 0.468750 0.625000
vt 0.468750 0.562500
vt 0.468750 0.500000
vt 0.484375 1.000000
vt 0.468750 0.937500
vt 0.468750 0.875000
vt 0.437500 0.562500
vt 0.437500 0.500000
vt 0.453125 1.000000
vt 0.437500 0.937500
vt 0.437500 0.875000
vt 0.437500 0.812500
vt 0.437500 0.750000
vt 0.437500 0.687500
vt 0.437500 0.625000
vt 0.406250 0.750000
vt 0.406250 0.687500
vt 0.406250 0.625000
vt 0.406250 0.562500
vt 0.406250 0.500000
vt 0.421875 1.000000
vt 0.406250 0.937500
vt 0.406250 0.875000
vt 0.406250 0.812500
vt 0.390625 1.000000
vt 0.375000 0.937500
vt 0.375000 0.875000
vt 0.375000 0.812500
vt 0.375000 0.750000
vt 0.375000 0.687500
vt 0.375000 0.625000
vt 0.375000 0.562500
vt 0.375000 0.500000
vt 0.343750 0.750000
vt 0.343750 0.687500
vt 0.343750 0.625000
vt 0.343750 0.562500
vt 0.343750 0.500000
vt 0.359375 1.000000
vt 0.343750 0.937500
vt 0.343750 0.875000
vt 0.343750 0.812500
vt 0.312500 0.937500
vt 0.312500 0.875000
vt 0.312500 0.812500
vt 0.312500 0.750000
vt 0.312500 0.687500
vt 0.312500 0.625000
vt 0.312500 0.562500
vt 0.312500 0.500000
vt 0.328125 1.000000
vt 0.281250 0.687500
vt 0.281250 0.625000
vt 0.281250 0.562500
vt 0.281250 0.500000
vt 0.296875 1.000000
vt 0.281250 0.937500
vt 0.281250 0.875000
vt 0.281250 0.812500
vt 0.281250 0.750000
vt 0.250000 0.875000
vt 0.250000 0.812500
vt 0.250000 0.750000
vt 0.250000 0.687500
vt 0.250000 0.625000
vt 0.250000 0.562500
vt 0.250000 0.500000
vt 0.265625 1.000000
vt 0.250000 0.937500
vt 0.218750 0.625000
vt 0.218750 0.562500
vt 0.218750 0.500000
vt 0.234375 1.000000
vt 0.218750 0.937500
vt 0.218750 0.875000
vt 0.218750 0.812500
vt 0.218750 0.750000
vt 0.218750 0.687500
vt 0.187500 0.875000
vt 0.187500 0.812500
vt 0.187500 0.750000
vt 0.187500 0.687500
vt 0.187500 0.625000
vt 0.187500 0.562500
vt 0.187500 0.500000
vt 0.203125 1.000000
vt 0.187500 0.937500
vt 0.156250 0.625000
vt 0.156250 0.562500
vt 0.156250 0.500000
vt 0.171875 1.000000
vt 0.156250 0.937500
vt 0.156250 0.875000
vt 0.156250 0.812500
vt 0.156250 0.750000
vt 0.156250 0.687500
vt 0.125000 0.812500
vt 0.125000 0.750000
vt 0.125000 0.687500
vt 0.125000 0.625000
vt 0.125000 0.562500
vt 0.125000 0.500000
vt 0.140625 1.000000
vt 0.125000 0.937500
vt 0.125000 0.875000
vt 0.093750 0.562500
vt 0.093750 0.500000
vt 0.109375 1.000000
vt 0.093750 0.937500
vt 0.093750 0.875000
vt 0.093750 0.812500
vt 0.093750 0.750000
vt 0.093750 0.687500
vt 0.093750 0.625000
vt 0.062500 0.812500
vt 0.062500 0.750000
vt 0.062500 0.687500
vt 0.062500 0.625000
vt 0.062500 0.562500
vt 0.062500 0.500000
vt 0.078125 1.000000
vt 0.062500 0.937500
vt 0.062500 0.875000
vt 0.031250 0.562500
vt 0.031250 0.500000
vt 0.046875 1.000000
vt 0.031250 0.937500
vt 0.031250 0.875000
vt 0.031250 0.812500
vt 0.031250 0.750000
vt 0.031250 0.687500
vt 0.031250 0.625000
vt 0.000000 0.750000
vt 0.000000 0.687500
vt 0.000000 0.625000
vt 0.000000 0.562500
vt 0.015625 1.000000
vt 0.000000 0.937500
vt 0.000000 0.875000
vt 0.000000 0.812500
vt 1.000000 0.875000
vt 1.000000 0.937500
vt 0.968750 0.937500
vt 0.968750 0.875000
vt 1.000000 0.812500
vt 0.968750 0.812500
vt 1.000000 0.750000
vt 0.968750 0.750000
vt 1.000000 0.687500
vt 0.968750 0.687500
vt 1.000000 0.625000
vt 0.968750 0.625000
vt 1.000000 0.562500
vt 0.968750 0.562500
vt 0.968750 0.500000
vt 0.984375 1.000000
vt 0.937500 0.687500
vt 0.937500 0.625000
vt 0.937500 0.562500
vt 0.937500 0.500000
vt 0.953125 1.000000
vt 0.937500 0.937500
vt 0.937500 0.875000
vt 0.937500 0.812500
vt 0.937500 0.750000
vt 0.906250 0.937500
vt 0.906250 0.875000
vt 0.906250 0.812500
vt 0.906250 0.750000
vt 0.906250 0.687500
vt 0.906250 0.625000
vt 0.906250 0.562500
vt 0.906250 0.500000
vt 0.921875 1.000000
vt 0.875000 0.687500
vt 0.875000 0.625000
vt 0.875000 0.562500
vt 0.875000 0.500000
vt 0.890625 1.000000
vt 0.875000 0.937500
vt 0.875000 0.875000
vt 0.875000 0.812500
vt 0.875000 0.750000
vt 0.843750 0.875000
vt 0.843750 0.812500
vt 0.843750 0.750000
vt 0.843750 0.687500
vt 0.843750 0.625000
vt 0.843750 0.562500
vt 0.843750 0.500000
vt 0.859375 1.000000
vt 0.843750 0.937500
vt 0.812500 0.625000
vt 0.812500 0.562500
vt 0.812500 0.500000
vt 0.828125 1.000000
vt 0.812500 0.937500
vt 0.812500 0.875000
vt 0.812500 0.812500
vt 0.812500 0.750000
vt 0.812500 0.687500
vt 0.781250 0.875000
vt 0.781250 0.812500
vt 0.781250 0.750000
vt 0.781250 0.687500
vt 0.781250 0.625000
vt 0.781250 0.562500
vt 0.781250 0.500000
vt 0.796875 1.000000
vt 0.781250 0.937500
vt 0.765625 1.000000
s 0
usemtl Material.007
f 1211/1/1 1212/2/1 1215/3/1 1214/4/1
f 1212/2/2 1213/5/2 1216/6/2 1215/3/2
f 1214/4/1 1215/3/1 1218/7/1 1217/8/1
f 1215/3/2 1216/6/2 1219/9/2 1218/7/2
f 119/10/3 991/11/3 1211/1/3 191/12/3
f 991/11/1 990/13/1 1212/2/1 1211/1/1
f 990/13/2 989/14/2 1213/5/2 1212/2/2
f 989/14/4 117/15/4 179/16/4 1213/5/4
f 1213/5/4 179/16/4 180/17/4 1216/6/4
f 1216/6/4 180/17/4 181/18/4 1219/9/4
f 1219/9/4 181/18/4 4/19/4 299/20/4
f 1218/7/2 1219/9/2 299/20/2 300/21/2
f 1217/8/1 1218/7/1 300/21/1 301/22/1
f 193/23/3 1217/8/3 301/22/3 15/24/3
f 192/25/3 1214/4/3 1217/8/3 193/23/3
f 191/12/3 1211/1/3 1214/4/3 192/25/3
f 1220/26/5 1221/27/5 1224/28/5 1223/29/5
f 1221/27/6 1222/30/6 1225/31/6 1224/28/6
f 1223/29/5 1224/28/5 1227/32/5 1226/33/5
f 1224/28/6 1225/31/6 1228/34/6 1227/32/6
f 118/35/7 988/36/7 1220/26/7 865/37/7
f 988/36/5 987/38/5 1221/27/5 1220/26/5
f 987/38/6 986/39/6 1222/30/6 1221/27/6
f 986/39/8 125/40/8 886/41/8 1222/30/8
f 1222/30/8 886/41/8 885/42/8 1225/31/8
f 1225/31/8 885/42/8 884/43/8 1228/34/8
f 1228/34/8 884/43/8 14/44/8 296/45/8
f 1227/32/6 1228/34/6 296/45/6 297/46/6
f 1226/33/5 1227/32/5 297/46/5 298/47/5
f 863/48/7 1226/33/7 298/47/7 3/49/7
f 864/50/7 1223/29/7 1226/33/7 863/48/7
f 865/37/7 1220/26/7 1223/29/7 864/50/7
f 1229/51/5 1230/52/5 1233/53/5 1232/54/5
f 1230/52/6 1231/55/6 1234/56/6 1233/53/6
f 1232/54/5 1233/53/5 1236/57/5 1235/58/5
f 1233/53/6 1234/56/6 1237/59/6 1236/57/6
f 95/60/7 859/61/7 1229/51/7 730/62/7
f 859/61/5 858/63/5 1230/52/5 1229/51/5
f 858/63/6 857/64/6 1231/55/6 1230/52/6
f 857/64/8 103/65/8 754/66/8 1231/55/8
f 1231/55/8 754/66/8 753/67/8 1234/56/8
f 1234/56/8 753/67/8 752/68/8 1237/59/8
f 1237/59/8 752/68/8 21/69/8 293/70/8
f 1236/57/6 1237/59/6 293/70/6 294/71/6
f 1235/58/5 1236/57/5 294/71/5 295/72/5
f 728/73/7 1235/58/7 295/72/7 5/74/7
f 729/75/7 1232/54/7 1235/58/7 728/73/7
f 730/62/7 1229/51/7 1232/54/7 729/75/7
f 1238/76/9 1239/77/9 1242/78/9 1241/79/9
f 1239/77/9 1240/80/9 1243/81/9 1242/78/9
f 1241/79/10 1242/78/10 1245/82/10 1244/83/10
f 1242/78/10 1243/81/10 1246/84/10 1245/82/10
f 119/10/11 191/12/11 1238/76/11 983/85/11
f 191/12/11 192/25/11 1239/77/11 1238/76/11
f 192/25/11 193/23/11 1240/80/11 1239/77/11
f 193/23/11 15/24/11 194/86/11 1240/80/11
f 1240/80/9 194/86/9 195/87/9 1243/81/9
f 1243/81/10 195/87/10 196/88/10 1246/84/10
f 1246/84/12 196/88/12 20/89/12 869/90/12
f 1245/82/12 1246/84/12 869/90/12 870/91/12
f 1244/83/12 1245/82/12 870/91/12 871/92/12
f 985/93/12 1244/83/12 871/92/12 120/94/12
f 984/95/10 1241/79/10 1244/83/10 985/93/10
f 983/85/9 1238/76/9 1241/79/9 984/95/9
f 1247/96/13 1248/97/13 1251/98/13 1250/99/13
f 1248/97/13 1249/100/13 1252/101/13 1251/98/13
f 1250/99/14 1251/98/14 1254/102/14 1253/103/14
f 1251/98/14 1252/101/14 1255/104/14 1254/102/14
f 120/94/15 871/92/15 1247/96/15 980/105/15
f 871/92/15 870/91/15 1248/97/15 1247/96/15
f 870/91/15 869/90/15 1249/100/15 1248/97/15
f 869/90/15 20/89/15 203/106/15 1249/100/15
f 1249/100/13 203/106/13 204/107/13 1252/101/13
f 1252/101/14 204/107/14 205/108/14 1255/104/14
f 1255/104/16 205/108/16 19/109/16 872/110/16
f 1254/102/16 1255/104/16 872/110/16 873/111/16
f 1253/103/16 1254/102/16 873/111/16 874/112/16
f 982/113/16 1253/103/16 874/112/16 121/114/16
f 981/115/14 1250/99/14 1253/103/14 982/113/14
f 980/105/13 1247/96/13 1250/99/13 981/115/13
f 1256/116/17 1257/117/17 1260/118/17 1259/119/17
f 1257/117/17 1258/120/17 1261/121/17 1260/118/17
f 1259/119/18 1260/118/18 1263/122/18 1262/123/18
f 1260/118/18 1261/121/18 1264/124/18 1263/122/18
f 121/114/19 874/112/19 1256/116/19 977/125/19
f 874/112/19 873/111/19 1257/117/19 1256/116/19
f 873/111/19 872/110/19 1258/120/19 1257/117/19
f 872/110/19 19/109/19 212/126/19 1258/120/19
f 1258/120/17 212/126/17 213/127/17 1261/121/17
f 1261/121/18 213/127/18 214/128/18 1264/124/18
f 1264/124/20 214/128/20 18/129/20 875/130/20
f 1263/122/20 1264/124/20 875/130/20 876/131/20
f 1262/123/20 1263/122/20 876/131/20 877/132/20
f 979/133/20 1262/123/20 877/132/20 122/134/20
f 978/135/18 1259/119/18 1262/123/18 979/133/18
f 977/125/17 1256/116/17 1259/119/17 978/135/17
f 1265/136/21 1266/137/21 1269/138/21 1268/139/21
f 1266/137/21 1267/140/21 1270/141/21 1269/138/21
f 1268/139/22 1269/138/22 1272/142/22 1271/143/22
f 1269/138/22 1270/141/22 1273/144/22 1272/142/22
f 122/134/23 877/132/23 1265/136/23 974/145/23
f 877/132/23 876/131/23 1266/137/23 1265/136/23
f 876/131/23 875/130/23 1267/140/23 1266/137/23
f 875/130/23 18/129/23 221/146/23 1267/140/23
f 1267/140/21 221/146/21 222/147/21 1270/141/21
f 1270/141/22 222/147/22 223/148/22 1273/144/22
f 1273/144/24 223/148/24 17/149/24 878/150/24
f 1272/142/24 1273/144/24 878/150/24 879/151/24
f 1271/143/24 1272/142/24 879/151/24 880/152/24
f 976/153/24 1271/143/24 880/152/24 123/154/24
f 975/155/22 1268/139/22 1271/143/22 976/153/22
f 974/145/21 1265/136/21 1268/139/21 975/155/21
f 1274/156/25 1275/157/25 1278/158/25 1277/159/25
f 1275/157/25 1276/160/25 1279/161/25 1278/158/25
f 1277/159/26 1278/158/26 1281/162/26 1280/163/26
f 1278/158/26 1279/161/26 1282/164/26 1281/162/26
f 123/154/27 880/152/27 1274/156/27 971/165/27
f 880/152/27 879/151/27 1275/157/27 1274/156/27
f 879/151/27 878/150/27 1276/160/27 1275/157/27
f 878/150/27 17/149/27 230/166/27 1276/160/27
f 1276/160/25 230/166/25 231/167/25 1279/161/25
f 1279/161/26 231/167/26 232/168/26 1282/164/26
f 1282/164/28 232/168/28 16/169/28 881/170/28
f 1281/162/28 1282/164/28 881/170/28 882/171/28
f 1280/163/28 1281/162/28 882/171/28 883/172/28
f 973/173/28 1280/163/28 883/172/28 124/174/28
f 972/175/26 1277/159/26 1280/163/26 973/173/26
f 971/165/25 1274/156/25 1277/159/25 972/175/25
f 1283/176/29 1284/177/29 1287/178/29 1286/179/29
f 1284/177/29 1285/180/29 1288/181/29 1287/178/29
f 1286/179/30 1287/178/30 1290/182/30 1289/183/30
f 1287/178/30 1288/181/30 1291/184/30 1290/182/30
f 124/174/31 883/172/31 1283/176/31 968/185/31
f 883/172/31 882/171/31 1284/177/31 1283/176/31
f 882/171/31 881/170/31 1285/180/31 1284/177/31
f 881/170/31 16/169/31 239/186/31 1285/180/31
f 1285/180/29 239/186/29 240/187/29 1288/181/29
f 1288/181/30 240/187/30 241/188/30 1291/184/30
f 1291/184/32 241/188/32 14/44/32 884/43/32
f 1290/182/32 1291/184/32 884/43/32 885/42/32
f 1289/183/32 1290/182/32 885/42/32 886/41/32
f 970/189/32 1289/183/32 886/41/32 125/40/32
f 969/190/30 1286/179/30 1289/183/30 970/189/30
f 968/185/29 1283/176/29 1286/179/29 969/190/29
f 1292/191/9 1293/192/9 1296/193/9 1295/194/9
f 1293/192/9 1294/195/9 1297/196/9 1296/193/9
f 1295/194/10 1296/193/10 1299/197/10 1298/198/10
f 1296/193/10 1297/196/10 1300/199/10 1299/197/10
f 97/200/11 248/201/11 1292/191/11 854/202/11
f 248/201/11 249/203/11 1293/192/11 1292/191/11
f 249/203/11 250/204/11 1294/195/11 1293/192/11
f 250/204/11 22/205/11 190/206/11 1294/195/11
f 1294/195/9 190/206/9 189/207/9 1297/196/9
f 1297/196/10 189/207/10 188/208/10 1300/199/10
f 1300/199/12 188/208/12 27/209/12 737/210/12
f 1299/197/12 1300/199/12 737/210/12 738/211/12
f 1298/198/12 1299/197/12 738/211/12 739/212/12
f 856/213/12 1298/198/12 739/212/12 98/214/12
f 855/215/10 1295/194/10 1298/198/10 856/213/10
f 854/202/9 1292/191/9 1295/194/9 855/215/9
f 1301/216/13 1302/217/13 1305/218/13 1304/219/13
f 1302/217/13 1303/220/13 1306/221/13 1305/218/13
f 1304/219/14 1305/218/14 1308/222/14 1307/223/14
f 1305/218/14 1306/221/14 1309/224/14 1308/222/14
f 98/214/15 739/212/15 1301/216/15 851/225/15
f 739/212/15 738/211/15 1302/217/15 1301/216/15
f 738/211/15 737/210/15 1303/220/15 1302/217/15
f 737/210/15 27/209/15 202/226/15 1303/220/15
f 1303/220/13 202/226/13 201/227/13 1306/221/13
f 1306/221/14 201/227/14 200/228/14 1309/224/14
f 1309/224/16 200/228/16 26/229/16 740/230/16
f 1308/222/16 1309/224/16 740/230/16 741/231/16
f 1307/223/16 1308/222/16 741/231/16 742/232/16
f 853/233/16 1307/223/16 742/232/16 99/234/16
f 852/235/14 1304/219/14 1307/223/14 853/233/14
f 851/225/13 1301/216/13 1304/219/13 852/235/13
f 1310/236/17 1311/237/17 1314/238/17 1313/239/17
f 1311/237/17 1312/240/17 1315/241/17 1314/238/17
f 1313/239/18 1314/238/18 1317/242/18 1316/243/18
f 1314/238/18 1315/241/18 1318/244/18 1317/242/18
f 99/234/19 742/232/19 1310/236/19 848/245/19
f 742/232/19 741/231/19 1311/237/19 1310/236/19
f 741/231/19 740/230/19 1312/240/19 1311/237/19
f 740/230/19 26/229/19 211/246/19 1312/240/19
f 1312/240/17 211/246/17 210/247/17 1315/241/17
f 1315/241/18 210/247/18 209/248/18 1318/244/18
f 1318/244/20 209/248/20 25/249/20 743/250/20
f 1317/242/20 1318/244/20 743/250/20 744/251/20
f 1316/243/20 1317/242/20 744/251/20 745/252/20
f 850/253/20 1316/243/20 745/252/20 100/254/20
f 849/255/18 1313/239/18 1316/243/18 850/253/18
f 848/245/17 1310/236/17 1313/239/17 849/255/17
f 1319/256/21 1320/257/21 1323/258/21 1322/259/21
f 1320/257/21 1321/260/21 1324/261/21 1323/258/21
f 1322/259/22 1323/258/22 1326/262/22 1325/263/22
f 1323/258/22 1324/261/22 1327/264/22 1326/262/22
f 100/254/23 745/252/23 1319/256/23 845/265/23
f 745/252/23 744/251/23 1320/257/23 1319/256/23
f 744/251/23 743/250/23 1321/260/23 1320/257/23
f 743/250/23 25/249/23 220/266/23 1321/260/23
f 1321/260/21 220/266/21 219/267/21 1324/261/21
f 1324/261/22 219/267/22 218/268/22 1327/264/22
f 1327/264/24 218/268/24 24/269/24 746/270/24
f 1326/262/24 1327/264/24 746/270/24 747/271/24
f 1325/263/24 1326/262/24 747/271/24 748/272/24
f 847/273/24 1325/263/24 748/272/24 101/274/24
f 846/275/22 1322/259/22 1325/263/22 847/273/22
f 845/265/21 1319/256/21 1322/259/21 846/275/21
f 1328/276/25 1329/277/25 1332/278/25 1331/279/25
f 1329/277/25 1330/280/25 1333/281/25 1332/278/25
f 1331/279/26 1332/278/26 1335/282/26 1334/283/26
f 1332/278/26 1333/281/26 1336/284/26 1335/282/26
f 101/274/27 748/272/27 1328/276/27 842/285/27
f 748/272/27 747/271/27 1329/277/27 1328/276/27
f 747/271/27 746/270/27 1330/280/27 1329/277/27
f 746/270/27 24/269/27 229/286/27 1330/280/27
f 1330/280/25 229/286/25 228/287/25 1333/281/25
f 1333/281/26 228/287/26 227/288/26 1336/284/26
f 1336/284/28 227/288/28 23/289/28 749/290/28
f 1335/282/28 1336/284/28 749/290/28 750/291/28
f 1334/283/28 1335/282/28 750/291/28 751/292/28
f 844/293/28 1334/283/28 751/292/28 102/294/28
f 843/295/26 1331/279/26 1334/283/26 844/293/26
f 842/285/25 1328/276/25 1331/279/25 843/295/25
f 1337/296/29 1338/297/29 1341/298/29 1340/299/29
f 1338/297/29 1339/300/29 1342/301/29 1341/298/29
f 1340/299/30 1341/298/30 1344/302/30 1343/303/30
f 1341/298/30 1342/301/30 1345/304/30 1344/302/30
f 102/294/31 751/292/31 1337/296/31 839/305/31
f 751/292/31 750/291/31 1338/297/31 1337/296/31
f 750/291/31 749/290/31 1339/300/31 1338/297/31
f 749/290/31 23/289/31 238/306/31 1339/300/31
f 1339/300/29 238/306/29 237/307/29 1342/301/29
f 1342/301/30 237/307/30 236/308/30 1345/304/30
f 1345/304/32 236/308/32 21/69/32 752/68/32
f 1344/302/32 1345/304/32 752/68/32 753/67/32
f 1343/303/32 1344/302/32 753/67/32 754/66/32
f 841/309/32 1343/303/32 754/66/32 103/65/32
f 840/310/30 1340/299/30 1343/303/30 841/309/30
f 839/305/29 1337/296/29 1340/299/29 840/310/29
f 1346/311/1 1347/312/1 1350/313/1 1349/314/1
f 1347/312/2 1348/315/2 1351/316/2 1350/313/2
f 1349/314/1 1350/313/1 1353/317/1 1352/318/1
f 1350/313/2 1351/316/2 1354/319/2 1353/317/2
f 97/200/3 838/320/3 1346/311/3 248/201/3
f 838/320/1 837/321/1 1347/312/1 1346/311/1
f 837/321/2 836/322/2 1348/315/2 1347/312/2
f 836/322/4 96/323/4 185/324/4 1348/315/4
f 1348/315/4 185/324/4 186/325/4 1351/316/4
f 1351/316/4 186/325/4 187/326/4 1354/319/4
f 1354/319/4 187/326/4 6/327/4 287/328/4
f 1353/317/2 1354/319/2 287/328/2 288/329/2
f 1352/318/1 1353/317/1 288/329/1 289/330/1
f 250/204/3 1352/318/3 289/330/3 22/205/3
f 249/203/3 1349/314/3 1352/318/3 250/204/3
f 248/201/3 1346/311/3 1349/314/3 249/203/3
f 1355/331/33 1356/332/33 1359/333/33 1358/334/33
f 1356/332/33 1357/335/33 1360/336/33 1359/333/33
f 1358/334/34 1359/333/34 1362/337/34 1361/338/34
f 1359/333/34 1360/336/34 1363/339/34 1362/337/34
f 128/340/35 317/341/35 1355/331/35 965/342/35
f 317/341/35 318/343/35 1356/332/35 1355/331/35
f 318/343/35 319/344/35 1357/335/35 1356/332/35
f 319/344/35 42/345/35 427/346/35 1357/335/35
f 1357/335/33 427/346/33 426/347/33 1360/336/33
f 1360/336/34 426/347/34 425/348/34 1363/339/34
f 1363/339/36 425/348/36 31/349/36 307/350/36
f 1362/337/36 1363/339/36 307/350/36 306/351/36
f 1361/338/36 1362/337/36 306/351/36 305/352/36
f 967/353/36 1361/338/36 305/352/36 126/354/36
f 966/355/34 1358/334/34 1361/338/34 967/353/34
f 965/342/33 1355/331/33 1358/334/33 966/355/33
f 1364/356/37 1365/357/37 1368/358/37 1367/359/37
f 1365/357/37 1366/360/37 1369/361/37 1368/358/37
f 1367/359/38 1368/358/38 1371/362/38 1370/363/38
f 1368/358/38 1369/361/38 1372/364/38 1371/362/38
f 127/365/39 892/366/39 1364/356/39 962/367/39
f 892/366/39 891/368/39 1365/357/39 1364/356/39
f 891/368/39 890/369/39 1366/360/39 1365/357/39
f 890/369/39 30/370/39 424/371/39 1366/360/39
f 1366/360/37 424/371/37 423/372/37 1369/361/37
f 1369/361/38 423/372/38 422/373/38 1372/364/38
f 1372/364/40 422/373/40 41/374/40 911/375/40
f 1371/362/40 1372/364/40 911/375/40 912/376/40
f 1370/363/40 1371/362/40 912/376/40 913/377/40
f 964/378/40 1370/363/40 913/377/40 134/379/40
f 963/380/38 1367/359/38 1370/363/38 964/378/38
f 962/367/37 1364/356/37 1367/359/37 963/380/37
f 1373/381/37 1374/382/37 1377/383/37 1376/384/37
f 1374/382/37 1375/385/37 1378/386/37 1377/383/37
f 1376/384/38 1377/383/38 1380/387/38 1379/388/38
f 1377/383/38 1378/386/38 1381/389/38 1380/387/38
f 104/390/39 757/391/39 1373/381/39 833/392/39
f 757/391/39 756/393/39 1374/382/39 1373/381/39
f 756/393/39 755/394/39 1375/385/39 1374/382/39
f 755/394/39 32/395/39 421/396/39 1375/385/39
f 1375/385/37 421/396/37 420/397/37 1378/386/37
f 1378/386/38 420/397/38 419/398/38 1381/389/38
f 1381/389/40 419/398/40 48/399/40 779/400/40
f 1380/387/40 1381/389/40 779/400/40 780/401/40
f 1379/388/40 1380/387/40 780/401/40 781/402/40
f 835/403/40 1379/388/40 781/402/40 112/404/40
f 834/405/38 1376/384/38 1379/388/38 835/403/38
f 833/392/37 1373/381/37 1376/384/37 834/405/37
f 1382/406/41 1383/407/41 1386/408/41 1385/409/41
f 1383/407/42 1384/410/42 1387/411/42 1386/408/42
f 1385/409/43 1386/408/43 1389/412/43 1388/413/43
f 1386/408/44 1387/411/44 1390/414/44 1389/412/44
f 128/340/45 961/415/45 1382/406/45 317/341/45
f 961/415/46 960/416/46 1383/407/46 1382/406/46
f 960/416/47 959/417/47 1384/410/47 1383/407/47
f 959/417/48 129/418/48 898/419/48 1384/410/48
f 1384/410/49 898/419/49 897/420/49 1387/411/49
f 1387/411/50 897/420/50 896/421/50 1390/414/50
f 1390/414/51 896/421/51 47/422/51 322/423/51
f 1389/412/52 1390/414/52 322/423/52 321/424/52
f 1388/413/53 1389/412/53 321/424/53 320/425/53
f 319/344/54 1388/413/54 320/425/54 42/345/54
f 318/343/55 1385/409/55 1388/413/55 319/344/55
f 317/341/56 1382/406/56 1385/409/56 318/343/56
f 1391/426/57 1392/427/57 1395/428/57 1394/429/57
f 1392/427/58 1393/430/58 1396/431/58 1395/428/58
f 1394/429/59 1395/428/59 1398/432/59 1397/433/59
f 1395/428/60 1396/431/60 1399/434/60 1398/432/60
f 129/418/61 958/435/61 1391/426/61 898/419/61
f 958/435/62 957/436/62 1392/427/62 1391/426/62
f 957/436/63 956/437/63 1393/430/63 1392/427/63
f 956/437/64 130/438/64 901/439/64 1393/430/64
f 1393/430/65 901/439/65 900/440/65 1396/431/65
f 1396/431/66 900/440/66 899/441/66 1399/434/66
f 1399/434/67 899/441/67 46/442/67 331/443/67
f 1398/432/68 1399/434/68 331/443/68 330/444/68
f 1397/433/69 1398/432/69 330/444/69 329/445/69
f 896/421/70 1397/433/70 329/445/70 47/422/70
f 897/420/71 1394/429/71 1397/433/71 896/421/71
f 898/419/72 1391/426/72 1394/429/72 897/420/72
f 1400/446/73 1401/447/73 1404/448/73 1403/449/73
f 1401/447/74 1402/450/74 1405/451/74 1404/448/74
f 1403/449/73 1404/448/73 1407/452/73 1406/453/73
f 1404/448/75 1405/451/75 1408/454/75 1407/452/75
f 152/455/76 1054/456/76 1400/446/76 772/457/76
f 1054/456/77 1053/458/77 1401/447/77 1400/446/77
f 1053/458/74 1052/459/74 1402/450/74 1401/447/74
f 1052/459/78 153/460/78 346/461/78 1402/450/78
f 1402/450/78 346/461/78 345/462/78 1405/451/78
f 1405/451/78 345/462/78 344/463/78 1408/454/78
f 1408/454/78 344/463/78 52/464/78 950/465/78
f 1407/452/79 1408/454/79 950/465/79 951/466/79
f 1406/453/73 1407/452/73 951/466/73 952/467/73
f 770/468/80 1406/453/80 952/467/80 109/469/80
f 771/470/80 1403/449/80 1406/453/80 770/468/80
f 772/457/76 1400/446/76 1403/449/76 771/470/76
f 1410/471/81 1411/472/81 1409/473/81 1419/474/81
f 1412/475/82 1413/476/82 1409/473/82 1411/472/82
f 1414/477/83 1415/478/83 1409/473/83 1413/476/83
f 1416/479/84 1417/480/84 1409/473/84 1415/478/84
f 1418/481/85 1419/474/85 1409/473/85 1417/480/85
f 130/438/86 1030/482/86 1410/471/86 901/439/86
f 1030/482/87 1029/483/87 1411/472/87 1410/471/87
f 901/439/88 1410/471/88 1419/474/88 900/440/88
f 144/484/89 1003/485/89 1412/475/89 1028/486/89
f 1003/485/90 1002/487/90 1413/476/90 1412/475/90
f 1028/486/91 1412/475/91 1411/472/91 1029/483/91
f 146/488/92 1048/489/92 1414/477/92 1001/490/92
f 1048/489/93 1047/491/93 1415/478/93 1414/477/93
f 1001/490/94 1414/477/94 1413/476/94 1002/487/94
f 45/492/95 340/493/95 1416/479/95 1046/494/95
f 340/493/96 339/495/96 1417/480/96 1416/479/96
f 1046/494/97 1416/479/97 1415/478/97 1047/491/97
f 46/442/98 899/441/98 1418/481/98 338/496/98
f 899/441/99 900/440/99 1419/474/99 1418/481/99
f 338/496/100 1418/481/100 1417/480/100 339/495/100
f 1420/497/101 1421/498/101 1424/499/101 1423/500/101
f 1421/498/102 1422/501/102 1425/502/102 1424/499/102
f 1423/500/103 1424/499/103 1427/503/103 1426/504/103
f 1424/499/104 1425/502/104 1428/505/104 1427/503/104
f 132/506/105 949/507/105 1420/497/105 907/508/105
f 949/507/106 948/509/106 1421/498/106 1420/497/106
f 948/509/107 947/510/107 1422/501/107 1421/498/107
f 947/510/108 133/511/108 910/512/108 1422/501/108
f 1422/501/109 910/512/109 909/513/109 1425/502/109
f 1425/502/110 909/513/110 908/514/110 1428/505/110
f 1428/505/111 908/514/111 43/515/111 358/516/111
f 1427/503/112 1428/505/112 358/516/112 357/517/112
f 1426/504/113 1427/503/113 357/517/113 356/518/113
f 905/519/114 1426/504/114 356/518/114 44/520/114
f 906/521/115 1423/500/115 1426/504/115 905/519/115
f 907/508/116 1420/497/116 1423/500/116 906/521/116
f 1429/522/117 1430/523/117 1433/524/117 1432/525/117
f 1430/523/118 1431/526/118 1434/527/118 1433/524/118
f 1432/525/119 1433/524/119 1436/528/119 1435/529/119
f 1433/524/120 1434/527/120 1437/530/120 1436/528/120
f 133/511/121 946/531/121 1429/522/121 910/512/121
f 946/531/122 945/532/122 1430/523/122 1429/522/122
f 945/532/123 944/533/123 1431/526/123 1430/523/123
f 944/533/124 134/379/124 913/377/124 1431/526/124
f 1431/526/125 913/377/125 912/376/125 1434/527/125
f 1434/527/126 912/376/126 911/375/126 1437/530/126
f 1437/530/127 911/375/127 41/374/127 367/534/127
f 1436/528/128 1437/530/128 367/534/128 366/535/128
f 1435/529/129 1436/528/129 366/535/129 365/536/129
f 908/514/130 1435/529/130 365/536/130 43/515/130
f 909/513/131 1432/525/131 1435/529/131 908/514/131
f 910/512/132 1429/522/132 1432/525/132 909/513/132
f 1438/537/133 1439/538/133 1442/539/133 1441/540/133
f 1439/538/134 1440/541/134 1443/542/134 1442/539/134
f 1441/540/135 1442/539/135 1445/543/135 1444/544/135
f 1442/539/136 1443/542/136 1446/545/136 1445/543/136
f 106/546/137 832/547/137 1438/537/137 374/548/137
f 832/547/138 831/549/138 1439/538/138 1438/537/138
f 831/549/139 830/550/139 1440/541/139 1439/538/139
f 830/550/140 107/551/140 766/457/140 1440/541/140
f 1440/541/141 766/457/141 765/470/141 1443/542/141
f 1443/542/142 765/470/142 764/468/142 1446/545/142
f 1446/545/143 764/468/143 54/469/143 314/552/143
f 1445/543/144 1446/545/144 314/552/144 315/553/144
f 1444/544/145 1445/543/145 315/553/145 316/554/145
f 376/555/146 1444/544/146 316/554/146 49/556/146
f 375/557/147 1441/540/147 1444/544/147 376/555/147
f 374/548/148 1438/537/148 1441/540/148 375/557/148
f 1447/558/149 1448/559/149 1451/560/149 1450/561/149
f 1448/559/150 1449/562/150 1452/563/150 1451/560/150
f 1450/561/151 1451/560/151 1454/564/151 1453/565/151
f 1451/560/152 1452/563/152 1455/566/152 1454/564/152
f 172/567/153 1210/568/153 1447/558/153 1177/569/153
f 1210/568/154 1209/570/154 1448/559/154 1447/558/154
f 1209/570/155 1208/571/155 1449/562/155 1448/559/155
f 1208/571/156 171/572/156 1097/573/156 1449/562/156
f 1449/562/157 1097/573/157 1098/574/157 1452/563/157
f 1452/563/158 1098/574/158 1099/575/158 1455/566/158
f 1455/566/159 1099/575/159 154/576/159 1087/577/159
f 1454/564/160 1455/566/160 1087/577/160 1086/578/160
f 1453/565/161 1454/564/161 1086/578/161 1085/579/161
f 1175/569/162 1453/565/162 1085/579/162 161/580/162
f 1176/569/163 1450/561/163 1453/565/163 1175/569/163
f 1177/569/164 1447/558/164 1450/561/164 1176/569/164
f 1457/581/165 1458/582/165 1456/583/165 1466/584/165
f 1459/585/166 1460/586/166 1456/583/166 1458/582/166
f 1461/587/167 1462/588/167 1456/583/167 1460/586/167
f 1463/589/168 1464/590/168 1456/583/168 1462/588/168
f 1465/591/169 1466/584/169 1456/583/169 1464/590/169
f 37/592/170 388/593/170 1457/581/170 385/594/170
f 388/593/171 387/595/171 1458/582/171 1457/581/171
f 385/594/172 1457/581/172 1466/584/172 384/596/172
f 38/597/173 1043/598/173 1459/585/173 386/599/173
f 1043/598/174 1044/600/174 1460/586/174 1459/585/174
f 386/599/175 1459/585/175 1458/582/175 387/595/175
f 143/601/176 1000/602/176 1461/587/176 1045/603/176
f 1000/602/177 999/604/177 1462/588/177 1461/587/177
f 1045/603/178 1461/587/178 1460/586/178 1044/600/178
f 142/605/179 1042/606/179 1463/589/179 998/607/179
f 1042/606/180 1041/608/180 1464/590/180 1463/589/180
f 998/607/181 1463/589/181 1462/588/181 999/604/181
f 108/609/182 383/610/182 1465/591/182 1040/611/182
f 383/610/183 384/596/183 1466/584/183 1465/591/183
f 1040/611/184 1465/591/184 1464/590/184 1041/608/184
f 1467/612/185 1468/613/185 1471/614/185 1470/615/185
f 1468/613/186 1469/616/186 1472/617/186 1471/614/186
f 1470/615/187 1471/614/187 1474/618/187 1473/619/187
f 1471/614/188 1472/617/188 1475/620/188 1474/618/188
f 170/621/189 1207/510/189 1467/612/189 1171/622/189
f 1207/510/190 1206/509/190 1468/613/190 1467/612/190
f 1206/509/191 1205/507/191 1469/616/191 1468/613/191
f 1205/507/192 169/623/192 1168/624/192 1469/616/192
f 1469/616/193 1168/624/193 1167/625/193 1472/617/193
f 1472/617/194 1167/625/194 1166/626/194 1475/620/194
f 1475/620/195 1166/626/195 148/627/195 1057/628/195
f 1474/618/196 1475/620/196 1057/628/196 1056/629/196
f 1473/619/197 1474/618/197 1056/629/197 1055/630/197
f 1169/622/198 1473/619/198 1055/630/198 151/511/198
f 1170/622/199 1470/615/199 1473/619/199 1169/622/199
f 1171/622/200 1467/612/200 1470/615/200 1170/622/200
f 1476/631/201 1477/632/201 1480/633/201 1479/634/201
f 1477/632/202 1478/635/202 1481/636/202 1480/633/202
f 1479/634/203 1480/633/203 1483/637/203 1482/638/203
f 1480/633/204 1481/636/204 1484/639/204 1483/637/204
f 169/623/205 1204/640/205 1476/631/205 1168/624/205
f 1204/640/206 1203/641/206 1477/632/206 1476/631/206
f 1203/641/207 1202/642/207 1478/635/207 1477/632/207
f 1202/642/208 168/643/208 326/644/208 1478/635/208
f 1478/635/209 326/644/209 327/645/209 1481/636/209
f 1481/636/210 327/645/210 328/646/210 1484/639/210
f 1484/639/211 328/646/211 159/647/211 1084/648/211
f 1483/637/212 1484/639/212 1084/648/212 1083/649/212
f 1482/638/213 1483/637/213 1083/649/213 1082/650/213
f 1166/626/214 1482/638/214 1082/650/214 148/627/214
f 1167/625/215 1479/634/215 1482/638/215 1166/626/215
f 1168/624/216 1476/631/216 1479/634/216 1167/625/216
f 1485/651/217 1486/652/217 1489/653/217 1488/654/217
f 1486/652/218 1487/655/218 1490/656/218 1489/653/218
f 1488/654/219 1489/653/219 1492/657/219 1491/658/219
f 1489/653/220 1490/656/220 1493/659/220 1492/657/220
f 111/660/221 817/661/221 1485/651/221 778/662/221
f 817/661/222 816/663/222 1486/652/222 1485/651/222
f 816/663/223 815/664/223 1487/655/223 1486/652/223
f 815/664/224 112/404/224 781/402/224 1487/655/224
f 1487/655/225 781/402/225 780/401/225 1490/656/225
f 1490/656/226 780/401/226 779/400/226 1493/659/226
f 1493/659/227 779/400/227 48/399/227 362/665/227
f 1492/657/228 1493/659/228 362/665/228 363/666/228
f 1491/658/229 1492/657/229 363/666/229 364/667/229
f 776/668/230 1491/658/230 364/667/230 50/669/230
f 777/670/231 1488/654/231 1491/658/231 776/668/231
f 778/662/232 1485/651/232 1488/654/232 777/670/232
f 1494/671/33 1495/672/33 1498/673/33 1497/674/33
f 1495/672/33 1496/675/33 1499/676/33 1498/673/33
f 1497/674/34 1498/673/34 1501/677/34 1500/678/34
f 1498/673/34 1499/676/34 1502/679/34 1501/677/34
f 106/546/35 374/548/35 1494/671/35 812/680/35
f 374/548/35 375/557/35 1495/672/35 1494/671/35
f 375/557/35 376/555/35 1496/675/35 1495/672/35
f 376/555/35 49/556/35 415/681/35 1496/675/35
f 1496/675/33 415/681/33 414/682/33 1499/676/33
f 1499/676/34 414/682/34 413/683/34 1502/679/34
f 1502/679/36 413/683/36 33/684/36 313/685/36
f 1501/677/36 1502/679/36 313/685/36 312/686/36
f 1500/678/36 1501/677/36 312/686/36 311/687/36
f 814/688/36 1500/678/36 311/687/36 105/689/36
f 813/690/34 1497/674/34 1500/678/34 814/688/34
f 812/680/33 1494/671/33 1497/674/33 813/690/33
f 1503/691/233 1504/692/233 1507/693/233 1506/694/233
f 1504/692/234 1505/695/234 1508/696/234 1507/693/234
f 1506/694/235 1507/693/235 1510/697/235 1509/698/235
f 1507/693/236 1508/696/236 1511/699/236 1510/697/236
f 57/700/237 469/701/237 1503/691/237 628/702/237
f 469/701/238 468/703/238 1504/692/238 1503/691/238
f 468/703/239 467/704/239 1505/695/239 1504/692/239
f 467/704/240 68/705/240 629/706/240 1505/695/240
f 1505/695/241 629/706/241 630/707/241 1508/696/241
f 1508/696/242 630/707/242 631/708/242 1511/699/242
f 1511/699/243 631/708/243 34/709/243 410/710/243
f 1510/697/244 1511/699/244 410/710/244 411/711/244
f 1509/698/245 1510/697/245 411/711/245 412/712/245
f 626/713/246 1509/698/246 412/712/246 29/714/246
f 627/715/247 1506/694/247 1509/698/247 626/713/247
f 628/702/248 1503/691/248 1506/694/248 627/715/248
f 1512/716/249 1513/717/249 1516/718/249 1515/719/249
f 1513/717/250 1514/720/250 1517/721/250 1516/718/250
f 1515/719/251 1516/718/251 1519/722/251 1518/723/251
f 1516/718/252 1517/721/252 1520/724/252 1519/722/252
f 68/705/253 523/725/253 1512/716/253 629/706/253
f 523/725/254 522/726/254 1513/717/254 1512/716/254
f 522/726/255 521/727/255 1514/720/255 1513/717/255
f 521/727/256 71/728/256 668/729/256 1514/720/256
f 1514/720/257 668/729/257 669/730/257 1517/721/257
f 1517/721/258 669/730/258 670/731/258 1520/724/258
f 1520/724/259 670/731/259 36/732/259 371/733/259
f 1519/722/260 1520/724/260 371/733/260 372/734/260
f 1518/723/261 1519/722/261 372/734/261 373/735/261
f 631/708/262 1518/723/262 373/735/262 34/709/262
f 630/707/263 1515/719/263 1518/723/263 631/708/263
f 629/706/264 1512/716/264 1515/719/264 630/707/264
f 1521/736/265 1522/737/265 1525/738/265 1524/739/265
f 1522/737/266 1523/740/266 1526/741/266 1525/738/266
f 1524/739/267 1525/738/267 1528/742/267 1527/743/267
f 1525/738/268 1526/741/268 1529/744/268 1528/742/268
f 3/49/269 298/47/269 1521/736/269 650/745/269
f 298/47/270 297/46/270 1522/737/270 1521/736/270
f 297/46/271 296/45/271 1523/740/271 1522/737/271
f 296/45/272 14/44/272 653/746/272 1523/740/272
f 1523/740/273 653/746/273 654/747/273 1526/741/273
f 1526/741/274 654/747/274 655/748/274 1529/744/274
f 1529/744/275 655/748/275 81/749/275 451/750/275
f 1528/742/276 1529/744/276 451/750/276 450/751/276
f 1527/743/277 1528/742/277 450/751/277 449/752/277
f 652/753/278 1527/743/278 449/752/278 60/754/278
f 651/755/279 1524/739/279 1527/743/279 652/753/279
f 650/745/280 1521/736/280 1524/739/280 651/755/280
f 1530/756/281 1531/757/281 1534/758/281 1533/759/281
f 1531/757/282 1532/760/282 1535/761/282 1534/758/282
f 1533/759/283 1534/758/283 1537/762/283 1536/763/283
f 1534/758/284 1535/761/284 1538/764/284 1537/762/284
f 2/765/285 286/766/285 1530/756/285 635/767/285
f 286/766/286 285/768/286 1531/757/286 1530/756/286
f 285/768/287 284/769/287 1532/760/287 1531/757/287
f 284/769/288 7/770/288 641/771/288 1532/760/288
f 1532/760/289 641/771/289 642/772/289 1535/761/289
f 1535/761/290 642/772/290 643/773/290 1538/764/290
f 1538/764/291 643/773/291 67/705/291 475/704/291
f 1537/762/292 1538/764/292 475/704/292 474/703/292
f 1536/763/293 1537/762/293 474/703/293 473/701/293
f 637/774/294 1536/763/294 473/701/294 58/700/294
f 636/775/295 1533/759/295 1536/763/295 637/774/295
f 635/767/296 1530/756/296 1533/759/296 636/775/296
f 1539/776/297 1540/777/297 1543/778/297 1542/779/297
f 1540/777/298 1541/780/298 1544/781/298 1543/778/298
f 1542/779/299 1543/778/299 1546/782/299 1545/783/299
f 1543/778/300 1544/781/300 1547/784/300 1546/782/300
f 20/89/301 196/88/301 1539/776/301 709/785/301
f 196/88/302 195/87/302 1540/777/302 1539/776/302
f 195/87/303 194/86/303 1541/780/303 1540/777/303
f 194/86/304 15/24/304 667/786/304 1541/780/304
f 1541/780/305 667/786/305 666/787/305 1544/781/305
f 1544/781/306 666/787/306 665/788/306 1547/784/306
f 1547/784/307 665/788/307 84/789/307 577/790/307
f 1546/782/308 1547/784/308 577/790/308 576/791/308
f 1545/783/309 1546/782/309 576/791/309 575/792/309
f 707/793/310 1545/783/310 575/792/310 93/794/310
f 708/795/311 1542/779/311 1545/783/311 707/793/311
f 709/785/312 1539/776/312 1542/779/312 708/795/312
f 1548/796/313 1549/797/313 1552/798/313 1551/799/313
f 1549/797/314 1550/800/314 1553/801/314 1552/798/314
f 1551/799/315 1552/798/315 1555/802/315 1554/803/315
f 1552/798/316 1553/801/316 1556/804/316 1555/802/316
f 19/109/317 205/108/317 1548/796/317 725/805/317
f 205/108/318 204/107/318 1549/797/318 1548/796/318
f 204/107/319 203/106/319 1550/800/319 1549/797/319
f 203/106/320 20/89/320 709/785/320 1550/800/320
f 1550/800/321 709/785/321 708/795/321 1553/801/321
f 1553/801/322 708/795/322 707/793/322 1556/804/322
f 1556/804/323 707/793/323 93/794/323 571/806/323
f 1555/802/324 1556/804/324 571/806/324 570/807/324
f 1554/803/325 1555/802/325 570/807/325 569/808/325
f 727/809/326 1554/803/326 569/808/326 91/810/326
f 726/811/327 1551/799/327 1554/803/327 727/809/327
f 725/805/328 1548/796/328 1551/799/328 726/811/328
f 1557/812/329 1558/813/329 1561/814/329 1560/815/329
f 1558/813/330 1559/816/330 1562/817/330 1561/814/330
f 1560/815/331 1561/814/331 1564/818/331 1563/819/331
f 1561/814/332 1562/817/332 1565/820/332 1564/818/332
f 18/129/333 214/128/333 1557/812/333 719/821/333
f 214/128/334 213/127/334 1558/813/334 1557/812/334
f 213/127/335 212/126/335 1559/816/335 1558/813/335
f 212/126/336 19/109/336 725/805/336 1559/816/336
f 1559/816/337 725/805/337 726/811/337 1562/817/337
f 1562/817/338 726/811/338 727/809/338 1565/820/338
f 1565/820/339 727/809/339 91/810/339 562/822/339
f 1564/818/340 1565/820/340 562/822/340 561/823/340
f 1563/819/341 1564/818/341 561/823/341 560/824/341
f 721/825/342 1563/819/342 560/824/342 89/492/342
f 720/826/343 1560/815/343 1563/819/343 721/825/343
f 719/821/344 1557/812/344 1560/815/344 720/826/344
f 1566/827/345 1567/828/345 1570/829/345 1569/830/345
f 1567/828/346 1568/831/346 1571/832/346 1570/829/346
f 1569/830/347 1570/829/347 1573/833/347 1572/834/347
f 1570/829/348 1571/832/348 1574/835/348 1573/833/348
f 17/149/349 223/148/349 1566/827/349 713/836/349
f 223/148/350 222/147/350 1567/828/350 1566/827/350
f 222/147/351 221/146/351 1568/831/351 1567/828/351
f 221/146/352 18/129/352 719/821/352 1568/831/352
f 1568/831/353 719/821/353 720/826/353 1571/832/353
f 1571/832/354 720/826/354 721/825/354 1574/835/354
f 1574/835/355 721/825/355 89/492/355 553/837/355
f 1573/833/356 1574/835/356 553/837/356 552/838/356
f 1572/834/357 1573/833/357 552/838/357 551/839/357
f 715/840/358 1572/834/358 551/839/358 87/841/358
f 714/842/359 1569/830/359 1572/834/359 715/840/359
f 713/836/360 1566/827/360 1569/830/360 714/842/360
f 1575/843/361 1576/844/361 1579/845/361 1578/846/361
f 1576/844/362 1577/847/362 1580/848/362 1579/845/362
f 1578/846/363 1579/845/363 1582/849/363 1581/850/363
f 1579/845/364 1580/848/364 1583/851/364 1582/849/364
f 16/169/365 232/168/365 1575/843/365 701/852/365
f 232/168/366 231/167/366 1576/844/366 1575/843/366
f 231/167/367 230/166/367 1577/847/367 1576/844/367
f 230/166/368 17/149/368 713/836/368 1577/847/368
f 1577/847/369 713/836/369 714/842/369 1580/848/369
f 1580/848/370 714/842/370 715/840/370 1583/851/370
f 1583/851/371 715/840/371 87/841/371 544/853/371
f 1582/849/372 1583/851/372 544/853/372 543/854/372
f 1581/850/373 1582/849/373 543/854/373 542/855/373
f 703/856/374 1581/850/374 542/855/374 85/857/374
f 702/858/375 1578/846/375 1581/850/375 703/856/375
f 701/852/376 1575/843/376 1578/846/376 702/858/376
f 1584/859/377 1585/860/377 1588/861/377 1587/862/377
f 1585/860/378 1586/863/378 1589/864/378 1588/861/378
f 1587/862/379 1588/861/379 1591/865/379 1590/866/379
f 1588/861/380 1589/864/380 1592/867/380 1591/865/380
f 14/44/381 241/188/381 1584/859/381 653/746/381
f 241/188/382 240/187/382 1585/860/382 1584/859/382
f 240/187/383 239/186/383 1586/863/383 1585/860/383
f 239/186/384 16/169/384 701/852/384 1586/863/384
f 1586/863/385 701/852/385 702/858/385 1589/864/385
f 1589/864/386 702/858/386 703/856/386 1592/867/386
f 1592/867/387 703/856/387 85/857/387 535/868/387
f 1591/865/388 1592/867/388 535/868/388 534/869/388
f 1590/866/389 1591/865/389 534/869/389 533/870/389
f 655/748/390 1590/866/390 533/870/390 81/749/390
f 654/747/391 1587/862/391 1590/866/391 655/748/391
f 653/746/392 1584/859/392 1587/862/392 654/747/392
f 1593/871/393 1594/872/393 1597/873/393 1596/874/393
f 1594/872/394 1595/875/394 1598/876/394 1597/873/394
f 1596/874/395 1597/873/395 1600/877/395 1599/878/395
f 1597/873/396 1598/876/396 1601/879/396 1600/877/396
f 7/770/397 247/880/397 1593/871/397 641/771/397
f 247/880/398 246/881/398 1594/872/398 1593/871/398
f 246/881/399 245/882/399 1595/875/399 1594/872/399
f 245/882/400 9/883/400 671/884/400 1595/875/400
f 1595/875/401 671/884/401 672/885/401 1598/876/401
f 1598/876/402 672/885/402 673/886/402 1601/879/402
f 1601/879/403 673/886/403 72/887/403 526/888/403
f 1600/877/404 1601/879/404 526/888/404 525/726/404
f 1599/878/405 1600/877/405 525/726/405 524/889/405
f 643/773/406 1599/878/406 524/889/406 67/705/406
f 642/772/407 1596/874/407 1599/878/407 643/773/407
f 641/771/408 1593/871/408 1596/874/408 642/772/408
f 1602/890/409 1603/891/409 1606/892/409 1605/893/409
f 1603/891/410 1604/894/410 1607/895/410 1606/892/410
f 1605/893/411 1606/892/411 1609/896/411 1608/897/411
f 1606/892/412 1607/895/412 1610/898/412 1609/896/412
f 9/883/413 256/899/413 1602/890/413 671/884/413
f 256/899/414 255/900/414 1603/891/414 1602/890/414
f 255/900/415 254/901/415 1604/894/415 1603/891/415
f 254/901/416 10/902/416 683/903/416 1604/894/416
f 1604/894/417 683/903/417 684/904/417 1607/895/417
f 1607/895/418 684/904/418 685/905/418 1610/898/418
f 1610/898/419 685/905/419 74/906/419 520/907/419
f 1609/896/420 1610/898/420 520/907/420 519/908/420
f 1608/897/421 1609/896/421 519/908/421 518/909/421
f 673/886/422 1608/897/422 518/909/422 72/887/422
f 672/885/423 1605/893/423 1608/897/423 673/886/423
f 671/884/424 1602/890/424 1605/893/424 672/885/424
f 1611/910/425 1612/911/425 1615/912/425 1614/913/425
f 1612/911/426 1613/914/426 1616/915/426 1615/912/426
f 1614/913/427 1615/912/427 1618/916/427 1617/917/427
f 1615/912/428 1616/915/428 1619/918/428 1618/916/428
f 10/902/429 262/919/429 1611/910/429 683/903/429
f 262/919/430 261/920/430 1612/911/430 1611/910/430
f 261/920/431 260/921/431 1613/914/431 1612/911/431
f 260/921/432 11/922/432 689/923/432 1613/914/432
f 1613/914/433 689/923/433 690/924/433 1616/915/433
f 1616/915/434 690/924/434 691/925/434 1619/918/434
f 1619/918/435 691/925/435 76/926/435 511/927/435
f 1618/916/436 1619/918/436 511/927/436 510/928/436
f 1617/917/437 1618/916/437 510/928/437 509/929/437
f 685/905/438 1617/917/438 509/929/438 74/906/438
f 684/904/439 1614/913/439 1617/917/439 685/905/439
f 683/903/440 1611/910/440 1614/913/440 684/904/440
f 1620/930/441 1621/931/441 1624/932/441 1623/933/441
f 1621/931/442 1622/934/442 1625/935/442 1624/932/442
f 1623/933/443 1624/932/443 1627/936/443 1626/937/443
f 1624/932/444 1625/935/444 1628/938/444 1627/936/444
f 11/922/445 268/939/445 1620/930/445 689/923/445
f 268/939/446 267/940/446 1621/931/446 1620/930/446
f 267/940/447 266/941/447 1622/934/447 1621/931/447
f 266/941/448 12/942/448 695/943/448 1622/934/448
f 1622/934/449 695/943/449 696/944/449 1625/935/449
f 1625/935/450 696/944/450 697/945/450 1628/938/450
f 1628/938/451 697/945/451 78/946/451 502/947/451
f 1627/936/452 1628/938/452 502/947/452 501/948/452
f 1626/937/453 1627/936/453 501/948/453 500/949/453
f 691/925/454 1626/937/454 500/949/454 76/926/454
f 690/924/455 1623/933/455 1626/937/455 691/925/455
f 689/923/456 1620/930/456 1623/933/456 690/924/456
f 1629/950/457 1630/951/457 1633/952/457 1632/953/457
f 1630/951/458 1631/954/458 1634/955/458 1633/952/458
f 1632/953/459 1633/952/459 1636/956/459 1635/957/459
f 1633/952/460 1634/955/460 1637/958/460 1636/956/460
f 12/942/461 274/959/461 1629/950/461 695/943/461
f 274/959/462 273/960/462 1630/951/462 1629/950/462
f 273/960/463 272/961/463 1631/954/463 1630/951/463
f 272/961/464 13/962/464 679/963/464 1631/954/464
f 1631/954/465 679/963/465 678/964/465 1634/955/465
f 1634/955/466 678/964/466 677/965/466 1637/958/466
f 1637/958/467 677/965/467 80/966/467 493/967/467
f 1636/956/468 1637/958/468 493/967/468 492/968/468
f 1635/957/469 1636/956/469 492/968/469 491/969/469
f 697/945/470 1635/957/470 491/969/470 78/946/470
f 696/944/471 1632/953/471 1635/957/471 697/945/471
f 695/943/472 1629/950/472 1632/953/472 696/944/472
f 1638/970/473 1639/971/473 1642/972/473 1641/973/473
f 1639/971/474 1640/974/474 1643/975/474 1642/972/474
f 1641/973/475 1642/972/475 1645/976/475 1644/977/475
f 1642/972/476 1643/975/476 1646/978/476 1645/976/476
f 13/962/477 280/979/477 1638/970/477 679/963/477
f 280/979/478 279/980/478 1639/971/478 1638/970/478
f 279/980/479 278/981/479 1640/974/479 1639/971/479
f 278/981/480 8/982/480 622/983/480 1640/974/480
f 1640/974/481 622/983/481 621/984/481 1643/975/481
f 1643/975/482 621/984/482 620/985/482 1646/978/482
f 1646/978/483 620/985/483 70/986/483 484/987/483
f 1645/976/484 1646/978/484 484/987/484 483/988/484
f 1644/977/485 1645/976/485 483/988/485 482/989/485
f 677/965/486 1644/977/486 482/989/486 80/966/486
f 678/964/487 1641/973/487 1644/977/487 677/965/487
f 679/963/488 1638/970/488 1641/973/488 678/964/488
f 1647/990/489 1648/991/489 1651/992/489 1650/993/489
f 1648/991/490 1649/994/490 1652/995/490 1651/992/490
f 1650/993/491 1651/992/491 1654/996/491 1653/997/491
f 1651/992/492 1652/995/492 1655/998/492 1654/996/492
f 96/323/493 733/999/493 1647/990/493 809/1000/493
f 733/999/494 732/1001/494 1648/991/494 1647/990/494
f 732/1001/495 731/1002/495 1649/994/495 1648/991/495
f 731/1002/496 2/765/496 635/767/496 1649/994/496
f 1649/994/497 635/767/497 636/775/497 1652/995/497
f 1652/995/498 636/775/498 637/774/498 1655/998/498
f 1655/998/499 637/774/499 58/700/499 586/1003/499
f 1654/996/500 1655/998/500 586/1003/500 585/1004/500
f 1653/997/501 1654/996/501 585/1004/501 584/1005/501
f 811/1006/502 1653/997/502 584/1005/502 114/1007/502
f 810/1008/503 1650/993/503 1653/997/503 811/1006/503
f 809/1000/504 1647/990/504 1650/993/504 810/1008/504
f 1656/1009/505 1657/1010/505 1660/1011/505 1659/1012/505
f 1657/1010/505 1658/1013/505 1661/1014/505 1660/1011/505
f 1659/1012/506 1660/1011/506 1663/1015/506 1662/1016/506
f 1660/1011/506 1661/1014/506 1664/1017/506 1663/1015/506
f 95/60/507 730/62/507 1656/1009/507 806/1018/507
f 730/62/507 729/75/507 1657/1010/507 1656/1009/507
f 729/75/507 728/73/507 1658/1013/507 1657/1010/507
f 728/73/507 5/74/507 617/1019/507 1658/1013/507
f 1658/1013/505 617/1019/505 618/1020/505 1661/1014/505
f 1661/1014/506 618/1020/506 619/1021/506 1664/1017/506
f 1664/1017/508 619/1021/508 64/395/508 607/1022/508
f 1663/1015/509 1664/1017/509 607/1022/509 606/1023/509
f 1662/1016/509 1663/1015/509 606/1023/509 605/1024/509
f 808/1025/508 1662/1016/508 605/1024/508 116/1026/508
f 807/1027/506 1659/1012/506 1662/1016/506 808/1025/506
f 806/1018/505 1656/1009/505 1659/1012/505 807/1027/505
f 1665/1028/510 1666/1029/510 1669/1030/510 1668/1031/510
f 1666/1029/511 1667/1032/511 1670/1033/511 1669/1030/511
f 1668/1031/512 1669/1030/512 1672/1034/512 1671/1035/512
f 1669/1030/513 1670/1033/513 1673/1036/513 1672/1034/513
f 118/35/507 865/37/507 1665/1028/507 941/1037/507
f 865/37/514 864/50/514 1666/1029/514 1665/1028/514
f 864/50/515 863/48/515 1667/1032/515 1666/1029/515
f 863/48/516 3/49/516 650/745/516 1667/1032/516
f 1667/1032/517 650/745/517 651/755/517 1670/1033/517
f 1670/1033/518 651/755/518 652/753/518 1673/1036/518
f 1673/1036/519 652/753/519 60/754/519 595/1038/519
f 1672/1034/520 1673/1036/520 595/1038/520 594/1039/520
f 1671/1035/521 1672/1034/521 594/1039/521 593/1040/521
f 943/1041/522 1671/1035/522 593/1040/522 136/1042/522
f 942/1043/523 1668/1031/523 1671/1035/523 943/1041/523
f 941/1037/524 1665/1028/524 1668/1031/524 942/1043/524
f 1674/1044/525 1675/1045/525 1678/1046/525 1677/1047/525
f 1675/1045/525 1676/1048/525 1679/1049/525 1678/1046/525
f 1677/1047/526 1678/1046/526 1681/1050/526 1680/1051/526
f 1678/1046/526 1679/1049/526 1682/1052/526 1681/1050/526
f 117/15/493 862/1053/493 1674/1044/493 938/1054/493
f 862/1053/493 861/1055/493 1675/1045/493 1674/1044/493
f 861/1055/493 860/1056/493 1676/1048/493 1675/1045/493
f 860/1056/493 6/327/493 634/1057/493 1676/1048/493
f 1676/1048/525 634/1057/525 633/1058/525 1679/1049/525
f 1679/1049/526 633/1058/526 632/1059/526 1682/1052/526
f 1682/1052/527 632/1059/527 66/684/527 601/1060/527
f 1681/1050/528 1682/1052/528 601/1060/528 600/1061/528
f 1680/1051/528 1681/1050/528 600/1061/528 599/1062/528
f 940/1063/527 1680/1051/527 599/1062/527 138/1064/527
f 939/1065/526 1677/1047/526 1680/1051/526 940/1063/526
f 938/1054/525 1674/1044/525 1677/1047/525 939/1065/525
f 1683/1066/529 1684/1067/529 1687/1068/529 1686/1069/529
f 1684/1067/529 1685/1070/529 1688/1071/529 1687/1068/529
f 1686/1069/530 1687/1068/530 1690/1072/530 1689/1073/530
f 1687/1068/530 1688/1071/530 1691/1074/530 1690/1072/530
f 137/1064/531 922/1075/531 1683/1066/531 935/1076/531
f 922/1075/531 921/1077/531 1684/1067/531 1683/1066/531
f 921/1077/531 920/1078/531 1685/1070/531 1684/1067/531
f 920/1078/531 65/684/531 640/1079/531 1685/1070/531
f 1685/1070/529 640/1079/529 639/684/529 1688/1071/529
f 1688/1071/530 639/684/530 638/1080/530 1691/1074/530
f 1691/1074/532 638/1080/532 33/684/532 887/1081/532
f 1690/1072/532 1691/1074/532 887/1081/532 888/1082/532
f 1689/1073/532 1690/1072/532 888/1082/532 889/1083/532
f 937/1084/532 1689/1073/532 889/1083/532 126/354/532
f 936/1085/530 1686/1069/530 1689/1073/530 937/1084/530
f 935/1076/529 1683/1066/529 1686/1069/529 936/1085/529
f 1692/1086/533 1693/1087/533 1696/1088/533 1695/1089/533
f 1693/1087/534 1694/1090/534 1697/1091/534 1696/1088/534
f 1695/1089/535 1696/1088/535 1699/1092/535 1698/1093/535
f 1696/1088/536 1697/1091/536 1700/1094/536 1699/1092/536
f 83/789/537 433/1095/537 1692/1086/537 658/1096/537
f 433/1095/538 432/1097/538 1693/1087/538 1692/1086/538
f 432/1097/539 431/1098/539 1694/1090/539 1693/1087/539
f 431/1098/540 62/1099/540 659/1100/540 1694/1090/540
f 1694/1090/541 659/1100/541 660/1101/541 1697/1091/541
f 1697/1091/542 660/1101/542 661/1102/542 1700/1094/542
f 1700/1094/543 661/1102/543 31/349/543 425/348/543
f 1699/1092/544 1700/1094/544 425/348/544 426/347/544
f 1698/1093/545 1699/1092/545 426/347/545 427/346/545
f 656/1103/546 1698/1093/546 427/346/546 42/345/546
f 657/1104/547 1695/1089/547 1698/1093/547 656/1103/547
f 658/1096/548 1692/1086/548 1695/1089/548 657/1104/548
f 1701/1105/549 1702/1106/549 1705/1107/549 1704/1108/549
f 1702/1106/549 1703/1109/549 1706/1110/549 1705/1107/549
f 1704/1108/550 1705/1107/550 1708/1111/550 1707/1112/550
f 1705/1107/550 1706/1110/550 1709/1113/550 1708/1111/550
f 115/1026/551 790/1114/551 1701/1105/551 803/1115/551
f 790/1114/551 789/1023/551 1702/1106/551 1701/1105/551
f 789/1023/551 788/1116/551 1703/1109/551 1702/1106/551
f 788/1116/551 63/395/551 623/1117/551 1703/1109/551
f 1703/1109/549 623/1117/549 624/1117/549 1706/1110/549
f 1706/1110/550 624/1117/550 625/395/550 1709/1113/550
f 1709/1113/552 625/395/552 32/395/552 755/394/552
f 1708/1111/552 1709/1113/552 755/394/552 756/393/552
f 1707/1112/552 1708/1111/552 756/393/552 757/391/552
f 805/1118/552 1707/1112/552 757/391/552 104/390/552
f 804/1119/550 1704/1108/550 1707/1112/550 805/1118/550
f 803/1115/549 1701/1105/549 1704/1108/549 804/1119/549
f 1710/1120/553 1711/1121/553 1714/1122/553 1713/1123/553
f 1711/1121/554 1712/1124/554 1715/1125/554 1714/1122/554
f 1713/1123/555 1714/1122/555 1717/1126/555 1716/1127/555
f 1714/1122/556 1715/1125/556 1718/1128/556 1717/1126/556
f 59/1129/557 445/752/557 1710/1120/557 646/1130/557
f 445/752/558 444/751/558 1711/1121/558 1710/1120/558
f 444/751/559 443/750/559 1712/1124/559 1711/1121/559
f 443/750/560 82/749/560 647/1131/560 1712/1124/560
f 1712/1124/561 647/1131/561 648/1132/561 1715/1125/561
f 1715/1125/562 648/1132/562 649/1133/562 1718/1128/562
f 1718/1128/563 649/1133/563 41/374/563 422/373/563
f 1717/1126/564 1718/1128/564 422/373/564 423/372/564
f 1716/1127/565 1717/1126/565 423/372/565 424/371/565
f 644/1134/566 1716/1127/566 424/371/566 30/370/566
f 645/1135/567 1713/1123/567 1716/1127/567 644/1134/567
f 646/1130/568 1710/1120/568 1713/1123/568 645/1135/568
f 1719/1136/569 1720/1137/569 1723/1138/569 1722/1139/569
f 1720/1137/570 1721/1140/570 1724/1141/570 1723/1138/570
f 1722/1139/571 1723/1138/571 1726/1142/571 1725/1143/571
f 1723/1138/572 1724/1141/572 1727/1144/572 1726/1142/572
f 71/728/573 514/1145/573 1719/1136/573 668/729/573
f 514/1145/574 513/1146/574 1720/1137/574 1719/1136/574
f 513/1146/575 512/907/575 1721/1140/575 1720/1137/575
f 512/907/576 73/1147/576 680/1148/576 1721/1140/576
f 1721/1140/577 680/1148/577 681/1149/577 1724/1141/577
f 1724/1141/578 681/1149/578 682/1150/578 1727/1144/578
f 1727/1144/579 682/1150/579 37/592/579 380/1151/579
f 1726/1142/580 1727/1144/580 380/1151/580 381/1152/580
f 1725/1143/581 1726/1142/581 381/1152/581 382/1153/581
f 670/731/582 1725/1143/582 382/1153/582 36/732/582
f 669/730/583 1722/1139/583 1725/1143/583 670/731/583
f 668/729/584 1719/1136/584 1722/1139/584 669/730/584
f 1728/1154/585 1729/1155/585 1732/1156/585 1731/1157/585
f 1729/1155/586 1730/1158/586 1733/1159/586 1732/1156/586
f 1731/1157/587 1732/1156/587 1735/1160/587 1734/1161/587
f 1732/1156/588 1733/1159/588 1736/1162/588 1735/1160/588
f 82/749/589 532/1163/589 1728/1154/589 647/1131/589
f 532/1163/590 531/1164/590 1729/1155/590 1728/1154/590
f 531/1164/591 530/1165/591 1730/1158/591 1729/1155/591
f 530/1165/592 86/1166/592 698/1167/592 1730/1158/592
f 1730/1158/593 698/1167/593 699/1168/593 1733/1159/593
f 1733/1159/594 699/1168/594 700/1169/594 1736/1162/594
f 1736/1162/595 700/1169/595 43/515/595 365/536/595
f 1735/1160/596 1736/1162/596 365/536/596 366/535/596
f 1734/1161/597 1735/1160/597 366/535/597 367/534/597
f 649/1133/598 1734/1161/598 367/534/598 41/374/598
f 648/1132/599 1731/1157/599 1734/1161/599 649/1133/599
f 647/1131/600 1728/1154/600 1731/1157/600 648/1132/600
f 1737/1170/601 1738/1171/601 1741/1172/601 1740/1173/601
f 1738/1171/602 1739/1174/602 1742/1175/602 1741/1172/602
f 1740/1173/603 1741/1172/603 1744/1176/603 1743/1177/603
f 1741/1172/604 1742/1175/604 1745/1178/604 1744/1176/604
f 77/1179/605 487/969/605 1737/1170/605 692/1180/605
f 487/969/606 486/968/606 1738/1171/606 1737/1170/606
f 486/968/607 485/1181/607 1739/1174/607 1738/1171/607
f 485/1181/608 79/1182/608 676/1183/608 1739/1174/608
f 1739/1174/609 676/1183/609 675/1184/609 1742/1175/609
f 1742/1175/610 675/1184/610 674/1185/610 1745/1178/610
f 1745/1178/611 674/1185/611 40/1186/611 398/1187/611
f 1744/1176/612 1745/1178/612 398/1187/612 399/1188/612
f 1743/1177/613 1744/1176/613 399/1188/613 400/1189/613
f 694/1190/614 1743/1177/614 400/1189/614 39/1191/614
f 693/1192/615 1740/1173/615 1743/1177/615 694/1190/615
f 692/1180/616 1737/1170/616 1740/1173/616 693/1192/616
f 1746/1193/617 1747/1194/617 1750/1195/617 1749/1196/617
f 1747/1194/618 1748/1197/618 1751/1198/618 1750/1195/618
f 1749/1196/619 1750/1195/619 1753/1199/619 1752/1200/619
f 1750/1195/620 1751/1198/620 1754/1201/620 1753/1199/620
f 75/926/621 496/949/621 1746/1193/621 686/926/621
f 496/949/622 495/1202/622 1747/1194/622 1746/1193/622
f 495/1202/623 494/1203/623 1748/1197/623 1747/1194/623
f 494/1203/624 77/1179/624 692/1180/624 1748/1197/624
f 1748/1197/625 692/1180/625 693/1192/625 1751/1198/625
f 1751/1198/626 693/1192/626 694/1190/626 1754/1201/626
f 1754/1201/627 694/1190/627 39/1191/627 392/1204/627
f 1753/1199/628 1754/1201/628 392/1204/628 393/1205/628
f 1752/1200/629 1753/1199/629 393/1205/629 394/1206/629
f 688/926/630 1752/1200/630 394/1206/630 38/597/630
f 687/597/631 1749/1196/631 1752/1200/631 688/926/631
f 686/926/632 1746/1193/632 1749/1196/632 687/597/632
f 1755/1207/633 1756/1208/633 1759/1209/633 1758/1210/633
f 1756/1208/634 1757/1211/634 1760/1212/634 1759/1209/634
f 1758/1210/635 1759/1209/635 1762/1213/635 1761/1214/635
f 1759/1209/636 1760/1212/636 1763/1215/636 1762/1213/636
f 73/1147/637 505/929/637 1755/1207/637 680/1148/637
f 505/929/638 504/928/638 1756/1208/638 1755/1207/638
f 504/928/639 503/927/639 1757/1211/639 1756/1208/639
f 503/927/640 75/926/640 686/926/640 1757/1211/640
f 1757/1211/641 686/926/641 687/597/641 1760/1212/641
f 1760/1212/642 687/597/642 688/926/642 1763/1215/642
f 1763/1215/643 688/926/643 38/597/643 386/599/643
f 1762/1213/644 1763/1215/644 386/599/644 387/595/644
f 1761/1214/645 1762/1213/645 387/595/645 388/593/645
f 682/1150/646 1761/1214/646 388/593/646 37/592/646
f 681/1149/647 1758/1210/647 1761/1214/647 682/1150/647
f 680/1148/648 1755/1207/648 1758/1210/648 681/1149/648
f 1764/1216/649 1765/1217/649 1768/1218/649 1767/1219/649
f 1765/1217/650 1766/1220/650 1769/1221/650 1768/1218/650
f 1767/1219/651 1768/1218/651 1771/1222/651 1770/1223/651
f 1768/1218/652 1769/1221/652 1772/1224/652 1771/1222/652
f 79/1182/653 478/1225/653 1764/1216/653 676/1183/653
f 478/1225/654 477/1226/654 1765/1217/654 1764/1216/654
f 477/1226/655 476/1227/655 1766/1220/655 1765/1217/655
f 476/1227/656 69/986/656 610/1228/656 1766/1220/656
f 1766/1220/657 610/1228/657 609/1229/657 1769/1221/657
f 1769/1221/658 609/1229/658 608/1230/658 1772/1224/658
f 1772/1224/659 608/1230/659 35/1231/659 404/1232/659
f 1771/1222/660 1772/1224/660 404/1232/660 405/1233/660
f 1770/1223/661 1771/1222/661 405/1233/661 406/1234/661
f 674/1185/662 1770/1223/662 406/1234/662 40/1186/662
f 675/1184/663 1767/1219/663 1770/1223/663 674/1185/663
f 676/1183/664 1764/1216/664 1767/1219/664 675/1184/664
f 1773/1235/665 1774/1236/665 1777/1237/665 1776/1238/665
f 1774/1236/666 1775/1239/666 1778/1240/666 1777/1237/666
f 1776/1238/667 1777/1237/667 1780/1241/667 1779/1242/667
f 1777/1237/668 1778/1240/668 1781/1243/668 1780/1241/668
f 94/794/669 574/1244/669 1773/1235/669 706/1245/669
f 574/1244/670 573/1246/670 1774/1236/670 1773/1235/670
f 573/1246/671 572/1247/671 1775/1239/671 1774/1236/671
f 572/1247/672 83/789/672 658/1096/672 1775/1239/672
f 1775/1239/673 658/1096/673 657/1104/673 1778/1240/673
f 1778/1240/674 657/1104/674 656/1103/674 1781/1243/674
f 1781/1243/675 656/1103/675 42/345/675 320/425/675
f 1780/1241/676 1781/1243/676 320/425/676 321/424/676
f 1779/1242/677 1780/1241/677 321/424/677 322/423/677
f 704/1248/678 1779/1242/678 322/423/678 47/422/678
f 705/1249/679 1776/1238/679 1779/1242/679 704/1248/679
f 706/1245/680 1773/1235/680 1776/1238/680 705/1249/680
f 1782/1250/681 1783/1251/681 1786/1252/681 1785/1253/681
f 1783/1251/682 1784/1254/682 1787/1255/682 1786/1252/682
f 1785/1253/683 1786/1252/683 1789/1256/683 1788/1257/683
f 1786/1252/684 1787/1255/684 1790/1258/684 1789/1256/684
f 88/1259/685 550/1260/685 1782/1250/685 710/1261/685
f 550/1260/686 549/1262/686 1783/1251/686 1782/1250/686
f 549/1262/687 548/1263/687 1784/1254/687 1783/1251/687
f 548/1263/688 90/1264/688 716/1265/688 1784/1254/688
f 1784/1254/689 716/1265/689 717/492/689 1787/1255/689
f 1787/1255/690 717/492/690 718/492/690 1790/1258/690
f 1790/1258/691 718/492/691 45/492/691 347/1266/691
f 1789/1256/692 1790/1258/692 347/1266/692 348/1267/692
f 1788/1257/693 1789/1256/693 348/1267/693 349/1268/693
f 712/1269/694 1788/1257/694 349/1268/694 44/520/694
f 711/1270/695 1785/1253/695 1788/1257/695 712/1269/695
f 710/1261/696 1782/1250/696 1785/1253/696 711/1270/696
f 1791/1271/697 1792/1272/697 1795/1273/697 1794/1274/697
f 1792/1272/698 1793/1275/698 1796/1276/698 1795/1273/698
f 1794/1274/699 1795/1273/699 1798/1277/699 1797/1278/699
f 1795/1273/700 1796/1276/700 1799/1279/700 1798/1277/700
f 90/1264/701 559/1280/701 1791/1271/701 716/1265/701
f 559/1280/702 558/1281/702 1792/1272/702 1791/1271/702
f 558/1281/703 557/1282/703 1793/1275/703 1792/1272/703
f 557/1282/704 92/810/704 722/1283/704 1793/1275/704
f 1793/1275/705 722/1283/705 723/1284/705 1796/1276/705
f 1796/1276/706 723/1284/706 724/1285/706 1799/1279/706
f 1799/1279/707 724/1285/707 46/442/707 338/496/707
f 1798/1277/708 1799/1279/708 338/496/708 339/495/708
f 1797/1278/709 1798/1277/709 339/495/709 340/493/709
f 718/492/710 1797/1278/710 340/493/710 45/492/710
f 717/492/711 1794/1274/711 1797/1278/711 718/492/711
f 716/1265/712 1791/1271/712 1794/1274/712 717/492/712
f 1800/1286/713 1801/1287/713 1804/1288/713 1803/1289/713
f 1801/1287/714 1802/1290/714 1805/1291/714 1804/1288/714
f 1803/1289/715 1804/1288/715 1807/1292/715 1806/1293/715
f 1804/1288/716 1805/1291/716 1808/1294/716 1807/1292/716
f 92/810/717 568/1295/717 1800/1286/717 722/1283/717
f 568/1295/718 567/1296/718 1801/1287/718 1800/1286/718
f 567/1296/719 566/1297/719 1802/1290/719 1801/1287/719
f 566/1297/720 94/794/720 706/1245/720 1802/1290/720
f 1802/1290/721 706/1245/721 705/1249/721 1805/1291/721
f 1805/1291/722 705/1249/722 704/1248/722 1808/1294/722
f 1808/1294/723 704/1248/723 47/422/723 329/445/723
f 1807/1292/724 1808/1294/724 329/445/724 330/444/724
f 1806/1293/725 1807/1292/725 330/444/725 331/443/725
f 724/1285/726 1806/1293/726 331/443/726 46/442/726
f 723/1284/727 1803/1289/727 1806/1293/727 724/1285/727
f 722/1283/728 1800/1286/728 1803/1289/728 723/1284/728
f 1809/1298/729 1810/1299/729 1813/1300/729 1812/1301/729
f 1810/1299/730 1811/1302/730 1814/1303/730 1813/1300/730
f 1812/1301/731 1813/1300/731 1816/1304/731 1815/1305/731
f 1813/1300/732 1814/1303/732 1817/1306/732 1816/1304/732
f 86/1166/733 541/1307/733 1809/1298/733 698/1167/733
f 541/1307/734 540/1308/734 1810/1299/734 1809/1298/734
f 540/1308/735 539/1309/735 1811/1302/735 1810/1299/735
f 539/1309/736 88/1259/736 710/1261/736 1811/1302/736
f 1811/1302/737 710/1261/737 711/1270/737 1814/1303/737
f 1814/1303/738 711/1270/738 712/1269/738 1817/1306/738
f 1817/1306/739 712/1269/739 44/520/739 356/518/739
f 1816/1304/740 1817/1306/740 356/518/740 357/517/740
f 1815/1305/741 1816/1304/741 357/517/741 358/516/741
f 700/1169/742 1815/1305/742 358/516/742 43/515/742
f 699/1168/743 1812/1301/743 1815/1305/743 700/1169/743
f 698/1167/744 1809/1298/744 1812/1301/744 699/1168/744
f 1818/1310/745 1819/1311/745 1822/1312/745 1821/1313/745
f 1819/1311/746 1820/1314/746 1823/1315/746 1822/1312/746
f 1821/1313/747 1822/1312/747 1825/1316/747 1824/1317/747
f 1822/1312/748 1823/1315/748 1826/1318/748 1825/1316/748
f 113/1007/749 784/1005/749 1818/1310/749 800/1319/749
f 784/1005/750 783/1004/750 1819/1311/750 1818/1310/750
f 783/1004/751 782/1003/751 1820/1314/751 1819/1311/751
f 782/1003/752 57/700/752 628/702/752 1820/1314/752
f 1820/1314/753 628/702/753 627/715/753 1823/1315/753
f 1823/1315/754 627/715/754 626/713/754 1826/1318/754
f 1826/1318/755 626/713/755 29/714/755 758/1320/755
f 1825/1316/756 1826/1318/756 758/1320/756 759/1321/756
f 1824/1317/757 1825/1316/757 759/1321/757 760/1322/757
f 802/1323/532 1824/1317/532 760/1322/532 105/689/532
f 801/1324/758 1821/1313/758 1824/1317/758 802/1323/758
f 800/1319/759 1818/1310/759 1821/1313/759 801/1324/759
f 1827/1325/760 1828/1326/760 1831/1327/760 1830/1328/760
f 1828/1326/761 1829/1329/761 1832/1330/761 1831/1327/761
f 1830/1328/762 1831/1327/762 1834/1331/762 1833/1332/762
f 1831/1327/763 1832/1330/763 1835/1333/763 1834/1331/763
f 135/1042/764 916/1334/764 1827/1325/764 932/1335/764
f 916/1334/765 915/1039/765 1828/1326/765 1827/1325/765
f 915/1039/766 914/1038/766 1829/1329/766 1828/1326/766
f 914/1038/767 59/1129/767 646/1130/767 1829/1329/767
f 1829/1329/768 646/1130/768 645/1135/768 1832/1330/768
f 1832/1330/769 645/1135/769 644/1134/769 1835/1333/769
f 1835/1333/770 644/1134/770 30/370/770 890/369/770
f 1834/1331/771 1835/1333/771 890/369/771 891/368/771
f 1833/1332/772 1834/1331/772 891/368/772 892/366/772
f 934/1336/552 1833/1332/552 892/366/552 127/365/552
f 933/1337/773 1830/1328/773 1833/1332/773 934/1336/773
f 932/1335/774 1827/1325/774 1830/1328/774 933/1337/774
f 1836/1338/775 1837/1339/775 1840/1340/775 1839/1341/775
f 1837/1339/776 1838/1342/776 1841/1343/776 1840/1340/776
f 1839/1341/777 1840/1340/777 1843/1344/777 1842/1345/777
f 1840/1340/778 1841/1343/778 1844/1346/778 1843/1344/778
f 15/24/779 301/22/779 1836/1338/779 667/786/779
f 301/22/780 300/21/780 1837/1339/780 1836/1338/780
f 300/21/781 299/20/781 1838/1342/781 1837/1339/781
f 299/20/782 4/19/782 664/1347/782 1838/1342/782
f 1838/1342/783 664/1347/783 663/1348/783 1841/1343/783
f 1841/1343/784 663/1348/784 662/1349/784 1844/1346/784
f 1844/1346/785 662/1349/785 61/1099/785 439/1098/785
f 1843/1344/786 1844/1346/786 439/1098/786 438/1097/786
f 1842/1345/787 1843/1344/787 438/1097/787 437/1350/787
f 665/788/788 1842/1345/788 437/1350/788 84/789/788
f 666/787/789 1839/1341/789 1842/1345/789 665/788/789
f 667/786/790 1836/1338/790 1839/1341/790 666/787/790
f 1845/1351/791 1846/1352/791 1849/1353/791 1848/1354/791
f 1846/1352/792 1847/1355/792 1850/1356/792 1849/1353/792
f 1848/1354/793 1849/1353/793 1852/1357/793 1851/1358/793
f 1849/1353/794 1850/1356/794 1853/1359/794 1852/1357/794
f 8/982/795 292/1360/795 1845/1351/795 622/983/795
f 292/1360/796 291/1361/796 1846/1352/796 1845/1351/796
f 291/1361/797 290/1362/797 1847/1355/797 1846/1352/797
f 290/1362/798 1/1363/798 616/1364/798 1847/1355/798
f 1847/1355/799 616/1364/799 615/1365/799 1850/1356/799
f 1850/1356/800 615/1365/800 614/1366/800 1853/1359/800
f 1853/1359/801 614/1366/801 55/1367/801 463/1368/801
f 1852/1357/802 1853/1359/802 463/1368/802 462/1369/802
f 1851/1358/803 1852/1357/803 462/1369/803 461/1370/803
f 620/985/804 1851/1358/804 461/1370/804 70/986/804
f 621/984/805 1848/1354/805 1851/1358/805 620/985/805
f 622/983/806 1845/1351/806 1848/1354/806 621/984/806
f 1854/1371/807 1855/1097/807 1858/1372/807 1857/1373/807
f 1855/1097/808 1856/1374/808 1859/1374/808 1858/1372/808
f 1857/1373/809 1858/1372/809 1861/1097/809 1860/1375/809
f 1858/1372/808 1859/1374/808 1862/1374/808 1861/1097/808
f 62/1099/810 431/1098/810 1854/1371/810 430/1376/810
f 431/1098/811 432/1097/811 1855/1097/811 1854/1371/811
f 432/1097/812 433/1095/812 1856/1374/812 1855/1097/812
f 433/1095/813 83/789/813 434/1377/813 1856/1374/813
f 1856/1374/813 434/1377/813 435/1377/813 1859/1374/813
f 1859/1374/813 435/1377/813 436/1378/813 1862/1374/813
f 1862/1374/814 436/1378/814 84/789/814 437/1350/814
f 1861/1097/815 1862/1374/815 437/1350/815 438/1097/815
f 1860/1375/816 1861/1097/816 438/1097/816 439/1098/816
f 428/1376/817 1860/1375/817 439/1098/817 61/1099/817
f 429/1379/818 1857/1373/818 1860/1375/818 428/1376/818
f 430/1376/818 1854/1371/818 1857/1373/818 429/1379/818
f 1863/750/819 1864/1380/819 1867/1380/819 1866/1381/819
f 1864/1380/820 1865/1382/820 1868/1383/820 1867/1380/820
f 1866/1381/821 1867/1380/821 1870/1384/821 1869/1381/821
f 1867/1380/822 1868/1383/822 1871/1382/822 1870/1384/822
f 82/749/823 443/750/823 1863/750/823 442/1385/823
f 443/750/824 444/751/824 1864/1380/824 1863/750/824
f 444/751/825 445/752/825 1865/1382/825 1864/1380/825
f 445/752/826 59/1129/826 446/754/826 1865/1382/826
f 1865/1382/827 446/754/827 447/1386/827 1868/1383/827
f 1868/1383/827 447/1386/827 448/754/827 1871/1382/827
f 1871/1382/828 448/754/828 60/754/828 449/752/828
f 1870/1384/829 1871/1382/829 449/752/829 450/751/829
f 1869/1381/830 1870/1384/830 450/751/830 451/750/830
f 440/749/831 1869/1381/831 451/750/831 81/749/831
f 441/1387/823 1866/1381/823 1869/1381/823 440/749/823
f 442/1385/823 1863/750/823 1866/1381/823 441/1387/823
f 1872/1388/832 1873/1369/832 1876/1389/832 1875/1390/832
f 1873/1369/833 1874/1370/833 1877/1391/833 1876/1389/833
f 1875/1390/834 1876/1389/834 1879/1369/834 1878/1392/834
f 1876/1389/833 1877/1391/833 1880/1370/833 1879/1369/833
f 56/1367/835 455/1393/835 1872/1388/835 454/1367/835
f 455/1393/836 456/1389/836 1873/1369/836 1872/1388/836
f 456/1389/837 457/1370/837 1874/1370/837 1873/1369/837
f 457/1370/838 69/986/838 458/986/838 1874/1370/838
f 1874/1370/839 458/986/839 459/986/839 1877/1391/839
f 1877/1391/839 459/986/839 460/986/839 1880/1370/839
f 1880/1370/840 460/986/840 70/986/840 461/1370/840
f 1879/1369/841 1880/1370/841 461/1370/841 462/1369/841
f 1878/1392/842 1879/1369/842 462/1369/842 463/1368/842
f 452/1367/843 1878/1392/843 463/1368/843 55/1367/843
f 453/1367/844 1875/1390/844 1878/1392/844 452/1367/844
f 454/1367/844 1872/1388/844 1875/1390/844 453/1367/844
f 1881/1394/845 1882/1395/845 1885/703/845 1884/1394/845
f 1882/1395/846 1883/1396/846 1886/1397/846 1885/703/846
f 1884/1394/845 1885/703/845 1888/1395/845 1887/1398/845
f 1885/703/847 1886/1397/847 1889/1399/847 1888/1395/847
f 68/705/848 467/704/848 1881/1394/848 466/1400/848
f 467/704/849 468/703/849 1882/1395/849 1881/1394/849
f 468/703/850 469/701/850 1883/1396/850 1882/1395/850
f 469/701/851 57/700/851 470/700/851 1883/1396/851
f 1883/1396/852 470/700/852 471/700/852 1886/1397/852
f 1886/1397/852 471/700/852 472/1401/852 1889/1399/852
f 1889/1399/853 472/1401/853 58/700/853 473/701/853
f 1888/1395/854 1889/1399/854 473/701/854 474/703/854
f 1887/1398/855 1888/1395/855 474/703/855 475/704/855
f 464/1402/856 1887/1398/856 475/704/856 67/705/856
f 465/705/857 1884/1394/857 1887/1398/857 464/1402/857
f 466/1400/857 1881/1394/857 1884/1394/857 465/705/857
f 1890/987/858 1891/1403/858 1894/988/858 1893/987/858
f 1891/1403/858 1892/1404/858 1895/1405/858 1894/988/858
f 1893/987/858 1894/988/858 1897/988/858 1896/987/858
f 1894/988/858 1895/1405/858 1898/989/858 1897/988/858
f 69/986/858 476/1227/858 1890/987/858 458/986/858
f 476/1227/858 477/1226/858 1891/1403/858 1890/987/858
f 477/1226/858 478/1225/858 1892/1404/858 1891/1403/858
f 478/1225/858 79/1182/858 479/1406/858 1892/1404/858
f 1892/1404/858 479/1406/858 480/966/858 1895/1405/858
f 1895/1405/858 480/966/858 481/1182/858 1898/989/858
f 1898/989/858 481/1182/858 80/966/858 482/989/858
f 1897/988/858 1898/989/858 482/989/858 483/988/858
f 1896/987/858 1897/988/858 483/988/858 484/987/858
f 460/986/858 1896/987/858 484/987/858 70/986/858
f 459/986/858 1893/987/858 1896/987/858 460/986/858
f 458/986/858 1890/987/858 1893/987/858 459/986/858
f 1899/967/858 1900/1407/858 1903/968/858 1902/1181/858
f 1900/1407/858 1901/969/858 1904/1408/858 1903/968/858
f 1902/1181/858 1903/968/858 1906/1409/858 1905/1410/858
f 1903/968/858 1904/1408/858 1907/969/858 1906/1409/858
f 79/1182/858 485/1181/858 1899/967/858 479/1406/858
f 485/1181/858 486/968/858 1900/1407/858 1899/967/858
f 486/968/858 487/969/858 1901/969/858 1900/1407/858
f 487/969/858 77/1179/858 488/1411/858 1901/969/858
f 1901/969/858 488/1411/858 489/946/858 1904/1408/858
f 1904/1408/858 489/946/858 490/946/858 1907/969/858
f 1907/969/858 490/946/858 78/946/858 491/969/858
f 1906/1409/858 1907/969/858 491/969/858 492/968/858
f 1905/1410/858 1906/1409/858 492/968/858 493/967/858
f 481/1182/858 1905/1410/858 493/967/858 80/966/858
f 480/966/858 1902/1181/858 1905/1410/858 481/1182/858
f 479/1406/858 1899/967/858 1902/1181/858 480/966/858
f 1908/1203/858 1909/1412/858 1912/1412/858 1911/1203/858
f 1909/1412/858 1910/1413/858 1913/949/858 1912/1412/858
f 1911/1203/858 1912/1412/858 1915/1202/858 1914/1414/858
f 1912/1412/858 1913/949/858 1916/1413/858 1915/1202/858
f 77/1179/858 494/1203/858 1908/1203/858 488/1411/858
f 494/1203/858 495/1202/858 1909/1412/858 1908/1203/858
f 495/1202/858 496/949/858 1910/1413/858 1909/1412/858
f 496/949/858 75/926/858 497/926/858 1910/1413/858
f 1910/1413/858 497/926/858 498/926/858 1913/949/858
f 1913/949/858 498/926/858 499/926/858 1916/1413/858
f 1916/1413/858 499/926/858 76/926/858 500/949/858
f 1915/1202/858 1916/1413/858 500/949/858 501/948/858
f 1914/1414/858 1915/1202/858 501/948/858 502/947/858
f 490/946/858 1914/1414/858 502/947/858 78/946/858
f 489/946/858 1911/1203/858 1914/1414/858 490/946/858
f 488/1411/858 1908/1203/858 1911/1203/858 489/946/858
f 1917/1415/858 1918/1416/858 1921/1417/858 1920/927/858
f 1918/1416/858 1919/1418/858 1922/1419/858 1921/1417/858
f 1920/927/858 1921/1417/858 1924/928/858 1923/927/858
f 1921/1417/858 1922/1419/858 1925/929/858 1924/928/858
f 75/926/858 503/927/858 1917/1415/858 497/926/858
f 503/927/858 504/928/858 1918/1416/858 1917/1415/858
f 504/928/858 505/929/858 1919/1418/858 1918/1416/858
f 505/929/858 73/1147/858 506/906/858 1919/1418/858
f 1919/1418/858 506/906/858 507/906/858 1922/1419/858
f 1922/1419/858 507/906/858 508/1420/858 1925/929/858
f 1925/929/858 508/1420/858 74/906/858 509/929/858
f 1924/928/858 1925/929/858 509/929/858 510/928/858
f 1923/927/858 1924/928/858 510/928/858 511/927/858
f 499/926/858 1923/927/858 511/927/858 76/926/858
f 498/926/858 1920/927/858 1923/927/858 499/926/858
f 497/926/858 1917/1415/858 1920/927/858 498/926/858
f 1926/907/858 1927/1146/858 1930/1421/858 1929/907/858
f 1927/1146/858 1928/1145/858 1931/1145/858 1930/1421/858
f 1929/907/858 1930/1421/858 1933/1421/858 1932/907/858
f 1930/1421/858 1931/1145/858 1934/1145/858 1933/1421/858
f 73/1147/858 512/907/858 1926/907/858 506/906/858
f 512/907/858 513/1146/858 1927/1146/858 1926/907/858
f 513/1146/858 514/1145/858 1928/1145/858 1927/1146/858
f 514/1145/858 71/728/858 515/728/858 1928/1145/858
f 1928/1145/858 515/728/858 516/1422/858 1931/1145/858
f 1931/1145/858 516/1422/858 517/728/858 1934/1145/858
f 1934/1145/858 517/728/858 72/887/858 518/909/858
f 1933/1421/858 1934/1145/858 518/909/858 519/908/858
f 1932/907/858 1933/1421/858 519/908/858 520/907/858
f 508/1420/858 1932/907/858 520/907/858 74/906/858
f 507/906/858 1929/907/858 1932/907/858 508/1420/858
f 506/906/858 1926/907/858 1929/907/858 507/906/858
f 1935/888/858 1936/1423/858 1939/1423/858 1938/888/858
f 1936/1423/858 1937/725/858 1940/725/858 1939/1423/858
f 1938/888/858 1939/1423/858 1942/726/858 1941/1424/858
f 1939/1423/858 1940/725/858 1943/889/858 1942/726/858
f 71/728/858 521/727/858 1935/888/858 515/728/858
f 521/727/858 522/726/858 1936/1423/858 1935/888/858
f 522/726/858 523/725/858 1937/725/858 1936/1423/858
f 523/725/858 68/705/858 466/1400/858 1937/725/858
f 1937/725/858 466/1400/858 465/705/858 1940/725/858
f 1940/725/858 465/705/858 464/1402/858 1943/889/858
f 1943/889/858 464/1402/858 67/705/858 524/889/858
f 1942/726/858 1943/889/858 524/889/858 525/726/858
f 1941/1424/858 1942/726/858 525/726/858 526/888/858
f 517/728/858 1941/1424/858 526/888/858 72/887/858
f 516/1422/858 1938/888/858 1941/1424/858 517/728/858
f 515/728/858 1935/888/858 1938/888/858 516/1422/858
f 1944/1425/859 1945/1426/859 1948/869/859 1947/1165/859
f 1945/1426/859 1946/1427/859 1949/1428/859 1948/869/859
f 1947/1165/859 1948/869/859 1951/1426/859 1950/1429/859
f 1948/869/859 1949/1428/859 1952/1163/859 1951/1426/859
f 86/1166/859 530/1165/859 1944/1425/859 529/1430/859
f 530/1165/859 531/1164/859 1945/1426/859 1944/1425/859
f 531/1164/859 532/1163/859 1946/1427/859 1945/1426/859
f 532/1163/859 82/749/859 442/1385/859 1946/1427/859
f 1946/1427/859 442/1385/859 441/1387/859 1949/1428/859
f 1949/1428/859 441/1387/859 440/749/859 1952/1163/859
f 1952/1163/859 440/749/859 81/749/859 533/870/859
f 1951/1426/859 1952/1163/859 533/870/859 534/869/859
f 1950/1429/859 1951/1426/859 534/869/859 535/868/859
f 527/1431/859 1950/1429/859 535/868/859 85/857/859
f 528/1432/859 1947/1165/859 1950/1429/859 527/1431/859
f 529/1430/859 1944/1425/859 1947/1165/859 528/1432/859
f 1953/1433/859 1954/1434/859 1957/854/859 1956/1433/859
f 1954/1434/859 1955/1435/859 1958/855/859 1957/854/859
f 1956/1433/859 1957/854/859 1960/1436/859 1959/1437/859
f 1957/854/859 1958/855/859 1961/1438/859 1960/1436/859
f 88/1259/859 539/1309/859 1953/1433/859 538/1439/859
f 539/1309/859 540/1308/859 1954/1434/859 1953/1433/859
f 540/1308/859 541/1307/859 1955/1435/859 1954/1434/859
f 541/1307/859 86/1166/859 529/1430/859 1955/1435/859
f 1955/1435/859 529/1430/859 528/1432/859 1958/855/859
f 1958/855/859 528/1432/859 527/1431/859 1961/1438/859
f 1961/1438/859 527/1431/859 85/857/859 542/855/859
f 1960/1436/859 1961/1438/859 542/855/859 543/854/859
f 1959/1437/859 1960/1436/859 543/854/859 544/853/859
f 536/841/859 1959/1437/859 544/853/859 87/841/859
f 537/1439/859 1956/1433/859 1959/1437/859 536/841/859
f 538/1439/859 1953/1433/859 1956/1433/859 537/1439/859
f 1962/1263/859 1963/1440/859 1966/1440/859 1965/1441/859
f 1963/1440/859 1964/1442/859 1967/839/859 1966/1440/859
f 1965/1441/859 1966/1440/859 1969/1440/859 1968/1443/859
f 1966/1440/859 1967/839/859 1970/1260/859 1969/1440/859
f 90/1264/859 548/1263/859 1962/1263/859 547/1444/859
f 548/1263/859 549/1262/859 1963/1440/859 1962/1263/859
f 549/1262/859 550/1260/859 1964/1442/859 1963/1440/859
f 550/1260/859 88/1259/859 538/1439/859 1964/1442/859
f 1964/1442/859 538/1439/859 537/1439/859 1967/839/859
f 1967/839/859 537/1439/859 536/841/859 1970/1260/859
f 1970/1260/859 536/841/859 87/841/859 551/839/859
f 1969/1440/859 1970/1260/859 551/839/859 552/838/859
f 1968/1443/859 1969/1440/859 552/838/859 553/837/859
f 545/492/859 1968/1443/859 553/837/859 89/492/859
f 546/1265/859 1965/1441/859 1968/1443/859 545/492/859
f 547/1444/859 1962/1263/859 1965/1441/859 546/1265/859
f 1971/1445/859 1972/1446/859 1975/1447/859 1974/1448/859
f 1972/1446/859 1973/824/859 1976/824/859 1975/1447/859
f 1974/1448/859 1975/1447/859 1978/823/859 1977/1282/859
f 1975/1447/859 1976/824/859 1979/1449/859 1978/823/859
f 92/810/859 557/1282/859 1971/1445/859 556/1450/859
f 557/1282/859 558/1281/859 1972/1446/859 1971/1445/859
f 558/1281/859 559/1280/859 1973/824/859 1972/1446/859
f 559/1280/859 90/1264/859 547/1444/859 1973/824/859
f 1973/824/859 547/1444/859 546/1265/859 1976/824/859
f 1976/824/859 546/1265/859 545/492/859 1979/1449/859
f 1979/1449/859 545/492/859 89/492/859 560/824/859
f 1978/823/859 1979/1449/859 560/824/859 561/823/859
f 1977/1282/859 1978/823/859 561/823/859 562/822/859
f 554/1451/859 1977/1282/859 562/822/859 91/810/859
f 555/1452/859 1974/1448/859 1977/1282/859 554/1451/859
f 556/1450/859 1971/1445/859 1974/1448/859 555/1452/859
f 1980/1453/859 1981/1454/859 1984/1454/859 1983/1453/859
f 1981/1454/859 1982/808/859 1985/808/859 1984/1454/859
f 1983/1453/859 1984/1454/859 1987/807/859 1986/1453/859
f 1984/1454/859 1985/808/859 1988/1455/859 1987/807/859
f 94/794/859 566/1297/859 1980/1453/859 565/1456/859
f 566/1297/859 567/1296/859 1981/1454/859 1980/1453/859
f 567/1296/859 568/1295/859 1982/808/859 1981/1454/859
f 568/1295/859 92/810/859 556/1450/859 1982/808/859
f 1982/808/859 556/1450/859 555/1452/859 1985/808/859
f 1985/808/859 555/1452/859 554/1451/859 1988/1455/859
f 1988/1455/859 554/1451/859 91/810/859 569/808/859
f 1987/807/859 1988/1455/859 569/808/859 570/807/859
f 1986/1453/859 1987/807/859 570/807/859 571/806/859
f 563/1457/859 1986/1453/859 571/806/859 93/794/859
f 564/1458/859 1983/1453/859 1986/1453/859 563/1457/859
f 565/1456/859 1980/1453/859 1983/1453/859 564/1458/859
f 1989/1247/859 1990/1459/859 1993/1460/859 1992/1461/859
f 1990/1459/859 1991/1462/859 1994/792/859 1993/1460/859
f 1992/1461/859 1993/1460/859 1996/791/859 1995/1463/859
f 1993/1460/859 1994/792/859 1997/1244/859 1996/791/859
f 83/789/859 572/1247/859 1989/1247/859 434/1377/859
f 572/1247/859 573/1246/859 1990/1459/859 1989/1247/859
f 573/1246/859 574/1244/859 1991/1462/859 1990/1459/859
f 574/1244/859 94/794/859 565/1456/859 1991/1462/859
f 1991/1462/859 565/1456/859 564/1458/859 1994/792/859
f 1994/792/859 564/1458/859 563/1457/859 1997/1244/859
f 1997/1244/859 563/1457/859 93/794/859 575/792/859
f 1996/791/859 1997/1244/859 575/792/859 576/791/859
f 1995/1463/859 1996/791/859 576/791/859 577/790/859
f 436/1378/859 1995/1463/859 577/790/859 84/789/859
f 435/1377/859 1992/1461/859 1995/1463/859 436/1378/859
f 434/1377/859 1989/1247/859 1992/1461/859 435/1377/859
f 1998/1464/860 1999/1465/860 2002/1466/860 2001/1467/860
f 1999/1465/860 2000/1468/860 2003/1468/860 2002/1466/860
f 2001/1467/860 2002/1466/860 2005/1466/860 2004/1467/860
f 2002/1466/860 2003/1468/860 2006/1469/860 2005/1466/860
f 113/1007/861 578/1470/861 1998/1464/861 797/1471/861
f 578/1470/861 579/1466/861 1999/1465/861 1998/1464/861
f 579/1466/861 580/1468/861 2000/1468/861 1999/1465/861
f 580/1468/860 65/684/860 581/1079/860 2000/1468/860
f 2000/1468/860 581/1079/860 582/1079/860 2003/1468/860
f 2003/1468/861 582/1079/861 583/1080/861 2006/1469/861
f 2006/1469/860 583/1080/860 66/684/860 785/1468/860
f 2005/1466/860 2006/1469/860 785/1468/860 786/1466/860
f 2004/1467/860 2005/1466/860 786/1466/860 787/1470/860
f 799/1007/860 2004/1467/860 787/1470/860 114/1007/860
f 798/1472/861 2001/1467/861 2004/1467/861 799/1007/861
f 797/1471/860 1998/1464/860 2001/1467/860 798/1472/860
f 2007/1473/862 2008/1474/862 2011/1475/862 2010/1476/862
f 2008/1474/862 2009/1477/862 2012/1478/862 2011/1475/862
f 2010/1476/862 2011/1475/862 2014/1479/862 2013/1476/862
f 2011/1475/862 2012/1478/862 2015/1478/862 2014/1479/862
f 135/1042/863 587/1473/863 2007/1473/863 929/1042/863
f 587/1473/863 588/1474/863 2008/1474/863 2007/1473/863
f 588/1474/863 589/1478/863 2009/1477/863 2008/1474/863
f 589/1478/862 63/395/862 590/1117/862 2009/1477/862
f 2009/1477/862 590/1117/862 591/1117/862 2012/1478/862
f 2012/1478/863 591/1117/863 592/395/863 2015/1478/863
f 2015/1478/862 592/395/862 64/395/862 917/1478/862
f 2014/1479/862 2015/1478/862 917/1478/862 918/1474/862
f 2013/1476/862 2014/1479/862 918/1474/862 919/1473/862
f 931/1042/862 2013/1476/862 919/1473/862 136/1042/862
f 930/1042/863 2010/1476/863 2013/1476/863 931/1042/863
f 929/1042/862 2007/1473/862 2010/1476/862 930/1042/862
f 2016/1480/864 2017/1481/864 2020/1482/864 2019/1483/864
f 2017/1481/865 2018/1484/865 2021/1485/865 2020/1482/865
f 2019/1483/864 2020/1482/864 2023/1486/864 2022/1483/864
f 2020/1482/865 2021/1485/865 2024/1487/865 2023/1486/865
f 137/1064/866 596/1488/866 2016/1480/866 926/1489/866
f 596/1488/864 597/1490/864 2017/1481/864 2016/1480/864
f 597/1490/865 598/1487/865 2018/1484/865 2017/1481/865
f 598/1487/867 62/1099/867 430/1376/867 2018/1484/867
f 2018/1484/868 430/1376/868 429/1379/868 2021/1485/868
f 2021/1485/869 429/1379/869 428/1376/869 2024/1487/869
f 2024/1487/869 428/1376/869 61/1099/869 923/1487/869
f 2023/1486/870 2024/1487/870 923/1487/870 924/1490/870
f 2022/1483/864 2023/1486/864 924/1490/864 925/1488/864
f 928/1491/866 2022/1483/866 925/1488/866 138/1064/866
f 927/1492/866 2019/1483/866 2022/1483/866 928/1491/866
f 926/1489/866 2016/1480/866 2019/1483/866 927/1492/866
f 2025/1493/871 2026/1494/871 2029/1495/871 2028/1496/871
f 2026/1494/872 2027/1497/872 2030/1498/872 2029/1495/872
f 2028/1496/873 2029/1495/873 2032/1495/873 2031/1496/873
f 2029/1495/872 2030/1498/872 2033/1499/872 2032/1495/872
f 115/1026/874 602/1493/874 2025/1493/874 794/1026/874
f 602/1493/871 603/1495/871 2026/1494/871 2025/1493/871
f 603/1495/872 604/1500/872 2027/1497/872 2026/1494/872
f 604/1500/875 56/1367/875 454/1367/875 2027/1497/875
f 2027/1497/875 454/1367/875 453/1367/875 2030/1498/875
f 2030/1498/876 453/1367/876 452/1367/876 2033/1499/876
f 2033/1499/877 452/1367/877 55/1367/877 791/1500/877
f 2032/1495/878 2033/1499/878 791/1500/878 792/1495/878
f 2031/1496/873 2032/1495/873 792/1495/873 793/1493/873
f 796/1501/874 2031/1496/874 793/1493/874 116/1026/874
f 795/1026/874 2028/1496/874 2031/1496/874 796/1501/874
f 794/1026/874 2025/1493/874 2028/1496/874 795/1026/874
f 2034/1502/879 2035/1503/879 2038/1504/879 2037/1505/879
f 2035/1503/880 2036/1506/880 2039/1507/880 2038/1504/880
f 2037/1505/881 2038/1504/881 2041/1508/881 2040/1509/881
f 2038/1504/882 2039/1507/882 2042/1510/882 2041/1508/882
f 69/986/883 457/1370/883 2034/1502/883 610/1228/883
f 457/1370/884 456/1389/884 2035/1503/884 2034/1502/884
f 456/1389/885 455/1393/885 2036/1506/885 2035/1503/885
f 455/1393/886 56/1367/886 611/1511/886 2036/1506/886
f 2036/1506/887 611/1511/887 612/1512/887 2039/1507/887
f 2039/1507/888 612/1512/888 613/1513/888 2042/1510/888
f 2042/1510/889 613/1513/889 28/1514/889 416/1515/889
f 2041/1508/890 2042/1510/890 416/1515/890 417/1516/890
f 2040/1509/891 2041/1508/891 417/1516/891 418/1517/891
f 608/1230/892 2040/1509/892 418/1517/892 35/1231/892
f 609/1229/893 2037/1505/893 2040/1509/893 608/1230/893
f 610/1228/894 2034/1502/894 2037/1505/894 609/1229/894
f 2043/1518/862 2044/1519/862 2047/1023/862 2046/1022/862
f 2044/1519/862 2045/1024/862 2048/1520/862 2047/1023/862
f 2046/1022/862 2047/1023/862 2050/1023/862 2049/1518/862
f 2047/1023/862 2048/1520/862 2051/1520/862 2050/1023/862
f 63/395/862 788/1116/862 2043/1518/862 590/1117/862
f 788/1116/862 789/1023/862 2044/1519/862 2043/1518/862
f 789/1023/862 790/1114/862 2045/1024/862 2044/1519/862
f 790/1114/862 115/1026/862 794/1026/862 2045/1024/862
f 2045/1024/862 794/1026/862 795/1026/862 2048/1520/862
f 2048/1520/863 795/1026/863 796/1501/863 2051/1520/863
f 2051/1520/862 796/1501/862 116/1026/862 605/1024/862
f 2050/1023/863 2051/1520/863 605/1024/863 606/1023/863
f 2049/1518/863 2050/1023/863 606/1023/863 607/1022/863
f 592/395/862 2049/1518/862 607/1022/862 64/395/862
f 591/1117/863 2046/1022/863 2049/1518/863 592/395/863
f 590/1117/862 2043/1518/862 2046/1022/862 591/1117/862
f 2052/1521/895 2053/1522/895 2056/1523/895 2055/1524/895
f 2053/1522/896 2054/1525/896 2057/1525/896 2056/1523/896
f 2055/1524/895 2056/1523/895 2059/1526/895 2058/1521/895
f 2056/1523/896 2057/1525/896 2060/1525/896 2059/1526/896
f 57/700/897 782/1003/897 2052/1521/897 470/700/897
f 782/1003/895 783/1004/895 2053/1522/895 2052/1521/895
f 783/1004/896 784/1005/896 2054/1525/896 2053/1522/896
f 784/1005/898 113/1007/898 797/1471/898 2054/1525/898
f 2054/1525/898 797/1471/898 798/1472/898 2057/1525/898
f 2057/1525/898 798/1472/898 799/1007/898 2060/1525/898
f 2060/1525/898 799/1007/898 114/1007/898 584/1005/898
f 2059/1526/899 2060/1525/899 584/1005/899 585/1004/899
f 2058/1521/900 2059/1526/900 585/1004/900 586/1003/900
f 472/1401/901 2058/1521/901 586/1003/901 58/700/901
f 471/700/901 2055/1524/901 2058/1521/901 472/1401/901
f 470/700/897 2052/1521/897 2055/1524/897 471/700/897
f 2061/1527/529 2062/1528/529 2065/1529/529 2064/1530/529
f 2062/1528/529 2063/1531/529 2066/1532/529 2065/1529/529
f 2064/1530/530 2065/1529/530 2068/1533/530 2067/1534/530
f 2065/1529/530 2066/1532/530 2069/1535/530 2068/1533/530
f 65/684/531 580/1468/531 2061/1527/531 640/1079/531
f 580/1468/531 579/1466/531 2062/1528/531 2061/1527/531
f 579/1466/531 578/1470/531 2063/1531/531 2062/1528/531
f 578/1470/531 113/1007/531 800/1319/531 2063/1531/531
f 2063/1531/529 800/1319/529 801/1324/529 2066/1532/529
f 2066/1532/530 801/1324/530 802/1323/530 2069/1535/530
f 2069/1535/532 802/1323/532 105/689/532 311/687/532
f 2068/1533/532 2069/1535/532 311/687/532 312/686/532
f 2067/1534/532 2068/1533/532 312/686/532 313/685/532
f 638/1080/532 2067/1534/532 313/685/532 33/684/532
f 639/684/530 2064/1530/530 2067/1534/530 638/1080/530
f 640/1079/529 2061/1527/529 2064/1530/529 639/684/529
f 2070/1536/902 2071/1537/902 2074/1538/902 2073/1539/902
f 2071/1537/903 2072/1540/903 2075/1541/903 2074/1538/903
f 2073/1539/904 2074/1538/904 2077/1542/904 2076/1543/904
f 2074/1538/905 2075/1541/905 2078/1544/905 2077/1542/905
f 56/1367/906 604/1500/906 2070/1536/906 611/1511/906
f 604/1500/907 603/1495/907 2071/1537/907 2070/1536/907
f 603/1495/908 602/1493/908 2072/1540/908 2071/1537/908
f 602/1493/909 115/1026/909 803/1115/909 2072/1540/909
f 2072/1540/910 803/1115/910 804/1119/910 2075/1541/910
f 2075/1541/911 804/1119/911 805/1118/911 2078/1544/911
f 2078/1544/552 805/1118/552 104/390/552 302/1545/552
f 2077/1542/912 2078/1544/912 302/1545/912 303/1546/912
f 2076/1543/913 2077/1542/913 303/1546/913 304/1547/913
f 613/1513/914 2076/1543/914 304/1547/914 28/1514/914
f 612/1512/915 2073/1539/915 2076/1543/915 613/1513/915
f 611/1511/916 2070/1536/916 2073/1539/916 612/1512/916
f 2079/1548/917 2080/1549/917 2083/1550/917 2082/1551/917
f 2080/1549/918 2081/1552/918 2084/1553/918 2083/1550/918
f 2082/1551/919 2083/1550/919 2086/1554/919 2085/1555/919
f 2083/1550/920 2084/1553/920 2087/1556/920 2086/1554/920
f 1/1363/921 178/1557/921 2079/1548/921 616/1364/921
f 178/1557/922 177/1558/922 2080/1549/922 2079/1548/922
f 177/1558/923 176/1559/923 2081/1552/923 2080/1549/923
f 176/1559/507 95/60/507 806/1018/507 2081/1552/507
f 2081/1552/924 806/1018/924 807/1027/924 2084/1553/924
f 2084/1553/925 807/1027/925 808/1025/925 2087/1556/925
f 2087/1556/926 808/1025/926 116/1026/926 793/1493/926
f 2086/1554/927 2087/1556/927 793/1493/927 792/1495/927
f 2085/1555/928 2086/1554/928 792/1495/928 791/1500/928
f 614/1366/929 2085/1555/929 791/1500/929 55/1367/929
f 615/1365/930 2082/1551/930 2085/1555/930 614/1366/930
f 616/1364/931 2079/1548/931 2082/1551/931 615/1365/931
f 2088/1560/525 2089/1561/525 2092/1562/525 2091/1563/525
f 2089/1561/525 2090/1564/525 2093/1565/525 2092/1562/525
f 2091/1563/526 2092/1562/526 2095/1566/526 2094/1567/526
f 2092/1562/526 2093/1565/526 2096/1568/526 2095/1566/526
f 6/327/493 187/326/493 2088/1560/493 634/1057/493
f 187/326/493 186/325/493 2089/1561/493 2088/1560/493
f 186/325/493 185/324/493 2090/1564/493 2089/1561/493
f 185/324/493 96/323/493 809/1000/493 2090/1564/493
f 2090/1564/525 809/1000/525 810/1008/525 2093/1565/525
f 2093/1565/526 810/1008/526 811/1006/526 2096/1568/526
f 2096/1568/527 811/1006/527 114/1007/527 787/1470/527
f 2095/1566/527 2096/1568/527 787/1470/527 786/1466/527
f 2094/1567/527 2095/1566/527 786/1466/527 785/1468/527
f 632/1059/528 2094/1567/528 785/1468/528 66/684/528
f 633/1058/526 2091/1563/526 2094/1567/526 632/1059/526
f 634/1057/525 2088/1560/525 2091/1563/525 633/1058/525
f 2097/1569/33 2098/1570/33 2101/1571/33 2100/1572/33
f 2098/1570/33 2099/1573/33 2102/1574/33 2101/1571/33
f 2100/1572/34 2101/1571/34 2104/1575/34 2103/1576/34
f 2101/1571/34 2102/1574/34 2105/1577/34 2104/1575/34
f 34/709/35 761/1578/35 2097/1569/35 410/710/35
f 761/1578/35 762/1579/35 2098/1570/35 2097/1569/35
f 762/1579/35 763/1580/35 2099/1573/35 2098/1570/35
f 763/1580/35 106/546/35 812/680/35 2099/1573/35
f 2099/1573/33 812/680/33 813/690/33 2102/1574/33
f 2102/1574/34 813/690/34 814/688/34 2105/1577/34
f 2105/1577/36 814/688/36 105/689/36 760/1322/36
f 2104/1575/36 2105/1577/36 760/1322/36 759/1321/36
f 2103/1576/36 2104/1575/36 759/1321/36 758/1320/36
f 412/712/36 2103/1576/36 758/1320/36 29/714/36
f 411/711/34 2100/1572/34 2103/1576/34 412/712/34
f 410/710/33 2097/1569/33 2100/1572/33 411/711/33
f 2106/1581/932 2107/1582/932 2110/1583/932 2109/1584/932
f 2107/1582/933 2108/1585/933 2111/1586/933 2110/1583/933
f 2109/1584/934 2110/1583/934 2113/1587/934 2112/1588/934
f 2110/1583/935 2111/1586/935 2114/1589/935 2113/1587/935
f 40/1186/936 406/1234/936 2106/1581/936 403/1590/936
f 406/1234/937 405/1233/937 2107/1582/937 2106/1581/937
f 405/1233/938 404/1232/938 2108/1585/938 2107/1582/938
f 404/1232/939 35/1231/939 409/1591/939 2108/1585/939
f 2108/1585/940 409/1591/940 408/1592/940 2111/1586/940
f 2111/1586/941 408/1592/941 407/1593/941 2114/1589/941
f 2114/1589/942 407/1593/942 112/404/942 815/664/942
f 2113/1587/943 2114/1589/943 815/664/943 816/663/943
f 2112/1588/944 2113/1587/944 816/663/944 817/661/944
f 401/1594/945 2112/1588/945 817/661/945 111/660/945
f 402/1595/946 2109/1584/946 2112/1588/946 401/1594/946
f 403/1590/947 2106/1581/947 2109/1584/947 402/1595/947
f 2115/1596/948 2116/1597/948 2119/1598/948 2118/1599/948
f 2116/1597/949 2117/1600/949 2120/1601/949 2119/1598/949
f 2118/1599/950 2119/1598/950 2122/1602/950 2121/1603/950
f 2119/1598/951 2120/1601/951 2123/1604/951 2122/1602/951
f 39/1191/952 400/1189/952 2115/1596/952 397/1605/952
f 400/1189/953 399/1188/953 2116/1597/953 2115/1596/953
f 399/1188/954 398/1187/954 2117/1600/954 2116/1597/954
f 398/1187/955 40/1186/955 403/1590/955 2117/1600/955
f 2117/1600/956 403/1590/956 402/1595/956 2120/1601/956
f 2120/1601/957 402/1595/957 401/1594/957 2123/1604/957
f 2123/1604/958 401/1594/958 111/660/958 818/1606/958
f 2122/1602/959 2123/1604/959 818/1606/959 819/1607/959
f 2121/1603/960 2122/1602/960 819/1607/960 820/1608/960
f 395/1609/961 2121/1603/961 820/1608/961 110/576/961
f 396/1610/962 2118/1599/962 2121/1603/962 395/1609/962
f 397/1605/963 2115/1596/963 2118/1599/963 396/1610/963
f 2125/1611/964 2126/1612/964 2124/1613/964 2134/1614/964
f 2127/1615/965 2128/1616/965 2124/1613/965 2126/1612/965
f 2129/1617/966 2130/1618/966 2124/1613/966 2128/1616/966
f 2131/1619/967 2132/1620/967 2124/1613/967 2130/1618/967
f 2133/1621/968 2134/1614/968 2124/1613/968 2132/1620/968
f 146/488/969 1009/1622/969 2125/1611/969 1048/489/969
f 1009/1622/970 1008/1623/970 2126/1612/970 2125/1611/970
f 1048/489/971 2125/1611/971 2134/1614/971 1047/491/971
f 145/1624/972 1036/642/972 2127/1615/972 1007/1625/972
f 1036/642/973 1035/641/973 2128/1616/973 2127/1615/973
f 1007/1625/974 2127/1615/974 2126/1612/974 1008/1623/974
f 132/506/975 907/508/975 2129/1617/975 1034/1626/975
f 907/508/976 906/521/976 2130/1618/976 2129/1617/976
f 1034/1626/977 2129/1617/977 2128/1616/977 1035/641/977
f 44/520/978 349/1268/978 2131/1619/978 905/519/978
f 349/1268/979 348/1267/979 2132/1620/979 2131/1619/979
f 905/519/980 2131/1619/980 2130/1618/980 906/521/980
f 45/492/981 1046/494/981 2133/1621/981 347/1266/981
f 1046/494/982 1047/491/982 2134/1614/982 2133/1621/982
f 347/1266/983 2133/1621/983 2132/1620/983 348/1267/983
f 2136/1627/984 2137/1628/984 2135/1629/984 2145/1630/984
f 2138/1631/985 2139/1632/985 2135/1629/985 2137/1628/985
f 2140/1633/986 2141/1634/986 2135/1629/986 2139/1632/986
f 2142/1635/987 2143/1636/987 2135/1629/987 2141/1634/987
f 2144/1637/988 2145/1630/988 2135/1629/988 2143/1636/988
f 38/597/989 394/1206/989 2136/1627/989 1043/598/989
f 394/1206/990 393/1205/990 2137/1628/990 2136/1627/990
f 1043/598/991 2136/1627/991 2145/1630/991 1044/600/991
f 39/1191/992 397/1605/992 2138/1631/992 392/1204/992
f 397/1605/993 396/1610/993 2139/1632/993 2138/1631/993
f 392/1204/994 2138/1631/994 2137/1628/994 393/1205/994
f 110/576/995 1039/577/995 2140/1633/995 395/1609/995
f 1039/577/996 1038/578/996 2141/1634/996 2140/1633/996
f 395/1609/997 2140/1633/997 2139/1632/997 396/1610/997
f 141/567/998 994/1638/998 2142/1635/998 1037/579/998
f 994/1638/999 993/1639/999 2143/1636/999 2142/1635/999
f 1037/579/1000 2142/1635/1000 2141/1634/1000 1038/578/1000
f 143/601/1001 1045/603/1001 2144/1637/1001 992/1640/1001
f 1045/603/1002 1044/600/1002 2145/1630/1002 2144/1637/1002
f 992/1640/1003 2144/1637/1003 2143/1636/1003 993/1639/1003
f 2146/1641/1004 2147/1642/1004 2150/1643/1004 2149/1644/1004
f 2147/1642/1005 2148/1645/1005 2151/1646/1005 2150/1643/1005
f 2149/1644/1006 2150/1643/1006 2153/1647/1006 2152/1648/1006
f 2150/1643/1007 2151/1646/1007 2154/1649/1007 2153/1647/1007
f 36/732/1008 382/1153/1008 2146/1641/1008 379/1650/1008
f 382/1153/1009 381/1152/1009 2147/1642/1009 2146/1641/1009
f 381/1152/1010 380/1151/1010 2148/1645/1010 2147/1642/1010
f 380/1151/1011 37/592/1011 385/594/1011 2148/1645/1011
f 2148/1645/1012 385/594/1012 384/596/1012 2151/1646/1012
f 2151/1646/1013 384/596/1013 383/610/1013 2154/1649/1013
f 2154/1649/1014 383/610/1014 108/609/1014 827/1651/1014
f 2153/1647/1015 2154/1649/1015 827/1651/1015 828/1652/1015
f 2152/1648/1016 2153/1647/1016 828/1652/1016 829/1653/1016
f 377/1654/1017 2152/1648/1017 829/1653/1017 107/551/1017
f 378/1655/1018 2149/1644/1018 2152/1648/1018 377/1654/1018
f 379/1650/1019 2146/1641/1019 2149/1644/1019 378/1655/1019
f 2155/1656/1020 2156/1657/1020 2159/1658/1020 2158/1659/1020
f 2156/1657/1021 2157/1660/1021 2160/1661/1021 2159/1658/1021
f 2158/1659/1022 2159/1658/1022 2162/1662/1022 2161/1663/1022
f 2159/1658/1023 2160/1661/1023 2163/1664/1023 2162/1662/1023
f 34/709/1024 373/735/1024 2155/1656/1024 761/1578/1024
f 373/735/1025 372/734/1025 2156/1657/1025 2155/1656/1025
f 372/734/1026 371/733/1026 2157/1660/1026 2156/1657/1026
f 371/733/1027 36/732/1027 379/1650/1027 2157/1660/1027
f 2157/1660/1028 379/1650/1028 378/1655/1028 2160/1661/1028
f 2160/1661/1029 378/1655/1029 377/1654/1029 2163/1664/1029
f 2163/1664/1030 377/1654/1030 107/551/1030 830/550/1030
f 2162/1662/1031 2163/1664/1031 830/550/1031 831/549/1031
f 2161/1663/1032 2162/1662/1032 831/549/1032 832/547/1032
f 763/1580/1033 2161/1663/1033 832/547/1033 106/546/1033
f 762/1579/1034 2158/1659/1034 2161/1663/1034 763/1580/1034
f 761/1578/1035 2155/1656/1035 2158/1659/1035 762/1579/1035
f 2164/1665/37 2165/1666/37 2168/1667/37 2167/1668/37
f 2165/1666/37 2166/1669/37 2169/1670/37 2168/1667/37
f 2167/1668/38 2168/1667/38 2171/1671/38 2170/1672/38
f 2168/1667/38 2169/1670/38 2172/1673/38 2171/1671/38
f 28/1514/39 304/1547/39 2164/1665/39 416/1515/39
f 304/1547/39 303/1546/39 2165/1666/39 2164/1665/39
f 303/1546/39 302/1545/39 2166/1669/39 2165/1666/39
f 302/1545/39 104/390/39 833/392/39 2166/1669/39
f 2166/1669/37 833/392/37 834/405/37 2169/1670/37
f 2169/1670/38 834/405/38 835/403/38 2172/1673/38
f 2172/1673/40 835/403/40 112/404/40 407/1593/40
f 2171/1671/40 2172/1673/40 407/1593/40 408/1592/40
f 2170/1672/40 2171/1671/40 408/1592/40 409/1591/40
f 418/1517/40 2170/1672/40 409/1591/40 35/1231/40
f 417/1516/38 2167/1668/38 2170/1672/38 418/1517/38
f 416/1515/37 2164/1665/37 2167/1668/37 417/1516/37
f 2173/1674/1 2174/1675/1 2177/1676/1 2176/1677/1
f 2174/1675/2 2175/1678/2 2178/1679/2 2177/1676/2
f 2176/1677/1 2177/1676/1 2180/1680/1 2179/1681/1
f 2177/1676/2 2178/1679/2 2181/1682/2 2180/1680/2
f 7/770/3 284/769/3 2173/1674/3 734/1683/3
f 284/769/1 285/768/1 2174/1675/1 2173/1674/1
f 285/768/2 286/766/2 2175/1678/2 2174/1675/2
f 286/766/4 2/765/4 731/1002/4 2175/1678/4
f 2175/1678/4 731/1002/4 732/1001/4 2178/1679/4
f 2178/1679/4 732/1001/4 733/999/4 2181/1682/4
f 2181/1682/4 733/999/4 96/323/4 836/322/4
f 2180/1680/2 2181/1682/2 836/322/2 837/321/2
f 2179/1681/1 2180/1680/1 837/321/1 838/320/1
f 736/1684/3 2179/1681/3 838/320/3 97/200/3
f 735/1685/3 2176/1677/3 2179/1681/3 736/1684/3
f 734/1683/3 2173/1674/3 2176/1677/3 735/1685/3
f 2182/1686/29 2183/1687/29 2186/1688/29 2185/1689/29
f 2183/1687/29 2184/1690/29 2187/1691/29 2186/1688/29
f 2185/1689/30 2186/1688/30 2189/1692/30 2188/1693/30
f 2186/1688/30 2187/1691/30 2190/1694/30 2189/1692/30
f 13/962/31 277/1695/31 2182/1686/31 280/979/31
f 277/1695/31 276/1696/31 2183/1687/31 2182/1686/31
f 276/1696/31 275/1697/31 2184/1690/31 2183/1687/31
f 275/1697/31 102/294/31 839/305/31 2184/1690/31
f 2184/1690/29 839/305/29 840/310/29 2187/1691/29
f 2187/1691/30 840/310/30 841/309/30 2190/1694/30
f 2190/1694/32 841/309/32 103/65/32 281/1698/32
f 2189/1692/32 2190/1694/32 281/1698/32 282/1699/32
f 2188/1693/32 2189/1692/32 282/1699/32 283/1700/32
f 278/981/32 2188/1693/32 283/1700/32 8/982/32
f 279/980/30 2185/1689/30 2188/1693/30 278/981/30
f 280/979/29 2182/1686/29 2185/1689/29 279/980/29
f 2191/1701/25 2192/1702/25 2195/1703/25 2194/1704/25
f 2192/1702/25 2193/1705/25 2196/1706/25 2195/1703/25
f 2194/1704/26 2195/1703/26 2198/1707/26 2197/1708/26
f 2195/1703/26 2196/1706/26 2199/1709/26 2198/1707/26
f 12/942/27 271/1710/27 2191/1701/27 274/959/27
f 271/1710/27 270/1711/27 2192/1702/27 2191/1701/27
f 270/1711/27 269/1712/27 2193/1705/27 2192/1702/27
f 269/1712/27 101/274/27 842/285/27 2193/1705/27
f 2193/1705/25 842/285/25 843/295/25 2196/1706/25
f 2196/1706/26 843/295/26 844/293/26 2199/1709/26
f 2199/1709/28 844/293/28 102/294/28 275/1697/28
f 2198/1707/28 2199/1709/28 275/1697/28 276/1696/28
f 2197/1708/28 2198/1707/28 276/1696/28 277/1695/28
f 272/961/28 2197/1708/28 277/1695/28 13/962/28
f 273/960/26 2194/1704/26 2197/1708/26 272/961/26
f 274/959/25 2191/1701/25 2194/1704/25 273/960/25
f 2200/1713/21 2201/1714/21 2204/1715/21 2203/1716/21
f 2201/1714/21 2202/1717/21 2205/1718/21 2204/1715/21
f 2203/1716/22 2204/1715/22 2207/1719/22 2206/1720/22
f 2204/1715/22 2205/1718/22 2208/1721/22 2207/1719/22
f 11/922/23 265/1722/23 2200/1713/23 268/939/23
f 265/1722/23 264/1723/23 2201/1714/23 2200/1713/23
f 264/1723/23 263/1724/23 2202/1717/23 2201/1714/23
f 263/1724/23 100/254/23 845/265/23 2202/1717/23
f 2202/1717/21 845/265/21 846/275/21 2205/1718/21
f 2205/1718/22 846/275/22 847/273/22 2208/1721/22
f 2208/1721/24 847/273/24 101/274/24 269/1712/24
f 2207/1719/24 2208/1721/24 269/1712/24 270/1711/24
f 2206/1720/24 2207/1719/24 270/1711/24 271/1710/24
f 266/941/24 2206/1720/24 271/1710/24 12/942/24
f 267/940/22 2203/1716/22 2206/1720/22 266/941/22
f 268/939/21 2200/1713/21 2203/1716/21 267/940/21
f 2209/1725/17 2210/1726/17 2213/1727/17 2212/1728/17
f 2210/1726/17 2211/1729/17 2214/1730/17 2213/1727/17
f 2212/1728/18 2213/1727/18 2216/1731/18 2215/1732/18
f 2213/1727/18 2214/1730/18 2217/1733/18 2216/1731/18
f 10/902/19 259/1734/19 2209/1725/19 262/919/19
f 259/1734/19 258/1735/19 2210/1726/19 2209/1725/19
f 258/1735/19 257/1736/19 2211/1729/19 2210/1726/19
f 257/1736/19 99/234/19 848/245/19 2211/1729/19
f 2211/1729/17 848/245/17 849/255/17 2214/1730/17
f 2214/1730/18 849/255/18 850/253/18 2217/1733/18
f 2217/1733/20 850/253/20 100/254/20 263/1724/20
f 2216/1731/20 2217/1733/20 263/1724/20 264/1723/20
f 2215/1732/20 2216/1731/20 264/1723/20 265/1722/20
f 260/921/20 2215/1732/20 265/1722/20 11/922/20
f 261/920/18 2212/1728/18 2215/1732/18 260/921/18
f 262/919/17 2209/1725/17 2212/1728/17 261/920/17
f 2218/1737/13 2219/1738/13 2222/1739/13 2221/1740/13
f 2219/1738/13 2220/1741/13 2223/1742/13 2222/1739/13
f 2221/1740/14 2222/1739/14 2225/1743/14 2224/1744/14
f 2222/1739/14 2223/1742/14 2226/1745/14 2225/1743/14
f 9/883/15 253/1746/15 2218/1737/15 256/899/15
f 253/1746/15 252/1747/15 2219/1738/15 2218/1737/15
f 252/1747/15 251/1748/15 2220/1741/15 2219/1738/15
f 251/1748/15 98/214/15 851/225/15 2220/1741/15
f 2220/1741/13 851/225/13 852/235/13 2223/1742/13
f 2223/1742/14 852/235/14 853/233/14 2226/1745/14
f 2226/1745/16 853/233/16 99/234/16 257/1736/16
f 2225/1743/16 2226/1745/16 257/1736/16 258/1735/16
f 2224/1744/16 2225/1743/16 258/1735/16 259/1734/16
f 254/901/16 2224/1744/16 259/1734/16 10/902/16
f 255/900/14 2221/1740/14 2224/1744/14 254/901/14
f 256/899/13 2218/1737/13 2221/1740/13 255/900/13
f 2227/1749/9 2228/1750/9 2231/1751/9 2230/1752/9
f 2228/1750/9 2229/1753/9 2232/1754/9 2231/1751/9
f 2230/1752/10 2231/1751/10 2234/1755/10 2233/1756/10
f 2231/1751/10 2232/1754/10 2235/1757/10 2234/1755/10
f 7/770/11 734/1683/11 2227/1749/11 247/880/11
f 734/1683/11 735/1685/11 2228/1750/11 2227/1749/11
f 735/1685/11 736/1684/11 2229/1753/11 2228/1750/11
f 736/1684/11 97/200/11 854/202/11 2229/1753/11
f 2229/1753/9 854/202/9 855/215/9 2232/1754/9
f 2232/1754/10 855/215/10 856/213/10 2235/1757/10
f 2235/1757/12 856/213/12 98/214/12 251/1748/12
f 2234/1755/12 2235/1757/12 251/1748/12 252/1747/12
f 2233/1756/12 2234/1755/12 252/1747/12 253/1746/12
f 245/882/12 2233/1756/12 253/1746/12 9/883/12
f 246/881/10 2230/1752/10 2233/1756/10 245/882/10
f 247/880/9 2227/1749/9 2230/1752/9 246/881/9
f 2236/1758/5 2237/1759/5 2240/1760/5 2239/1761/5
f 2237/1759/6 2238/1762/6 2241/1763/6 2240/1760/6
f 2239/1761/5 2240/1760/5 2243/1764/5 2242/1765/5
f 2240/1760/6 2241/1763/6 2244/1766/6 2243/1764/6
f 1/1363/7 290/1362/7 2236/1758/7 178/1557/7
f 290/1362/5 291/1361/5 2237/1759/5 2236/1758/5
f 291/1361/6 292/1360/6 2238/1762/6 2237/1759/6
f 292/1360/8 8/982/8 283/1700/8 2238/1762/8
f 2238/1762/8 283/1700/8 282/1699/8 2241/1763/8
f 2241/1763/8 282/1699/8 281/1698/8 2244/1766/8
f 2244/1766/8 281/1698/8 103/65/8 857/64/8
f 2243/1764/6 2244/1766/6 857/64/6 858/63/6
f 2242/1765/5 2243/1764/5 858/63/5 859/61/5
f 176/1559/7 2242/1765/7 859/61/7 95/60/7
f 177/1558/7 2239/1761/7 2242/1765/7 176/1559/7
f 178/1557/7 2236/1758/7 2239/1761/7 177/1558/7
f 2245/1767/860 2246/1768/860 2249/1061/860 2248/1769/860
f 2246/1768/860 2247/1062/860 2250/1770/860 2249/1061/860
f 2248/1769/860 2249/1061/860 2252/1771/860 2251/1078/860
f 2249/1061/860 2250/1770/860 2253/1075/860 2252/1771/860
f 65/684/860 920/1078/860 2245/1767/860 581/1079/860
f 920/1078/860 921/1077/860 2246/1768/860 2245/1767/860
f 921/1077/860 922/1075/860 2247/1062/860 2246/1768/860
f 922/1075/860 137/1064/860 926/1489/860 2247/1062/860
f 2247/1062/860 926/1489/860 927/1492/860 2250/1770/860
f 2250/1770/861 927/1492/861 928/1491/861 2253/1075/861
f 2253/1075/860 928/1491/860 138/1064/860 599/1062/860
f 2252/1771/861 2253/1075/861 599/1062/861 600/1061/861
f 2251/1078/861 2252/1771/861 600/1061/861 601/1060/861
f 583/1080/860 2251/1078/860 601/1060/860 66/684/860
f 582/1079/861 2248/1769/861 2251/1078/861 583/1080/861
f 581/1079/860 2245/1767/860 2248/1769/860 582/1079/860
f 2254/1772/1036 2255/1773/1036 2258/1774/1036 2257/1775/1036
f 2255/1773/1037 2256/1040/1037 2259/1776/1037 2258/1774/1037
f 2257/1775/1036 2258/1774/1036 2261/1039/1036 2260/1772/1036
f 2258/1774/1037 2259/1776/1037 2262/1040/1037 2261/1039/1037
f 59/1129/1038 914/1038/1038 2254/1772/1038 446/754/1038
f 914/1038/1036 915/1039/1036 2255/1773/1036 2254/1772/1036
f 915/1039/1037 916/1334/1037 2256/1040/1037 2255/1773/1037
f 916/1334/1039 135/1042/1039 929/1042/1039 2256/1040/1039
f 2256/1040/1039 929/1042/1039 930/1042/1039 2259/1776/1039
f 2259/1776/1039 930/1042/1039 931/1042/1039 2262/1040/1039
f 2262/1040/1039 931/1042/1039 136/1042/1039 593/1040/1039
f 2261/1039/1037 2262/1040/1037 593/1040/1037 594/1039/1037
f 2260/1772/1040 2261/1039/1040 594/1039/1040 595/1038/1040
f 448/754/1041 2260/1772/1041 595/1038/1041 60/754/1041
f 447/1386/1041 2257/1775/1041 2260/1772/1041 448/754/1041
f 446/754/1042 2254/1772/1042 2257/1775/1042 447/1386/1042
f 2263/1777/549 2264/1778/549 2267/1779/549 2266/1780/549
f 2264/1778/549 2265/1781/549 2268/1782/549 2267/1779/549
f 2266/1780/550 2267/1779/550 2270/1783/550 2269/1784/550
f 2267/1779/550 2268/1782/550 2271/1785/550 2270/1783/550
f 63/395/551 589/1478/551 2263/1777/551 623/1117/551
f 589/1478/551 588/1474/551 2264/1778/551 2263/1777/551
f 588/1474/551 587/1473/551 2265/1781/551 2264/1778/551
f 587/1473/551 135/1042/551 932/1335/551 2265/1781/551
f 2265/1781/549 932/1335/549 933/1337/549 2268/1782/549
f 2268/1782/550 933/1337/550 934/1336/550 2271/1785/550
f 2271/1785/552 934/1336/552 127/365/552 308/1786/552
f 2270/1783/552 2271/1785/552 308/1786/552 309/1787/552
f 2269/1784/552 2270/1783/552 309/1787/552 310/1788/552
f 625/395/552 2269/1784/552 310/1788/552 32/395/552
f 624/1117/550 2266/1780/550 2269/1784/550 625/395/550
f 623/1117/549 2263/1777/549 2266/1780/549 624/1117/549
f 2272/1789/1043 2273/1790/1043 2276/1791/1043 2275/1792/1043
f 2273/1790/1044 2274/1793/1044 2277/1794/1044 2276/1791/1044
f 2275/1792/1045 2276/1791/1045 2279/1795/1045 2278/1796/1045
f 2276/1791/1046 2277/1794/1046 2280/1797/1046 2279/1795/1046
f 62/1099/1047 598/1487/1047 2272/1789/1047 659/1100/1047
f 598/1487/1048 597/1490/1048 2273/1790/1048 2272/1789/1048
f 597/1490/1049 596/1488/1049 2274/1793/1049 2273/1790/1049
f 596/1488/1050 137/1064/1050 935/1076/1050 2274/1793/1050
f 2274/1793/1051 935/1076/1051 936/1085/1051 2277/1794/1051
f 2277/1794/1052 936/1085/1052 937/1084/1052 2280/1797/1052
f 2280/1797/532 937/1084/532 126/354/532 305/352/532
f 2279/1795/1053 2280/1797/1053 305/352/1053 306/351/1053
f 2278/1796/1054 2279/1795/1054 306/351/1054 307/350/1054
f 661/1102/1055 2278/1796/1055 307/350/1055 31/349/1055
f 660/1101/1056 2275/1792/1056 2278/1796/1056 661/1102/1056
f 659/1100/1057 2272/1789/1057 2275/1792/1057 660/1101/1057
f 2281/1798/1058 2282/1799/1058 2285/1800/1058 2284/1801/1058
f 2282/1799/1059 2283/1802/1059 2286/1803/1059 2285/1800/1059
f 2284/1801/1060 2285/1800/1060 2288/1804/1060 2287/1805/1060
f 2285/1800/1061 2286/1803/1061 2289/1806/1061 2288/1804/1061
f 4/19/1062 181/18/1062 2281/1798/1062 664/1347/1062
f 181/18/1063 180/17/1063 2282/1799/1063 2281/1798/1063
f 180/17/1064 179/16/1064 2283/1802/1064 2282/1799/1064
f 179/16/493 117/15/493 938/1054/493 2283/1802/493
f 2283/1802/1065 938/1054/1065 939/1065/1065 2286/1803/1065
f 2286/1803/1066 939/1065/1066 940/1063/1066 2289/1806/1066
f 2289/1806/1067 940/1063/1067 138/1064/1067 925/1488/1067
f 2288/1804/1068 2289/1806/1068 925/1488/1068 924/1490/1068
f 2287/1805/1069 2288/1804/1069 924/1490/1069 923/1487/1069
f 662/1349/1070 2287/1805/1070 923/1487/1070 61/1099/1070
f 663/1348/1071 2284/1801/1071 2287/1805/1071 662/1349/1071
f 664/1347/1072 2281/1798/1072 2284/1801/1072 663/1348/1072
f 2290/1807/505 2291/1808/505 2294/1809/505 2293/1810/505
f 2291/1808/505 2292/1811/505 2295/1812/505 2294/1809/505
f 2293/1810/506 2294/1809/506 2297/1813/506 2296/1814/506
f 2294/1809/506 2295/1812/506 2298/1815/506 2297/1813/506
f 5/74/507 184/1816/507 2290/1807/507 617/1019/507
f 184/1816/507 183/1817/507 2291/1808/507 2290/1807/507
f 183/1817/507 182/1818/507 2292/1811/507 2291/1808/507
f 182/1818/507 118/35/507 941/1037/507 2292/1811/507
f 2292/1811/505 941/1037/505 942/1043/505 2295/1812/505
f 2295/1812/506 942/1043/506 943/1041/506 2298/1815/506
f 2298/1815/508 943/1041/508 136/1042/508 919/1473/508
f 2297/1813/508 2298/1815/508 919/1473/508 918/1474/508
f 2296/1814/508 2297/1813/508 918/1474/508 917/1478/508
f 619/1021/508 2296/1814/508 917/1478/508 64/395/508
f 618/1020/506 2293/1810/506 2296/1814/506 619/1021/506
f 617/1019/505 2290/1807/505 2293/1810/505 618/1020/505
f 2299/1819/1073 2300/1820/1073 2303/1821/1073 2302/1822/1073
f 2300/1820/1074 2301/1823/1074 2304/1824/1074 2303/1821/1074
f 2302/1822/1075 2303/1821/1075 2306/1825/1075 2305/1826/1075
f 2303/1821/1076 2304/1824/1076 2307/1827/1076 2306/1825/1076
f 50/669/1077 364/667/1077 2299/1819/1077 361/1828/1077
f 364/667/1078 363/666/1078 2300/1820/1078 2299/1819/1078
f 363/666/1079 362/665/1079 2301/1823/1079 2300/1820/1079
f 362/665/227 48/399/227 370/1829/227 2301/1823/227
f 2301/1823/227 370/1829/227 369/1830/227 2304/1824/227
f 2304/1824/1080 369/1830/1080 368/1831/1080 2307/1827/1080
f 2307/1827/1081 368/1831/1081 134/379/1081 944/533/1081
f 2306/1825/1082 2307/1827/1082 944/533/1082 945/532/1082
f 2305/1826/1083 2306/1825/1083 945/532/1083 946/531/1083
f 359/1832/1084 2305/1826/1084 946/531/1084 133/511/1084
f 360/1833/1085 2302/1822/1085 2305/1826/1085 359/1832/1085
f 361/1828/1086 2299/1819/1086 2302/1822/1086 360/1833/1086
f 2308/1834/1087 2309/1835/1087 2312/1836/1087 2311/1837/1087
f 2309/1835/1088 2310/1838/1088 2313/1839/1088 2312/1836/1088
f 2311/1837/1089 2312/1836/1089 2315/1840/1089 2314/1841/1089
f 2312/1836/1090 2313/1839/1090 2316/1842/1090 2315/1840/1090
f 53/1843/1091 1162/1844/1091 2308/1834/1091 1117/1845/1091
f 1162/1844/1092 1161/1846/1092 2309/1835/1092 2308/1834/1092
f 1161/1846/1093 1160/1847/1093 2310/1838/1093 2309/1835/1093
f 1160/1847/1094 162/469/1094 1123/1848/1094 2310/1838/1094
f 2310/1838/1095 1123/1848/1095 1122/1849/1095 2313/1839/1095
f 2313/1839/1096 1122/1849/1096 1121/1848/1096 2316/1842/1096
f 2316/1842/1097 1121/1848/1097 109/469/1097 955/1850/1097
f 2315/1840/1098 2316/1842/1098 955/1850/1098 954/1851/1098
f 2314/1841/1099 2315/1840/1099 954/1851/1099 953/1852/1099
f 1115/1853/1100 2314/1841/1100 953/1852/1100 131/418/1100
f 1116/1854/1101 2311/1837/1101 2314/1841/1101 1115/1853/1101
f 1117/1845/1102 2308/1834/1102 2311/1837/1102 1116/1854/1102
f 2317/1855/1103 2318/1856/1103 2321/1857/1103 2320/1858/1103
f 2318/1856/1104 2319/1859/1104 2322/1860/1104 2321/1857/1104
f 2320/1858/1105 2321/1857/1105 2324/1856/1105 2323/1855/1105
f 2321/1857/1106 2322/1860/1106 2325/1861/1106 2324/1856/1106
f 51/1862/1107 1159/1863/1107 2317/1855/1107 1120/1864/1107
f 1159/1863/1108 1158/1865/1108 2318/1856/1108 2317/1855/1108
f 1158/1865/1109 1157/1866/1109 2319/1859/1109 2318/1856/1109
f 1157/1866/1110 163/484/1110 1126/1867/1110 2319/1859/1110
f 2319/1859/1111 1126/1867/1111 1125/1868/1111 2322/1860/1111
f 2322/1860/1112 1125/1868/1112 1124/1869/1112 2325/1861/1112
f 2325/1861/1113 1124/1869/1113 156/1870/1113 1061/1866/1113
f 2324/1856/1114 2325/1861/1114 1061/1866/1114 1062/1865/1114
f 2323/1855/1115 2324/1856/1115 1062/1865/1115 1063/1863/1115
f 1118/1862/1116 2323/1855/1116 1063/1863/1116 157/1862/1116
f 1119/1864/1117 2320/1858/1117 2323/1855/1117 1118/1862/1117
f 1120/1864/1118 2317/1855/1118 2320/1858/1118 1119/1864/1118
f 2326/1871/1119 2327/1872/1119 2330/1873/1119 2329/1874/1119
f 2327/1872/1120 2328/1875/1120 2331/1876/1120 2330/1873/1120
f 2329/1874/1121 2330/1873/1121 2333/1877/1121 2332/1878/1121
f 2330/1873/1122 2331/1876/1122 2334/1879/1122 2333/1877/1122
f 162/469/1123 1156/1880/1123 2326/1871/1123 1123/1848/1123
f 1156/1880/1124 1155/1881/1124 2327/1872/1124 2326/1871/1124
f 1155/1881/1125 1154/1882/1125 2328/1875/1125 2327/1872/1125
f 1154/1882/1126 165/551/1126 1132/1883/1126 2328/1875/1126
f 2328/1875/1127 1132/1883/1127 1131/1884/1127 2331/1876/1127
f 2331/1876/1128 1131/1884/1128 1130/1885/1128 2334/1879/1128
f 2334/1879/1129 1130/1885/1129 152/455/1129 772/457/1129
f 2333/1877/1130 2334/1879/1130 772/457/1130 771/470/1130
f 2332/1878/1131 2333/1877/1131 771/470/1131 770/468/1131
f 1121/1848/1132 2332/1878/1132 770/468/1132 109/469/1132
f 1122/1849/1133 2329/1874/1133 2332/1878/1133 1121/1848/1133
f 1123/1848/1134 2326/1871/1134 2329/1874/1134 1122/1849/1134
f 2335/1886/1135 2336/1887/1135 2339/1888/1135 2338/1889/1135
f 2336/1887/1136 2337/1890/1136 2340/1891/1136 2339/1888/1136
f 2338/1889/1137 2339/1888/1137 2342/1892/1137 2341/1893/1137
f 2339/1888/1138 2340/1891/1138 2343/1894/1138 2342/1892/1138
f 163/484/1139 1153/1895/1139 2335/1886/1139 1126/1867/1139
f 1153/1895/1140 1152/1896/1140 2336/1887/1140 2335/1886/1140
f 1152/1896/1141 1151/1897/1141 2337/1890/1141 2336/1887/1141
f 1151/1897/1142 164/1898/1142 773/1899/1142 2337/1890/1142
f 2337/1890/1143 773/1899/1143 774/1900/1143 2340/1891/1143
f 2340/1891/1144 774/1900/1144 775/1901/1144 2343/1894/1144
f 2343/1894/1145 775/1901/1145 147/438/1145 1078/1902/1145
f 2342/1892/1146 2343/1894/1146 1078/1902/1146 1077/1903/1146
f 2341/1893/1147 2342/1892/1147 1077/1903/1147 1076/486/1147
f 1124/1869/1148 2341/1893/1148 1076/486/1148 156/1870/1148
f 1125/1868/1149 2338/1889/1149 2341/1893/1149 1124/1869/1149
f 1126/1867/1150 2335/1886/1150 2338/1889/1150 1125/1868/1150
f 2344/1904/1151 2345/1905/1151 2348/1906/1151 2347/1907/1151
f 2345/1905/1152 2346/1908/1152 2349/1909/1152 2348/1906/1152
f 2347/1907/1153 2348/1906/1153 2351/1910/1153 2350/1911/1153
f 2348/1906/1154 2349/1909/1154 2352/1912/1154 2351/1910/1154
f 49/556/146 316/554/146 2344/1904/146 893/1913/146
f 316/554/1155 315/553/1155 2345/1905/1155 2344/1904/1155
f 315/553/1156 314/552/1156 2346/1908/1156 2345/1905/1156
f 314/552/1157 54/469/1157 325/1850/1157 2346/1908/1157
f 2346/1908/1158 325/1850/1158 324/1851/1158 2349/1909/1158
f 2349/1909/1159 324/1851/1159 323/1852/1159 2352/1912/1159
f 2352/1912/1160 323/1852/1160 129/418/1160 959/417/1160
f 2351/1910/1161 2352/1912/1161 959/417/1161 960/416/1161
f 2350/1911/1162 2351/1910/1162 960/416/1162 961/415/1162
f 895/1914/1163 2350/1911/1163 961/415/1163 128/340/1163
f 894/1915/1164 2347/1907/1164 2350/1911/1164 895/1914/1164
f 893/1913/146 2344/1904/146 2347/1907/146 894/1915/146
f 2353/1916/37 2354/1917/37 2357/1918/37 2356/1919/37
f 2354/1917/37 2355/1920/37 2358/1921/37 2357/1918/37
f 2356/1919/38 2357/1918/38 2360/1922/38 2359/1923/38
f 2357/1918/38 2358/1921/38 2361/1924/38 2360/1922/38
f 32/395/39 310/1788/39 2353/1916/39 421/396/39
f 310/1788/39 309/1787/39 2354/1917/39 2353/1916/39
f 309/1787/39 308/1786/39 2355/1920/39 2354/1917/39
f 308/1786/39 127/365/39 962/367/39 2355/1920/39
f 2355/1920/37 962/367/37 963/380/37 2358/1921/37
f 2358/1921/38 963/380/38 964/378/38 2361/1924/38
f 2361/1924/40 964/378/40 134/379/40 368/1831/40
f 2360/1922/40 2361/1924/40 368/1831/40 369/1830/40
f 2359/1923/40 2360/1922/40 369/1830/40 370/1829/40
f 419/398/40 2359/1923/40 370/1829/40 48/399/40
f 420/397/38 2356/1919/38 2359/1923/38 419/398/38
f 421/396/37 2353/1916/37 2356/1919/37 420/397/37
f 2362/1925/33 2363/1926/33 2366/1927/33 2365/1928/33
f 2363/1926/33 2364/1929/33 2367/1930/33 2366/1927/33
f 2365/1928/34 2366/1927/34 2369/1931/34 2368/1932/34
f 2366/1927/34 2367/1930/34 2370/1933/34 2369/1931/34
f 49/556/35 893/1913/35 2362/1925/35 415/681/35
f 893/1913/35 894/1915/35 2363/1926/35 2362/1925/35
f 894/1915/35 895/1914/35 2364/1929/35 2363/1926/35
f 895/1914/35 128/340/35 965/342/35 2364/1929/35
f 2364/1929/33 965/342/33 966/355/33 2367/1930/33
f 2367/1930/34 966/355/34 967/353/34 2370/1933/34
f 2370/1933/36 967/353/36 126/354/36 889/1083/36
f 2369/1931/36 2370/1933/36 889/1083/36 888/1082/36
f 2368/1932/36 2369/1931/36 888/1082/36 887/1081/36
f 413/683/36 2368/1932/36 887/1081/36 33/684/36
f 414/682/34 2365/1928/34 2368/1932/34 413/683/34
f 415/681/33 2362/1925/33 2365/1928/33 414/682/33
f 2371/1934/29 2372/1935/29 2375/1936/29 2374/1937/29
f 2372/1935/29 2373/1938/29 2376/1939/29 2375/1936/29
f 2374/1937/30 2375/1936/30 2378/1940/30 2377/1941/30
f 2375/1936/30 2376/1939/30 2379/1942/30 2378/1940/30
f 23/289/31 235/1943/31 2371/1934/31 238/306/31
f 235/1943/31 234/1944/31 2372/1935/31 2371/1934/31
f 234/1944/31 233/1945/31 2373/1938/31 2372/1935/31
f 233/1945/31 124/174/31 968/185/31 2373/1938/31
f 2373/1938/29 968/185/29 969/190/29 2376/1939/29
f 2376/1939/30 969/190/30 970/189/30 2379/1942/30
f 2379/1942/32 970/189/32 125/40/32 242/1946/32
f 2378/1940/32 2379/1942/32 242/1946/32 243/1947/32
f 2377/1941/32 2378/1940/32 243/1947/32 244/1829/32
f 236/308/32 2377/1941/32 244/1829/32 21/69/32
f 237/307/30 2374/1937/30 2377/1941/30 236/308/30
f 238/306/29 2371/1934/29 2374/1937/29 237/307/29
f 2380/1948/25 2381/1949/25 2384/1950/25 2383/1951/25
f 2381/1949/25 2382/1952/25 2385/1953/25 2384/1950/25
f 2383/1951/26 2384/1950/26 2387/1954/26 2386/1955/26
f 2384/1950/26 2385/1953/26 2388/1956/26 2387/1954/26
f 24/269/27 226/1957/27 2380/1948/27 229/286/27
f 226/1957/27 225/1958/27 2381/1949/27 2380/1948/27
f 225/1958/27 224/1959/27 2382/1952/27 2381/1949/27
f 224/1959/27 123/154/27 971/165/27 2382/1952/27
f 2382/1952/25 971/165/25 972/175/25 2385/1953/25
f 2385/1953/26 972/175/26 973/173/26 2388/1956/26
f 2388/1956/28 973/173/28 124/174/28 233/1945/28
f 2387/1954/28 2388/1956/28 233/1945/28 234/1944/28
f 2386/1955/28 2387/1954/28 234/1944/28 235/1943/28
f 227/288/28 2386/1955/28 235/1943/28 23/289/28
f 228/287/26 2383/1951/26 2386/1955/26 227/288/26
f 229/286/25 2380/1948/25 2383/1951/25 228/287/25
f 2389/1960/21 2390/1961/21 2393/1962/21 2392/1963/21
f 2390/1961/21 2391/1964/21 2394/1965/21 2393/1962/21
f 2392/1963/22 2393/1962/22 2396/1966/22 2395/1967/22
f 2393/1962/22 2394/1965/22 2397/1968/22 2396/1966/22
f 25/249/23 217/1969/23 2389/1960/23 220/266/23
f 217/1969/23 216/1970/23 2390/1961/23 2389/1960/23
f 216/1970/23 215/1971/23 2391/1964/23 2390/1961/23
f 215/1971/23 122/134/23 974/145/23 2391/1964/23
f 2391/1964/21 974/145/21 975/155/21 2394/1965/21
f 2394/1965/22 975/155/22 976/153/22 2397/1968/22
f 2397/1968/24 976/153/24 123/154/24 224/1959/24
f 2396/1966/24 2397/1968/24 224/1959/24 225/1958/24
f 2395/1967/24 2396/1966/24 225/1958/24 226/1957/24
f 218/268/24 2395/1967/24 226/1957/24 24/269/24
f 219/267/22 2392/1963/22 2395/1967/22 218/268/22
f 220/266/21 2389/1960/21 2392/1963/21 219/267/21
f 2398/1972/17 2399/1973/17 2402/1974/17 2401/1975/17
f 2399/1973/17 2400/1976/17 2403/1977/17 2402/1974/17
f 2401/1975/18 2402/1974/18 2405/1978/18 2404/1979/18
f 2402/1974/18 2403/1977/18 2406/1980/18 2405/1978/18
f 26/229/19 208/1981/19 2398/1972/19 211/246/19
f 208/1981/19 207/1982/19 2399/1973/19 2398/1972/19
f 207/1982/19 206/1983/19 2400/1976/19 2399/1973/19
f 206/1983/19 121/114/19 977/125/19 2400/1976/19
f 2400/1976/17 977/125/17 978/135/17 2403/1977/17
f 2403/1977/18 978/135/18 979/133/18 2406/1980/18
f 2406/1980/20 979/133/20 122/134/20 215/1971/20
f 2405/1978/20 2406/1980/20 215/1971/20 216/1970/20
f 2404/1979/20 2405/1978/20 216/1970/20 217/1969/20
f 209/248/20 2404/1979/20 217/1969/20 25/249/20
f 210/247/18 2401/1975/18 2404/1979/18 209/248/18
f 211/246/17 2398/1972/17 2401/1975/17 210/247/17
f 2407/1984/13 2408/1985/13 2411/1986/13 2410/1987/13
f 2408/1985/13 2409/1988/13 2412/1989/13 2411/1986/13
f 2410/1987/14 2411/1986/14 2414/1990/14 2413/1991/14
f 2411/1986/14 2412/1989/14 2415/1992/14 2414/1990/14
f 27/209/15 199/1993/15 2407/1984/15 202/226/15
f 199/1993/15 198/1994/15 2408/1985/15 2407/1984/15
f 198/1994/15 197/1995/15 2409/1988/15 2408/1985/15
f 197/1995/15 120/94/15 980/105/15 2409/1988/15
f 2409/1988/13 980/105/13 981/115/13 2412/1989/13
f 2412/1989/14 981/115/14 982/113/14 2415/1992/14
f 2415/1992/16 982/113/16 121/114/16 206/1983/16
f 2414/1990/16 2415/1992/16 206/1983/16 207/1982/16
f 2413/1991/16 2414/1990/16 207/1982/16 208/1981/16
f 200/228/16 2413/1991/16 208/1981/16 26/229/16
f 201/227/14 2410/1987/14 2413/1991/14 200/228/14
f 202/226/13 2407/1984/13 2410/1987/13 201/227/13
f 2416/1996/9 2417/1997/9 2420/1998/9 2419/1999/9
f 2417/1997/9 2418/2000/9 2421/2001/9 2420/1998/9
f 2419/1999/10 2420/1998/10 2423/2002/10 2422/2003/10
f 2420/1998/10 2421/2001/10 2424/2004/10 2423/2002/10
f 22/205/11 866/2005/11 2416/1996/11 190/206/11
f 866/2005/11 867/2006/11 2417/1997/11 2416/1996/11
f 867/2006/11 868/2007/11 2418/2000/11 2417/1997/11
f 868/2007/11 119/10/11 983/85/11 2418/2000/11
f 2418/2000/9 983/85/9 984/95/9 2421/2001/9
f 2421/2001/10 984/95/10 985/93/10 2424/2004/10
f 2424/2004/12 985/93/12 120/94/12 197/1995/12
f 2423/2002/12 2424/2004/12 197/1995/12 198/1994/12
f 2422/2003/12 2423/2002/12 198/1994/12 199/1993/12
f 188/208/12 2422/2003/12 199/1993/12 27/209/12
f 189/207/10 2419/1999/10 2422/2003/10 188/208/10
f 190/206/9 2416/1996/9 2419/1999/9 189/207/9
f 2425/2008/5 2426/2009/5 2429/2010/5 2428/2011/5
f 2426/2009/6 2427/2012/6 2430/2013/6 2429/2010/6
f 2428/2011/5 2429/2010/5 2432/2014/5 2431/2015/5
f 2429/2010/6 2430/2013/6 2433/2016/6 2432/2014/6
f 5/74/7 295/72/7 2425/2008/7 184/1816/7
f 295/72/5 294/71/5 2426/2009/5 2425/2008/5
f 294/71/6 293/70/6 2427/2012/6 2426/2009/6
f 293/70/8 21/69/8 244/1829/8 2427/2012/8
f 2427/2012/8 244/1829/8 243/1947/8 2430/2013/8
f 2430/2013/8 243/1947/8 242/1946/8 2433/2016/8
f 2433/2016/8 242/1946/8 125/40/8 986/39/8
f 2432/2014/6 2433/2016/6 986/39/6 987/38/6
f 2431/2015/5 2432/2014/5 987/38/5 988/36/5
f 182/1818/7 2431/2015/7 988/36/7 118/35/7
f 183/1817/7 2428/2011/7 2431/2015/7 182/1818/7
f 184/1816/7 2425/2008/7 2428/2011/7 183/1817/7
f 2434/2017/1 2435/2018/1 2438/2019/1 2437/2020/1
f 2435/2018/2 2436/2021/2 2439/2022/2 2438/2019/2
f 2437/2020/1 2438/2019/1 2441/2023/1 2440/2024/1
f 2438/2019/2 2439/2022/2 2442/2025/2 2441/2023/2
f 22/205/3 289/330/3 2434/2017/3 866/2005/3
f 289/330/1 288/329/1 2435/2018/1 2434/2017/1
f 288/329/2 287/328/2 2436/2021/2 2435/2018/2
f 287/328/4 6/327/4 860/1056/4 2436/2021/4
f 2436/2021/4 860/1056/4 861/1055/4 2439/2022/4
f 2439/2022/4 861/1055/4 862/1053/4 2442/2025/4
f 2442/2025/4 862/1053/4 117/15/4 989/14/4
f 2441/2023/2 2442/2025/2 989/14/2 990/13/2
f 2440/2024/1 2441/2023/1 990/13/1 991/11/1
f 868/2007/3 2440/2024/3 991/11/3 119/10/3
f 867/2006/3 2437/2020/3 2440/2024/3 868/2007/3
f 866/2005/3 2434/2017/3 2437/2020/3 867/2006/3
f 2444/2026/1165 2445/2027/1165 2443/2028/1165 2449/2029/1165
f 2446/2030/1166 2447/2031/1166 2443/2028/1166 2445/2027/1166
f 2448/2032/1167 2449/2029/1167 2443/2028/1167 2447/2031/1167
f 141/567/1168 995/2033/1168 2444/2026/1168 994/1638/1168
f 995/2033/1169 996/2034/1169 2445/2027/1169 2444/2026/1169
f 994/1638/1170 2444/2026/1170 2449/2029/1170 993/1639/1170
f 142/605/1171 998/607/1171 2446/2030/1171 997/2035/1171
f 998/607/1172 999/604/1172 2447/2031/1172 2446/2030/1172
f 997/2035/1173 2446/2030/1173 2445/2027/1173 996/2034/1173
f 143/601/1174 992/1640/1174 2448/2032/1174 1000/602/1174
f 992/1640/1175 993/1639/1175 2449/2029/1175 2448/2032/1175
f 1000/602/1176 2448/2032/1176 2447/2031/1176 999/604/1176
f 2451/2036/1177 2452/2037/1177 2450/2038/1177 2456/2039/1177
f 2453/2040/1178 2454/2041/1178 2450/2038/1178 2452/2037/1178
f 2455/2042/1179 2456/2039/1179 2450/2038/1179 2454/2041/1179
f 144/484/1180 1004/2043/1180 2451/2036/1180 1003/485/1180
f 1004/2043/1181 1005/2044/1181 2452/2037/1181 2451/2036/1181
f 1003/485/1182 2451/2036/1182 2456/2039/1182 1002/487/1182
f 145/1624/1183 1007/1625/1183 2453/2040/1183 1006/2045/1183
f 1007/1625/1184 1008/1623/1184 2454/2041/1184 2453/2040/1184
f 1006/2045/1185 2453/2040/1185 2452/2037/1185 1005/2044/1185
f 146/488/1186 1001/490/1186 2455/2042/1186 1009/1622/1186
f 1001/490/1187 1002/487/1187 2456/2039/1187 2455/2042/1187
f 1009/1622/1188 2455/2042/1188 2454/2041/1188 1008/1623/1188
f 2457/2046/1189 2458/2047/1189 2461/2048/1189 2460/2049/1189
f 2458/2047/1190 2459/2050/1190 2462/2051/1190 2461/2048/1190
f 2460/2049/1191 2461/2048/1191 2464/2052/1191 2463/2053/1191
f 2461/2048/1192 2462/2051/1192 2465/2054/1192 2464/2052/1192
f 144/484/1193 1010/2055/1193 2457/2046/1193 1004/2043/1193
f 1010/2055/1194 1011/2056/1194 2458/2047/1194 2457/2046/1194
f 1011/2056/1195 1012/2057/1195 2459/2050/1195 2458/2047/1195
f 1012/2057/1196 139/2058/1196 1013/2059/1196 2459/2050/1196
f 2459/2050/1197 1013/2059/1197 1014/2060/1197 2462/2051/1197
f 2462/2051/1198 1014/2060/1198 1015/2061/1198 2465/2054/1198
f 2465/2054/1199 1015/2061/1199 140/2062/1199 1016/2063/1199
f 2464/2052/1200 2465/2054/1200 1016/2063/1200 1017/2064/1200
f 2463/2053/1201 2464/2052/1201 1017/2064/1201 1018/2065/1201
f 1006/2045/1202 2463/2053/1202 1018/2065/1202 145/1624/1202
f 1005/2044/1203 2460/2049/1203 2463/2053/1203 1006/2045/1203
f 1004/2043/1204 2457/2046/1204 2460/2049/1204 1005/2044/1204
f 2466/2066/1205 2467/2067/1205 2470/2068/1205 2469/2069/1205
f 2467/2067/1206 2468/2070/1206 2471/2071/1206 2470/2068/1206
f 2469/2069/1207 2470/2068/1207 2473/2072/1207 2472/2073/1207
f 2470/2068/1208 2471/2071/1208 2474/2074/1208 2473/2072/1208
f 139/2058/1209 1019/2075/1209 2466/2066/1209 1013/2059/1209
f 1019/2075/1210 1020/2076/1210 2467/2067/1210 2466/2066/1210
f 1020/2076/1211 1021/2077/1211 2468/2070/1211 2467/2067/1211
f 1021/2077/1212 142/605/1212 997/2035/1212 2468/2070/1212
f 2468/2070/1213 997/2035/1213 996/2034/1213 2471/2071/1213
f 2471/2071/1214 996/2034/1214 995/2033/1214 2474/2074/1214
f 2474/2074/1215 995/2033/1215 141/567/1215 1022/2078/1215
f 2473/2072/1216 2474/2074/1216 1022/2078/1216 1023/2079/1216
f 2472/2073/1217 2473/2072/1217 1023/2079/1217 1024/2080/1217
f 1015/2061/1218 2472/2073/1218 1024/2080/1218 140/2062/1218
f 1014/2060/1219 2469/2069/1219 2472/2073/1219 1015/2061/1219
f 1013/2059/1220 2466/2066/1220 2469/2069/1220 1014/2060/1220
f 2475/2081/1221 2476/2082/1221 2479/2083/1221 2478/2084/1221
f 2476/2082/1222 2477/2085/1222 2480/2086/1222 2479/2083/1222
f 2478/2084/1223 2479/2083/1223 2482/2087/1223 2481/2081/1223
f 2479/2083/1224 2480/2086/1224 2483/2088/1224 2482/2087/1224
f 165/551/1225 1150/2089/1225 2475/2081/1225 1132/1883/1225
f 1150/2089/1226 1149/2090/1226 2476/2082/1226 2475/2081/1226
f 1149/2090/1227 1148/2091/1227 2477/2085/1227 2476/2082/1227
f 1148/2091/1228 166/2092/1228 1031/2093/1228 2477/2085/1228
f 2477/2085/1229 1031/2093/1229 1032/2094/1229 2480/2086/1229
f 2480/2086/1230 1032/2094/1230 1033/2095/1230 2483/2088/1230
f 2483/2088/1231 1033/2095/1231 153/460/1231 1052/459/1231
f 2482/2087/1232 2483/2088/1232 1052/459/1232 1053/458/1232
f 2481/2081/1233 2482/2087/1233 1053/458/1233 1054/456/1233
f 1130/1885/1234 2481/2081/1234 1054/456/1234 152/455/1234
f 1131/1884/1235 2478/2084/1235 2481/2081/1235 1130/1885/1235
f 1132/1883/1236 2475/2081/1236 2478/2084/1236 1131/1884/1236
f 2484/2096/1237 2485/2097/1237 2488/2098/1237 2487/2099/1237
f 2485/2097/1238 2486/2100/1238 2489/2101/1238 2488/2098/1238
f 2487/2099/1237 2488/2098/1237 2491/2102/1237 2490/2103/1237
f 2488/2098/1239 2489/2101/1239 2492/2104/1239 2491/2102/1239
f 153/460/1240 1088/2105/1240 2484/2096/1240 346/461/1240
f 1088/2105/1241 1089/2106/1241 2485/2097/1241 2484/2096/1241
f 1089/2106/1242 1090/2107/1242 2486/2100/1242 2485/2097/1242
f 1090/2107/1243 160/2108/1243 1069/2077/1243 2486/2100/1243
f 2486/2100/1244 1069/2077/1244 1068/2076/1244 2489/2101/1244
f 2489/2101/1244 1068/2076/1244 1067/2075/1244 2492/2104/1244
f 2492/2104/1244 1067/2075/1244 157/1862/1244 1075/2109/1244
f 2491/2102/1245 2492/2104/1245 1075/2109/1245 1074/2110/1245
f 2490/2103/1246 2491/2102/1246 1074/2110/1246 1073/2111/1246
f 344/463/1247 2490/2103/1247 1073/2111/1247 52/464/1247
f 345/462/1247 2487/2099/1247 2490/2103/1247 344/463/1247
f 346/461/1240 2484/2096/1240 2487/2099/1240 345/462/1240
f 2493/2112/1248 2494/2113/1248 2497/2114/1248 2496/2115/1248
f 2494/2113/1249 2495/2116/1249 2498/2117/1249 2497/2114/1249
f 2496/2115/1250 2497/2114/1250 2500/2118/1250 2499/2119/1250
f 2497/2114/1249 2498/2117/1249 2501/2120/1249 2500/2118/1249
f 154/576/1251 1051/1608/1251 2493/2112/1251 343/2121/1251
f 1051/1608/1248 1050/1607/1248 2494/2113/1248 2493/2112/1248
f 1050/1607/1252 1049/1606/1252 2495/2116/1252 2494/2113/1252
f 1049/1606/1253 155/2122/1253 337/662/1253 2495/2116/1253
f 2495/2116/1253 337/662/1253 336/670/1253 2498/2117/1253
f 2498/2117/1254 336/670/1254 335/668/1254 2501/2120/1254
f 2501/2120/1254 335/668/1254 150/669/1254 821/2123/1254
f 2500/2118/1249 2501/2120/1249 821/2123/1249 822/2124/1249
f 2499/2119/1255 2500/2118/1255 822/2124/1255 823/2125/1255
f 341/2126/1251 2499/2119/1251 823/2125/1251 149/2127/1251
f 342/2128/1251 2496/2115/1251 2499/2119/1251 341/2126/1251
f 343/2121/1251 2493/2112/1251 2496/2115/1251 342/2128/1251
f 2502/2129/1255 2503/2130/1255 2506/2131/1255 2505/2132/1255
f 2503/2130/1249 2504/2133/1249 2507/2134/1249 2506/2131/1249
f 2505/2132/1256 2506/2131/1256 2509/2135/1256 2508/2136/1256
f 2506/2131/1249 2507/2134/1249 2510/2137/1249 2509/2135/1249
f 149/2127/1251 823/2125/1251 2502/2129/1251 826/2138/1251
f 823/2125/1255 822/2124/1255 2503/2130/1255 2502/2129/1255
f 822/2124/1249 821/2123/1249 2504/2133/1249 2503/2130/1249
f 821/2123/1254 150/669/1254 391/1828/1254 2504/2133/1254
f 2504/2133/1254 391/1828/1254 390/1833/1254 2507/2134/1254
f 2507/2134/1253 390/1833/1253 389/1832/1253 2510/2137/1253
f 2510/2137/1253 389/1832/1253 151/511/1253 1055/630/1253
f 2509/2135/1252 2510/2137/1252 1055/630/1252 1056/629/1252
f 2508/2136/1256 2509/2135/1256 1056/629/1256 1057/628/1256
f 824/2139/1251 2508/2136/1251 1057/628/1251 148/627/1251
f 825/2140/1251 2505/2132/1251 2508/2136/1251 824/2139/1251
f 826/2138/1251 2502/2129/1251 2505/2132/1251 825/2140/1251
f 2511/2141/1257 2512/2142/1257 2515/2143/1257 2514/2144/1257
f 2512/2142/1258 2513/2145/1258 2516/2146/1258 2515/2143/1258
f 2514/2144/1259 2515/2143/1259 2518/2147/1259 2517/2148/1259
f 2515/2143/1258 2516/2146/1258 2519/2149/1258 2518/2147/1258
f 161/580/1260 1085/579/1260 2511/2141/1260 1070/2150/1260
f 1085/579/1261 1086/578/1261 2512/2142/1261 2511/2141/1261
f 1086/578/1262 1087/577/1262 2513/2145/1262 2512/2142/1262
f 1087/577/1263 154/576/1263 343/2121/1263 2513/2145/1263
f 2513/2145/1263 343/2121/1263 342/2128/1263 2516/2146/1263
f 2516/2146/1264 342/2128/1264 341/2126/1264 2519/2149/1264
f 2519/2149/1264 341/2126/1264 149/2127/1264 1081/2151/1264
f 2518/2147/1265 2519/2149/1265 1081/2151/1265 1080/2152/1265
f 2517/2148/1266 2518/2147/1266 1080/2152/1266 1079/2153/1266
f 1072/2154/1267 2517/2148/1267 1079/2153/1267 158/2155/1267
f 1071/2156/1267 2514/2144/1267 2517/2148/1267 1072/2154/1267
f 1070/2150/1267 2511/2141/1267 2514/2144/1267 1071/2156/1267
f 2520/2157/1259 2521/2158/1259 2524/2159/1259 2523/2160/1259
f 2521/2158/1258 2522/2161/1258 2525/2162/1258 2524/2159/1258
f 2523/2160/1268 2524/2159/1268 2527/2163/1268 2526/2164/1268
f 2524/2159/1269 2525/2162/1269 2528/2165/1269 2527/2163/1269
f 158/2155/1267 1079/2153/1267 2520/2157/1267 1064/2166/1267
f 1079/2153/1266 1080/2152/1266 2521/2158/1266 2520/2157/1266
f 1080/2152/1265 1081/2151/1265 2522/2161/1265 2521/2158/1265
f 1081/2151/1264 149/2127/1264 826/2138/1264 2522/2161/1264
f 2522/2161/1264 826/2138/1264 825/2140/1264 2525/2162/1264
f 2525/2162/1263 825/2140/1263 824/2139/1263 2528/2165/1263
f 2528/2165/1263 824/2139/1263 148/627/1263 1082/650/1263
f 2527/2163/1270 2528/2165/1270 1082/650/1270 1083/649/1270
f 2526/2164/1261 2527/2163/1261 1083/649/1261 1084/648/1261
f 1066/2167/1260 2526/2164/1260 1084/648/1260 159/647/1260
f 1065/2168/1267 2523/2160/1267 2526/2164/1267 1066/2167/1267
f 1064/2166/1267 2520/2157/1267 2523/2160/1267 1065/2168/1267
f 2529/2169/73 2530/2170/73 2533/2171/73 2532/2172/73
f 2530/2170/79 2531/2173/79 2534/2174/79 2533/2171/79
f 2532/2172/73 2533/2171/73 2536/2175/73 2535/2176/73
f 2533/2171/1271 2534/2174/1271 2537/2177/1271 2536/2175/1271
f 109/469/80 952/467/80 2529/2169/80 955/1850/80
f 952/467/73 951/466/73 2530/2170/73 2529/2169/73
f 951/466/79 950/465/79 2531/2173/79 2530/2170/79
f 950/465/78 52/464/78 904/2178/78 2531/2173/78
f 2531/2173/78 904/2178/78 903/2179/78 2534/2174/78
f 2534/2174/78 903/2179/78 902/2180/78 2537/2177/78
f 2537/2177/78 902/2180/78 147/438/78 1058/437/78
f 2536/2175/1271 2537/2177/1271 1058/437/1271 1059/436/1271
f 2535/2176/77 2536/2175/77 1059/436/77 1060/435/77
f 953/1852/76 2535/2176/76 1060/435/76 131/418/76
f 954/1851/76 2532/2172/76 2535/2176/76 953/1852/76
f 955/1850/80 2529/2169/80 2532/2172/80 954/1851/80
f 2538/2181/1237 2539/2182/1237 2542/2183/1237 2541/2184/1237
f 2539/2182/1239 2540/2185/1239 2543/2186/1239 2542/2183/1239
f 2541/2184/1272 2542/2183/1272 2545/2187/1272 2544/2188/1272
f 2542/2183/1273 2543/2186/1273 2546/2189/1273 2545/2187/1273
f 52/464/1247 1073/2111/1247 2538/2181/1247 904/2178/1247
f 1073/2111/1246 1074/2110/1246 2539/2182/1246 2538/2181/1246
f 1074/2110/1245 1075/2109/1245 2540/2185/1245 2539/2182/1245
f 1075/2109/1244 157/1862/1244 1063/1863/1244 2540/2185/1244
f 2540/2185/1244 1063/1863/1244 1062/1865/1244 2543/2186/1244
f 2543/2186/1244 1062/1865/1244 1061/1866/1244 2546/2189/1244
f 2546/2189/1243 1061/1866/1243 156/1870/1243 1076/486/1243
f 2545/2187/1242 2546/2189/1242 1076/486/1242 1077/1903/1242
f 2544/2188/1274 2545/2187/1274 1077/1903/1274 1078/1902/1274
f 902/2180/1240 2544/2188/1240 1078/1902/1240 147/438/1240
f 903/2179/1240 2541/2184/1240 2544/2188/1240 902/2180/1240
f 904/2178/1247 2538/2181/1247 2541/2184/1247 903/2179/1247
f 2547/2190/1275 2548/2191/1275 2551/2192/1275 2550/2193/1275
f 2548/2191/1276 2549/2194/1276 2552/2195/1276 2551/2192/1276
f 2550/2193/1277 2551/2192/1277 2554/2196/1277 2553/2197/1277
f 2551/2192/1278 2552/2195/1278 2555/2198/1278 2554/2196/1278
f 168/643/1279 1201/2065/1279 2547/2190/1279 326/644/1279
f 1201/2065/1280 1200/2064/1280 2548/2191/1280 2547/2190/1280
f 1200/2064/1281 1199/2199/1281 2549/2194/1281 2548/2191/1281
f 1199/2199/1282 173/2200/1282 1103/2201/1282 2549/2194/1282
f 2549/2194/1283 1103/2201/1283 1104/2202/1283 2552/2195/1283
f 2552/2195/1284 1104/2202/1284 1105/2203/1284 2555/2198/1284
f 2555/2198/1285 1105/2203/1285 158/2155/1285 1064/2166/1285
f 2554/2196/1286 2555/2198/1286 1064/2166/1286 1065/2168/1286
f 2553/2197/1287 2554/2196/1287 1065/2168/1287 1066/2167/1287
f 328/646/1288 2553/2197/1288 1066/2167/1288 159/647/1288
f 327/645/1289 2550/2193/1289 2553/2197/1289 328/646/1289
f 326/644/1290 2547/2190/1290 2550/2193/1290 327/645/1290
f 2556/2204/1291 2557/2205/1291 2560/2206/1291 2559/2207/1291
f 2557/2205/1292 2558/2208/1292 2561/2209/1292 2560/2206/1292
f 2559/2207/1293 2560/2206/1293 2563/2210/1293 2562/2211/1293
f 2560/2206/1294 2561/2209/1294 2564/2212/1294 2563/2210/1294
f 166/2092/1295 1147/2213/1295 2556/2204/1295 1031/2093/1295
f 1147/2213/1296 1146/2214/1296 2557/2205/1296 2556/2204/1296
f 1146/2214/1297 1145/2107/1297 2558/2208/1297 2557/2205/1297
f 1145/2107/1298 167/605/1298 1106/2215/1298 2558/2208/1298
f 2558/2208/1299 1106/2215/1299 1107/2216/1299 2561/2209/1299
f 2561/2209/1300 1107/2216/1300 1108/2217/1300 2564/2212/1300
f 2564/2212/1301 1108/2217/1301 160/2108/1301 1090/2107/1301
f 2563/2210/1302 2564/2212/1302 1090/2107/1302 1089/2106/1302
f 2562/2211/1303 2563/2210/1303 1089/2106/1303 1088/2105/1303
f 1033/2095/1304 2562/2211/1304 1088/2105/1304 153/460/1304
f 1032/2094/1305 2559/2207/1305 2562/2211/1305 1033/2095/1305
f 1031/2093/1306 2556/2204/1306 2559/2207/1306 1032/2094/1306
f 2565/2218/1307 2566/2219/1307 2569/2220/1307 2568/2221/1307
f 2566/2219/1308 2567/2222/1308 2570/2223/1308 2569/2220/1308
f 2568/2221/1309 2569/2220/1309 2572/2224/1309 2571/2225/1309
f 2569/2220/1310 2570/2223/1310 2573/2226/1310 2572/2224/1310
f 171/572/1311 1198/2227/1311 2565/2218/1311 1097/573/1311
f 1198/2227/1312 1197/2228/1312 2566/2219/1312 2565/2218/1312
f 1197/2228/1313 1196/2229/1313 2567/2222/1313 2566/2219/1313
f 1196/2229/1314 174/2230/1314 1109/2231/1314 2567/2222/1314
f 2567/2222/1315 1109/2231/1315 1110/2232/1315 2570/2223/1315
f 2570/2223/1316 1110/2232/1316 1111/2233/1316 2573/2226/1316
f 2573/2226/1317 1111/2233/1317 155/2122/1317 1049/1606/1317
f 2572/2224/1318 2573/2226/1318 1049/1606/1318 1050/1607/1318
f 2571/2225/1319 2572/2224/1319 1050/1607/1319 1051/1608/1319
f 1099/575/1320 2571/2225/1320 1051/1608/1320 154/576/1320
f 1098/574/1321 2568/2221/1321 2571/2225/1321 1099/575/1321
f 1097/573/1322 2565/2218/1322 2568/2221/1322 1098/574/1322
f 2574/2234/1323 2575/2235/1323 2578/2236/1323 2577/2237/1323
f 2575/2235/1324 2576/2238/1324 2579/2239/1324 2578/2236/1324
f 2577/2237/1325 2578/2236/1325 2581/2240/1325 2580/2241/1325
f 2578/2236/1326 2579/2239/1326 2582/2242/1326 2581/2240/1326
f 167/605/1327 1144/2243/1327 2574/2234/1327 1106/2215/1327
f 1144/2243/1328 1143/2244/1328 2575/2235/1328 2574/2234/1328
f 1143/2244/1329 1142/2245/1329 2576/2238/1329 2575/2235/1329
f 1142/2245/1330 51/1862/1330 1120/1864/1330 2576/2238/1330
f 2576/2238/1331 1120/1864/1331 1119/1864/1331 2579/2239/1331
f 2579/2239/1332 1119/1864/1332 1118/1862/1332 2582/2242/1332
f 2582/2242/1333 1118/1862/1333 157/1862/1333 1067/2075/1333
f 2581/2240/1334 2582/2242/1334 1067/2075/1334 1068/2076/1334
f 2580/2241/1335 2581/2240/1335 1068/2076/1335 1069/2077/1335
f 1108/2217/1336 2580/2241/1336 1069/2077/1336 160/2108/1336
f 1107/2216/1337 2577/2237/1337 2580/2241/1337 1108/2217/1337
f 1106/2215/1338 2574/2234/1338 2577/2237/1338 1107/2216/1338
f 2583/2246/1339 2584/2247/1339 2587/2248/1339 2586/2249/1339
f 2584/2247/1340 2585/2250/1340 2588/2251/1340 2587/2248/1340
f 2586/2249/1341 2587/2248/1341 2590/2252/1341 2589/2253/1341
f 2587/2248/1342 2588/2251/1342 2591/2254/1342 2590/2252/1342
f 174/2230/1343 1195/2255/1343 2583/2246/1343 1109/2231/1343
f 1195/2255/1344 1194/2256/1344 2584/2247/1344 2583/2246/1344
f 1194/2256/1345 1193/2257/1345 2585/2250/1345 2584/2247/1345
f 1193/2257/1346 175/2258/1346 1112/2259/1346 2585/2250/1346
f 2585/2250/1347 1112/2259/1347 1113/2260/1347 2588/2251/1347
f 2588/2251/1348 1113/2260/1348 1114/2261/1348 2591/2254/1348
f 2591/2254/1349 1114/2261/1349 150/669/1349 335/668/1349
f 2590/2252/1350 2591/2254/1350 335/668/1350 336/670/1350
f 2589/2253/1351 2590/2252/1351 336/670/1351 337/662/1351
f 1111/2233/1352 2589/2253/1352 337/662/1352 155/2122/1352
f 1110/2232/1353 2586/2249/1353 2589/2253/1353 1111/2233/1353
f 1109/2231/1354 2583/2246/1354 2586/2249/1354 1110/2232/1354
f 2592/2262/1355 2593/2263/1355 2596/2264/1355 2595/2265/1355
f 2593/2263/1356 2594/2266/1356 2597/2267/1356 2596/2264/1356
f 2595/2265/1357 2596/2264/1357 2599/2268/1357 2598/2269/1357
f 2596/2264/1358 2597/2267/1358 2600/2270/1358 2599/2268/1358
f 173/2200/1359 1192/2080/1359 2592/2262/1359 1103/2201/1359
f 1192/2080/1360 1191/2079/1360 2593/2263/1360 2592/2262/1360
f 1191/2079/1361 1190/2078/1361 2594/2266/1361 2593/2263/1361
f 1190/2078/1362 172/567/1362 1177/569/1362 2594/2266/1362
f 2594/2266/1363 1177/569/1363 1176/569/1363 2597/2267/1363
f 2597/2267/1364 1176/569/1364 1175/569/1364 2600/2270/1364
f 2600/2270/1365 1175/569/1365 161/580/1365 1070/2150/1365
f 2599/2268/1366 2600/2270/1366 1070/2150/1366 1071/2156/1366
f 2598/2269/1367 2599/2268/1367 1071/2156/1367 1072/2154/1367
f 1105/2203/1368 2598/2269/1368 1072/2154/1368 158/2155/1368
f 1104/2202/1369 2595/2265/1369 2598/2269/1369 1105/2203/1369
f 1103/2201/1370 2592/2262/1370 2595/2265/1370 1104/2202/1370
f 2601/2271/1371 2602/2272/1371 2605/2273/1371 2604/2274/1371
f 2602/2272/1372 2603/2275/1372 2606/2276/1372 2605/2273/1372
f 2604/2274/1373 2605/2273/1373 2608/2277/1373 2607/2278/1373
f 2605/2273/1374 2606/2276/1374 2609/2279/1374 2608/2277/1374
f 164/1898/1375 1141/2280/1375 2601/2271/1375 773/1899/1375
f 1141/2280/1376 1140/2281/1376 2602/2272/1376 2601/2271/1376
f 1140/2281/1377 1139/2282/1377 2603/2275/1377 2602/2272/1377
f 1139/2282/1378 53/1843/1378 1117/1845/1378 2603/2275/1378
f 2603/2275/1379 1117/1845/1379 1116/1854/1379 2606/2276/1379
f 2606/2276/1380 1116/1854/1380 1115/1853/1380 2609/2279/1380
f 2609/2279/1381 1115/1853/1381 131/418/1381 1060/435/1381
f 2608/2277/1382 2609/2279/1382 1060/435/1382 1059/436/1382
f 2607/2278/1383 2608/2277/1383 1059/436/1383 1058/437/1383
f 775/1901/1384 2607/2278/1384 1058/437/1384 147/438/1384
f 774/1900/1385 2604/2274/1385 2607/2278/1385 775/1901/1385
f 773/1899/1386 2601/2271/1386 2604/2274/1386 774/1900/1386
f 2610/2283/1387 2611/2284/1387 2614/2285/1387 2613/2286/1387
f 2611/2284/1388 2612/2287/1388 2615/1832/1388 2614/2285/1388
f 2613/2286/1389 2614/2285/1389 2617/2285/1389 2616/2286/1389
f 2614/2285/1390 2615/1832/1390 2618/2288/1390 2617/2285/1390
f 175/2258/1391 1189/2289/1391 2610/2283/1391 1112/2259/1391
f 1189/2289/1392 1188/2290/1392 2611/2284/1392 2610/2283/1392
f 1188/2290/1393 1187/2291/1393 2612/2287/1393 2611/2284/1393
f 1187/2291/1394 170/621/1394 1171/622/1394 2612/2287/1394
f 2612/2287/1395 1171/622/1395 1170/622/1395 2615/1832/1395
f 2615/1832/1396 1170/622/1396 1169/622/1396 2618/2288/1396
f 2618/2288/1397 1169/622/1397 151/511/1397 389/1832/1397
f 2617/2285/1398 2618/2288/1398 389/1832/1398 390/1833/1398
f 2616/2286/1399 2617/2285/1399 390/1833/1399 391/1828/1399
f 1114/2261/1400 2616/2286/1400 391/1828/1400 150/669/1400
f 1113/2260/1401 2613/2286/1401 2616/2286/1401 1114/2261/1401
f 1112/2259/1402 2610/2283/1402 2613/2286/1402 1113/2260/1402
f 2619/2292/1403 2620/2277/1403 2623/2273/1403 2622/2274/1403
f 2620/2277/1404 2621/2293/1404 2624/2294/1404 2623/2273/1404
f 2622/2274/1405 2623/2273/1405 2626/2295/1405 2625/2296/1405
f 2623/2273/1406 2624/2294/1406 2627/2275/1406 2626/2295/1406
f 130/438/1407 956/437/1407 2619/2292/1407 1127/2297/1407
f 956/437/1408 957/436/1408 2620/2277/1408 2619/2292/1408
f 957/436/1409 958/435/1409 2621/2293/1409 2620/2277/1409
f 958/435/1410 129/418/1410 334/2298/1410 2621/2293/1410
f 2621/2293/1411 334/2298/1411 333/2299/1411 2624/2294/1411
f 2624/2294/1412 333/2299/1412 332/1845/1412 2627/2275/1412
f 2627/2275/1413 332/1845/1413 53/1843/1413 1139/2282/1413
f 2626/2295/1414 2627/2275/1414 1139/2282/1414 1140/2281/1414
f 2625/2296/1415 2626/2295/1415 1140/2281/1415 1141/2280/1415
f 1129/1899/1416 2625/2296/1416 1141/2280/1416 164/1898/1416
f 1128/1900/1417 2622/2274/1417 2625/2296/1417 1129/1899/1417
f 1127/2297/1418 2619/2292/1418 2622/2274/1418 1128/1900/1418
f 2628/2300/1419 2629/2076/1419 2632/2076/1419 2631/2301/1419
f 2629/2076/1420 2630/2075/1420 2633/2075/1420 2632/2076/1420
f 2631/2301/1421 2632/2076/1421 2635/2302/1421 2634/2303/1421
f 2632/2076/1422 2633/2075/1422 2636/2304/1422 2635/2302/1422
f 142/605/1423 1021/2077/1423 2628/2300/1423 1136/2305/1423
f 1021/2077/1424 1020/2076/1424 2629/2076/1424 2628/2300/1424
f 1020/2076/1425 1019/2075/1425 2630/2075/1425 2629/2076/1425
f 1019/2075/1426 139/2058/1426 352/1864/1426 2630/2075/1426
f 2630/2075/1427 352/1864/1427 351/1864/1427 2633/2075/1427
f 2633/2075/1428 351/1864/1428 350/1864/1428 2636/2304/1428
f 2636/2304/1429 350/1864/1429 51/1862/1429 1142/2245/1429
f 2635/2302/1430 2636/2304/1430 1142/2245/1430 1143/2244/1430
f 2634/2303/1431 2635/2302/1431 1143/2244/1431 1144/2243/1431
f 1138/2305/1432 2634/2303/1432 1144/2243/1432 167/605/1432
f 1137/2305/1433 2631/2301/1433 2634/2303/1433 1138/2305/1433
f 1136/2305/1434 2628/2300/1434 2631/2301/1434 1137/2305/1434
f 2637/2306/1435 2638/2307/1435 2641/2308/1435 2640/2309/1435
f 2638/2307/1436 2639/2310/1436 2642/2311/1436 2641/2308/1436
f 2640/2309/1437 2641/2308/1437 2644/2312/1437 2643/2313/1437
f 2641/2308/1438 2642/2311/1438 2645/2314/1438 2644/2312/1438
f 108/609/1439 1040/611/1439 2637/2306/1439 1133/2315/1439
f 1040/611/1440 1041/608/1440 2638/2307/1440 2637/2306/1440
f 1041/608/1441 1042/606/1441 2639/2310/1441 2638/2307/1441
f 1042/606/1442 142/605/1442 1136/2305/1442 2639/2310/1442
f 2639/2310/1443 1136/2305/1443 1137/2305/1443 2642/2311/1443
f 2642/2311/1444 1137/2305/1444 1138/2305/1444 2645/2314/1444
f 2645/2314/1445 1138/2305/1445 167/605/1445 1145/2107/1445
f 2644/2312/1446 2645/2314/1446 1145/2107/1446 1146/2214/1446
f 2643/2313/1447 2644/2312/1447 1146/2214/1447 1147/2213/1447
f 1135/2316/1448 2643/2313/1448 1147/2213/1448 166/2092/1448
f 1134/2317/1449 2640/2309/1449 2643/2313/1449 1135/2316/1449
f 1133/2315/1450 2637/2306/1450 2640/2309/1450 1134/2317/1450
f 2646/2318/1451 2647/2319/1451 2650/2320/1451 2649/2321/1451
f 2647/2319/1452 2648/2322/1452 2651/2323/1452 2650/2320/1452
f 2649/2321/1453 2650/2320/1453 2653/2324/1453 2652/2325/1453
f 2650/2320/1454 2651/2323/1454 2654/2326/1454 2653/2324/1454
f 107/551/1455 829/1653/1455 2646/2318/1455 1027/2327/1455
f 829/1653/1456 828/1652/1456 2647/2319/1456 2646/2318/1456
f 828/1652/1457 827/1651/1457 2648/2322/1457 2647/2319/1457
f 827/1651/1458 108/609/1458 1133/2315/1458 2648/2322/1458
f 2648/2322/1459 1133/2315/1459 1134/2317/1459 2651/2323/1459
f 2651/2323/1460 1134/2317/1460 1135/2316/1460 2654/2326/1460
f 2654/2326/1461 1135/2316/1461 166/2092/1461 1148/2091/1461
f 2653/2324/1462 2654/2326/1462 1148/2091/1462 1149/2090/1462
f 2652/2325/1463 2653/2324/1463 1149/2090/1463 1150/2089/1463
f 1025/2327/1464 2652/2325/1464 1150/2089/1464 165/551/1464
f 1026/2327/1465 2649/2321/1465 2652/2325/1465 1025/2327/1465
f 1027/2327/1466 2646/2318/1466 2649/2321/1466 1026/2327/1466
f 2655/2328/1467 2656/2329/1467 2659/2330/1467 2658/2331/1467
f 2656/2329/1468 2657/2332/1468 2660/2333/1468 2659/2330/1468
f 2658/2331/1469 2659/2330/1469 2662/2334/1469 2661/2335/1469
f 2659/2330/1470 2660/2333/1470 2663/2336/1470 2662/2334/1470
f 144/484/1471 1028/486/1471 2655/2328/1471 769/2337/1471
f 1028/486/1472 1029/483/1472 2656/2329/1472 2655/2328/1472
f 1029/483/1473 1030/482/1473 2657/2332/1473 2656/2329/1473
f 1030/482/1474 130/438/1474 1127/2297/1474 2657/2332/1474
f 2657/2332/1475 1127/2297/1475 1128/1900/1475 2660/2333/1475
f 2660/2333/1476 1128/1900/1476 1129/1899/1476 2663/2336/1476
f 2663/2336/1477 1129/1899/1477 164/1898/1477 1151/1897/1477
f 2662/2334/1478 2663/2336/1478 1151/1897/1478 1152/1896/1478
f 2661/2335/1479 2662/2334/1479 1152/1896/1479 1153/1895/1479
f 767/2337/1480 2661/2335/1480 1153/1895/1480 163/484/1480
f 768/2337/1481 2658/2331/1481 2661/2335/1481 767/2337/1481
f 769/2337/1482 2655/2328/1482 2658/2331/1482 768/2337/1482
f 2664/468/1483 2665/2338/1483 2668/470/1483 2667/2339/1483
f 2665/2338/1484 2666/2340/1484 2669/2340/1484 2668/470/1484
f 2667/2339/1485 2668/470/1485 2671/2341/1485 2670/2342/1485
f 2668/470/1486 2669/2340/1486 2672/2343/1486 2671/2341/1486
f 54/469/1487 764/468/1487 2664/468/1487 355/469/1487
f 764/468/1488 765/470/1488 2665/2338/1488 2664/468/1488
f 765/470/1489 766/457/1489 2666/2340/1489 2665/2338/1489
f 766/457/1490 107/551/1490 1027/2327/1490 2666/2340/1490
f 2666/2340/1491 1027/2327/1491 1026/2327/1491 2669/2340/1491
f 2669/2340/1492 1026/2327/1492 1025/2327/1492 2672/2343/1492
f 2672/2343/1493 1025/2327/1493 165/551/1493 1154/1882/1493
f 2671/2341/1494 2672/2343/1494 1154/1882/1494 1155/1881/1494
f 2670/2342/1495 2671/2341/1495 1155/1881/1495 1156/1880/1495
f 353/1848/1496 2670/2342/1496 1156/1880/1496 162/469/1496
f 354/469/1497 2667/2339/1497 2670/2342/1497 353/1848/1497
f 355/469/1498 2664/468/1498 2667/2339/1498 354/469/1498
f 2673/2344/1499 2674/2345/1499 2677/2346/1499 2676/2347/1499
f 2674/2345/1500 2675/2348/1500 2678/2349/1500 2677/2346/1500
f 2676/2347/1501 2677/2346/1501 2680/2350/1501 2679/2351/1501
f 2677/2346/1502 2678/2349/1502 2681/2352/1502 2680/2350/1502
f 139/2058/1503 1012/2057/1503 2673/2344/1503 352/1864/1503
f 1012/2057/1504 1011/2056/1504 2674/2345/1504 2673/2344/1504
f 1011/2056/1505 1010/2055/1505 2675/2348/1505 2674/2345/1505
f 1010/2055/1506 144/484/1506 769/2337/1506 2675/2348/1506
f 2675/2348/1507 769/2337/1507 768/2337/1507 2678/2349/1507
f 2678/2349/1508 768/2337/1508 767/2337/1508 2681/2352/1508
f 2681/2352/1509 767/2337/1509 163/484/1509 1157/1866/1509
f 2680/2350/1510 2681/2352/1510 1157/1866/1510 1158/1865/1510
f 2679/2351/1511 2680/2350/1511 1158/1865/1511 1159/1863/1511
f 350/1864/1512 2679/2351/1512 1159/1863/1512 51/1862/1512
f 351/1864/1513 2676/2347/1513 2679/2351/1513 350/1864/1513
f 352/1864/1514 2673/2344/1514 2676/2347/1514 351/1864/1514
f 2682/1841/1515 2683/2353/1515 2686/2354/1515 2685/2355/1515
f 2683/2353/1516 2684/2356/1516 2687/2357/1516 2686/2354/1516
f 2685/2355/1517 2686/2354/1517 2689/2358/1517 2688/2359/1517
f 2686/2354/1518 2687/2357/1518 2690/2360/1518 2689/2358/1518
f 129/418/1519 323/1852/1519 2682/1841/1519 334/2298/1519
f 323/1852/1520 324/1851/1520 2683/2353/1520 2682/1841/1520
f 324/1851/1521 325/1850/1521 2684/2356/1521 2683/2353/1521
f 325/1850/1522 54/469/1522 355/469/1522 2684/2356/1522
f 2684/2356/1523 355/469/1523 354/469/1523 2687/2357/1523
f 2687/2357/1524 354/469/1524 353/1848/1524 2690/2360/1524
f 2690/2360/1525 353/1848/1525 162/469/1525 1160/1847/1525
f 2689/2358/1526 2690/2360/1526 1160/1847/1526 1161/1846/1526
f 2688/2359/1527 2689/2358/1527 1161/1846/1527 1162/1844/1527
f 332/1845/1528 2688/2359/1528 1162/1844/1528 53/1843/1528
f 333/2299/1529 2685/2355/1529 2688/2359/1529 332/1845/1529
f 334/2298/1530 2682/1841/1530 2685/2355/1530 333/2299/1530
f 2691/2361/1531 2692/2362/1531 2695/2363/1531 2694/2364/1531
f 2692/2362/1532 2693/2365/1532 2696/2366/1532 2695/2363/1532
f 2694/2364/1533 2695/2363/1533 2698/2367/1533 2697/2368/1533
f 2695/2363/1534 2696/2366/1534 2699/2369/1534 2698/2367/1534
f 50/669/1535 361/1828/1535 2691/2361/1535 1184/2370/1535
f 361/1828/1536 360/1833/1536 2692/2362/1536 2691/2361/1536
f 360/1833/1537 359/1832/1537 2693/2365/1537 2692/2362/1537
f 359/1832/1538 133/511/1538 1096/2371/1538 2693/2365/1538
f 2693/2365/1539 1096/2371/1539 1095/2372/1539 2696/2366/1539
f 2696/2366/1540 1095/2372/1540 1094/2373/1540 2699/2369/1540
f 2699/2369/1541 1094/2373/1541 170/621/1541 1187/2291/1541
f 2698/2367/1542 2699/2369/1542 1187/2291/1542 1188/2290/1542
f 2697/2368/1543 2698/2367/1543 1188/2290/1543 1189/2289/1543
f 1186/2259/1544 2697/2368/1544 1189/2289/1544 175/2258/1544
f 1185/2258/1545 2694/2364/1545 2697/2368/1545 1186/2259/1545
f 1184/2370/1546 2691/2361/1546 2694/2364/1546 1185/2258/1546
f 2700/2374/1547 2701/2375/1547 2704/2376/1547 2703/2377/1547
f 2701/2375/1548 2702/2378/1548 2705/2379/1548 2704/2376/1548
f 2703/2377/1549 2704/2376/1549 2707/2375/1549 2706/2380/1549
f 2704/2376/1550 2705/2379/1550 2708/2381/1550 2707/2375/1550
f 140/2062/1551 1024/2080/1551 2700/2374/1551 1178/2200/1551
f 1024/2080/1552 1023/2079/1552 2701/2375/1552 2700/2374/1552
f 1023/2079/1553 1022/2078/1553 2702/2378/1553 2701/2375/1553
f 1022/2078/1554 141/567/1554 1102/2382/1554 2702/2378/1554
f 2702/2378/1555 1102/2382/1555 1101/2383/1555 2705/2379/1555
f 2705/2379/1556 1101/2383/1556 1100/2384/1556 2708/2381/1556
f 2708/2381/1557 1100/2384/1557 172/567/1557 1190/2078/1557
f 2707/2375/1558 2708/2381/1558 1190/2078/1558 1191/2079/1558
f 2706/2380/1559 2707/2375/1559 1191/2079/1559 1192/2080/1559
f 1180/2385/1560 2706/2380/1560 1192/2080/1560 173/2200/1560
f 1179/2200/1561 2703/2377/1561 2706/2380/1561 1180/2385/1561
f 1178/2200/1562 2700/2374/1562 2703/2377/1562 1179/2200/1562
f 2709/2253/1563 2710/2386/1563 2713/2387/1563 2712/2388/1563
f 2710/2386/1564 2711/2254/1564 2714/2389/1564 2713/2387/1564
f 2712/2388/1565 2713/2387/1565 2716/2390/1565 2715/2391/1565
f 2713/2387/1566 2714/2389/1566 2717/2392/1566 2716/2390/1566
f 111/660/1567 778/662/1567 2709/2253/1567 1181/2393/1567
f 778/662/1568 777/670/1568 2710/2386/1568 2709/2253/1568
f 777/670/1569 776/668/1569 2711/2254/1569 2710/2386/1569
f 776/668/1570 50/669/1570 1184/2370/1570 2711/2254/1570
f 2711/2254/1571 1184/2370/1571 1185/2258/1571 2714/2389/1571
f 2714/2389/1572 1185/2258/1572 1186/2259/1572 2717/2392/1572
f 2717/2392/1573 1186/2259/1573 175/2258/1573 1193/2257/1573
f 2716/2390/1574 2717/2392/1574 1193/2257/1574 1194/2256/1574
f 2715/2391/1575 2716/2390/1575 1194/2256/1575 1195/2255/1575
f 1183/2394/1576 2715/2391/1576 1195/2255/1576 174/2230/1576
f 1182/2395/1577 2712/2388/1577 2715/2391/1577 1183/2394/1577
f 1181/2393/1578 2709/2253/1578 2712/2388/1578 1182/2395/1578
f 2718/2396/1579 2719/2397/1579 2722/2220/1579 2721/2398/1579
f 2719/2397/1580 2720/2399/1580 2723/2400/1580 2722/2220/1580
f 2721/2398/1581 2722/2220/1581 2725/2401/1581 2724/2402/1581
f 2722/2220/1582 2723/2400/1582 2726/2403/1582 2725/2401/1582
f 110/576/1583 820/1608/1583 2718/2396/1583 1172/2404/1583
f 820/1608/1584 819/1607/1584 2719/2397/1584 2718/2396/1584
f 819/1607/1585 818/1606/1585 2720/2399/1585 2719/2397/1585
f 818/1606/1586 111/660/1586 1181/2393/1586 2720/2399/1586
f 2720/2399/1587 1181/2393/1587 1182/2395/1587 2723/2400/1587
f 2723/2400/1588 1182/2395/1588 1183/2394/1588 2726/2403/1588
f 2726/2403/1589 1183/2394/1589 174/2230/1589 1196/2229/1589
f 2725/2401/1590 2726/2403/1590 1196/2229/1590 1197/2228/1590
f 2724/2402/1591 2725/2401/1591 1197/2228/1591 1198/2227/1591
f 1174/2405/1592 2724/2402/1592 1198/2227/1592 171/572/1592
f 1173/2406/1593 2721/2398/1593 2724/2402/1593 1174/2405/1593
f 1172/2404/1594 2718/2396/1594 2721/2398/1594 1173/2406/1594
f 2727/2407/1595 2728/2408/1595 2731/2409/1595 2730/2410/1595
f 2728/2408/1596 2729/2411/1596 2732/2412/1596 2731/2409/1596
f 2730/2410/1597 2731/2409/1597 2734/2408/1597 2733/2407/1597
f 2731/2409/1598 2732/2412/1598 2735/2413/1598 2734/2408/1598
f 145/1624/1599 1018/2065/1599 2727/2407/1599 1163/2414/1599
f 1018/2065/1600 1017/2064/1600 2728/2408/1600 2727/2407/1600
f 1017/2064/1601 1016/2063/1601 2729/2411/1601 2728/2408/1601
f 1016/2063/1602 140/2062/1602 1178/2200/1602 2729/2411/1602
f 2729/2411/1603 1178/2200/1603 1179/2200/1603 2732/2412/1603
f 2732/2412/1604 1179/2200/1604 1180/2385/1604 2735/2413/1604
f 2735/2413/1605 1180/2385/1605 173/2200/1605 1199/2199/1605
f 2734/2408/1606 2735/2413/1606 1199/2199/1606 1200/2064/1606
f 2733/2407/1607 2734/2408/1607 1200/2064/1607 1201/2065/1607
f 1165/2414/1608 2733/2407/1608 1201/2065/1608 168/643/1608
f 1164/2415/1609 2730/2410/1609 2733/2407/1609 1165/2414/1609
f 1163/2414/1610 2727/2407/1610 2730/2410/1610 1164/2415/1610
f 2736/2416/1611 2737/2417/1611 2740/2418/1611 2739/2419/1611
f 2737/2417/1612 2738/2420/1612 2741/2421/1612 2740/2418/1612
f 2739/2419/1613 2740/2418/1613 2743/2422/1613 2742/2423/1613
f 2740/2418/1614 2741/2421/1614 2744/2424/1614 2743/2422/1614
f 132/506/1615 1034/1626/1615 2736/2416/1615 1093/2425/1615
f 1034/1626/1616 1035/641/1616 2737/2417/1616 2736/2416/1616
f 1035/641/1617 1036/642/1617 2738/2420/1617 2737/2417/1617
f 1036/642/1618 145/1624/1618 1163/2414/1618 2738/2420/1618
f 2738/2420/1619 1163/2414/1619 1164/2415/1619 2741/2421/1619
f 2741/2421/1620 1164/2415/1620 1165/2414/1620 2744/2424/1620
f 2744/2424/1621 1165/2414/1621 168/643/1621 1202/642/1621
f 2743/2422/1622 2744/2424/1622 1202/642/1622 1203/641/1622
f 2742/2423/1623 2743/2422/1623 1203/641/1623 1204/640/1623
f 1091/2426/1624 2742/2423/1624 1204/640/1624 169/623/1624
f 1092/2427/1625 2739/2419/1625 2742/2423/1625 1091/2426/1625
f 1093/2425/1626 2736/2416/1626 2739/2419/1626 1092/2427/1626
f 2745/2428/1627 2746/2429/1627 2749/2430/1627 2748/2431/1627
f 2746/2429/1628 2747/2432/1628 2750/2433/1628 2749/2430/1628
f 2748/2431/1629 2749/2430/1629 2752/2434/1629 2751/2435/1629
f 2749/2430/1630 2750/2433/1630 2753/2432/1630 2752/2434/1630
f 133/511/1631 947/510/1631 2745/2428/1631 1096/2371/1631
f 947/510/1632 948/509/1632 2746/2429/1632 2745/2428/1632
f 948/509/1633 949/507/1633 2747/2432/1633 2746/2429/1633
f 949/507/1634 132/506/1634 1093/2425/1634 2747/2432/1634
f 2747/2432/1635 1093/2425/1635 1092/2427/1635 2750/2433/1635
f 2750/2433/1636 1092/2427/1636 1091/2426/1636 2753/2432/1636
f 2753/2432/1637 1091/2426/1637 169/623/1637 1205/507/1637
f 2752/2434/1638 2753/2432/1638 1205/507/1638 1206/509/1638
f 2751/2435/1639 2752/2434/1639 1206/509/1639 1207/510/1639
f 1094/2373/1640 2751/2435/1640 1207/510/1640 170/621/1640
f 1095/2372/1641 2748/2431/1641 2751/2435/1641 1094/2373/1641
f 1096/2371/1642 2745/2428/1642 2748/2431/1642 1095/2372/1642
f 2754/2436/1643 2755/2437/1643 2758/2438/1643 2757/2439/1643
f 2755/2437/1644 2756/2440/1644 2759/2441/1644 2758/2438/1644
f 2757/2439/1645 2758/2438/1645 2761/2442/1645 2760/2443/1645
f 2758/2438/1646 2759/2441/1646 2762/2444/1646 2761/2442/1646
f 141/567/1647 1037/579/1647 2754/2436/1647 1102/2382/1647
f 1037/579/1648 1038/578/1648 2755/2437/1648 2754/2436/1648
f 1038/578/1649 1039/577/1649 2756/2440/1649 2755/2437/1649
f 1039/577/1650 110/576/1650 1172/2404/1650 2756/2440/1650
f 2756/2440/1651 1172/2404/1651 1173/2406/1651 2759/2441/1651
f 2759/2441/1652 1173/2406/1652 1174/2405/1652 2762/2444/1652
f 2762/2444/1653 1174/2405/1653 171/572/1653 1208/571/1653
f 2761/2442/1654 2762/2444/1654 1208/571/1654 1209/570/1654
f 2760/2443/1655 2761/2442/1655 1209/570/1655 1210/568/1655
f 1100/2384/1656 2760/2443/1656 1210/568/1656 172/567/1656
f 1101/2383/1657 2757/2439/1657 2760/2443/1657 1100/2384/1657
f 1102/2382/1658 2754/2436/1658 2757/2439/1658 1101/2383/1658
s 1
usemtl Material.008
f 2765/2445/1659 3019/2446/1660 2772/2447/1661 2773/2448/1662
f 2766/2449/1663 2765/2445/1659 2773/2448/1662 2774/2450/1664
f 3016/2451/1665 2807/2452/1666 2767/2453/1667
f 3017/2454/1668 3016/2451/1665 2767/2453/1667 2768/2455/1669
f 2763/2456/1670 3017/2454/1668 2768/2455/1669 2769/2457/1671
f 3018/2458/1672 2763/2456/1670 2769/2457/1671 2770/2459/1673
f 2764/2460/1674 3018/2458/1672 2770/2459/1673 2771/2461/1675
f 3019/2446/1660 2764/2460/1674 2771/2461/1675 2772/2447/1661
f 2772/2447/1661 2771/2461/1675 2779/2462/1676 2780/2463/1677
f 2773/2448/1662 2772/2447/1661 2780/2463/1677 2781/2464/1678
f 2774/2450/1664 2773/2448/1662 2781/2464/1678 2782/2465/1679
f 2767/2453/1667 2807/2466/1666 2775/2467/1680
f 2768/2455/1669 2767/2453/1667 2775/2467/1680 2776/2468/1681
f 2769/2457/1671 2768/2455/1669 2776/2468/1681 2777/2469/1682
f 2770/2459/1673 2769/2457/1671 2777/2469/1682 2778/2470/1683
f 2771/2461/1675 2770/2459/1673 2778/2470/1683 2779/2462/1676
f 2776/2468/1681 2775/2467/1680 2783/2471/1684 2784/2472/1685
f 2777/2469/1682 2776/2468/1681 2784/2472/1685 2785/2473/1686
f 2778/2470/1683 2777/2469/1682 2785/2473/1686 2786/2474/1687
f 2779/2462/1676 2778/2470/1683 2786/2474/1687 2787/2475/1688
f 2780/2463/1677 2779/2462/1676 2787/2475/1688 2788/2476/1689
f 2781/2464/1678 2780/2463/1677 2788/2476/1689 2789/2477/1690
f 2782/2465/1679 2781/2464/1678 2789/2477/1690 2790/2478/1691
f 2775/2467/1680 2807/2479/1666 2783/2471/1684
f 2788/2476/1689 2787/2475/1688 2795/2480/1692 2796/2481/1693
f 2789/2477/1690 2788/2476/1689 2796/2481/1693 2797/2482/1694
f 2790/2478/1691 2789/2477/1690 2797/2482/1694 2798/2483/1695
f 2783/2471/1684 2807/2484/1666 2791/2485/1696
f 2784/2472/1685 2783/2471/1684 2791/2485/1696 2792/2486/1697
f 2785/2473/1686 2784/2472/1685 2792/2486/1697 2793/2487/1698
f 2786/2474/1687 2785/2473/1686 2793/2487/1698 2794/2488/1699
f 2787/2475/1688 2786/2474/1687 2794/2488/1699 2795/2480/1692
f 2793/2487/1698 2792/2486/1697 2800/2489/1700 2801/2490/1701
f 2794/2488/1699 2793/2487/1698 2801/2490/1701 2802/2491/1702
f 2795/2480/1692 2794/2488/1699 2802/2491/1702 2803/2492/1703
f 2796/2481/1693 2795/2480/1692 2803/2492/1703 2804/2493/1704
f 2797/2482/1694 2796/2481/1693 2804/2493/1704 2805/2494/1705
f 2798/2483/1695 2797/2482/1694 2805/2494/1705 2806/2495/1706
f 2791/2485/1696 2807/2496/1666 2799/2497/1707
f 2792/2486/1697 2791/2485/1696 2799/2497/1707 2800/2489/1700
f 2805/2494/1705 2804/2493/1704 2813/2498/1708 2814/2499/1709
f 2806/2495/1706 2805/2494/1705 2814/2499/1709 2815/2500/1710
f 2799/2497/1707 2807/2501/1666 2808/2502/1711
f 2800/2489/1700 2799/2497/1707 2808/2502/1711 2809/2503/1712
f 2801/2490/1701 2800/2489/1700 2809/2503/1712 2810/2504/1713
f 2802/2491/1702 2801/2490/1701 2810/2504/1713 2811/2505/1714
f 2803/2492/1703 2802/2491/1702 2811/2505/1714 2812/2506/1715
f 2804/2493/1704 2803/2492/1703 2812/2506/1715 2813/2498/1708
f 2811/2505/1714 2810/2504/1713 2818/2507/1716 2819/2508/1717
f 2812/2506/1715 2811/2505/1714 2819/2508/1717 2820/2509/1718
f 2813/2498/1708 2812/2506/1715 2820/2509/1718 2821/2510/1719
f 2814/2499/1709 2813/2498/1708 2821/2510/1719 2822/2511/1720
f 2815/2500/1710 2814/2499/1709 2822/2511/1720 2823/2512/1721
f 2808/2502/1711 2807/2513/1666 2816/2514/1722
f 2809/2503/1712 2808/2502/1711 2816/2514/1722 2817/2515/1723
f 2810/2504/1713 2809/2503/1712 2817/2515/1723 2818/2507/1716
f 2823/2512/1721 2822/2511/1720 2830/2516/1724 2831/2517/1725
f 2816/2514/1722 2807/2518/1666 2824/2519/1726
f 2817/2515/1723 2816/2514/1722 2824/2519/1726 2825/2520/1727
f 2818/2507/1716 2817/2515/1723 2825/2520/1727 2826/2521/1728
f 2819/2508/1717 2818/2507/1716 2826/2521/1728 2827/2522/1729
f 2820/2509/1718 2819/2508/1717 2827/2522/1729 2828/2523/1730
f 2821/2510/1719 2820/2509/1718 2828/2523/1730 2829/2524/1731
f 2822/2511/1720 2821/2510/1719 2829/2524/1731 2830/2516/1724
f 2827/2522/1729 2826/2521/1728 2834/2525/1732 2835/2526/1733
f 2828/2523/1730 2827/2522/1729 2835/2526/1733 2836/2527/1734
f 2829/2524/1731 2828/2523/1730 2836/2527/1734 2837/2528/1735
f 2830/2516/1724 2829/2524/1731 2837/2528/1735 2838/2529/1736
f 2831/2517/1725 2830/2516/1724 2838/2529/1736 2839/2530/1737
f 2824/2519/1726 2807/2531/1666 2832/2532/1738
f 2825/2520/1727 2824/2519/1726 2832/2532/1738 2833/2533/1739
f 2826/2521/1728 2825/2520/1727 2833/2533/1739 2834/2525/1732
f 2839/2530/1737 2838/2529/1736 2846/2534/1740 2847/2535/1741
f 2832/2532/1738 2807/2536/1666 2840/2537/1742
f 2833/2533/1739 2832/2532/1738 2840/2537/1742 2841/2538/1743
f 2834/2525/1732 2833/2533/1739 2841/2538/1743 2842/2539/1744
f 2835/2526/1733 2834/2525/1732 2842/2539/1744 2843/2540/1745
f 2836/2527/1734 2835/2526/1733 2843/2540/1745 2844/2541/1746
f 2837/2528/1735 2836/2527/1734 2844/2541/1746 2845/2542/1747
f 2838/2529/1736 2837/2528/1735 2845/2542/1747 2846/2534/1740
f 2844/2541/1746 2843/2540/1745 2851/2543/1748 2852/2544/1749
f 2845/2542/1747 2844/2541/1746 2852/2544/1749 2853/2545/1750
f 2846/2534/1740 2845/2542/1747 2853/2545/1750 2854/2546/1751
f 2847/2535/1741 2846/2534/1740 2854/2546/1751 2855/2547/1752
f 2840/2537/1742 2807/2548/1666 2848/2549/1753
f 2841/2538/1743 2840/2537/1742 2848/2549/1753 2849/2550/1754
f 2842/2539/1744 2841/2538/1743 2849/2550/1754 2850/2551/1755
f 2843/2540/1745 2842/2539/1744 2850/2551/1755 2851/2543/1748
f 2848/2549/1753 2807/2552/1666 2856/2553/1756
f 2849/2550/1754 2848/2549/1753 2856/2553/1756 2857/2554/1757
f 2850/2551/1755 2849/2550/1754 2857/2554/1757 2858/2555/1758
f 2851/2543/1748 2850/2551/1755 2858/2555/1758 2859/2556/1759
f 2852/2544/1749 2851/2543/1748 2859/2556/1759 2860/2557/1760
f 2853/2545/1750 2852/2544/1749 2860/2557/1760 2861/2558/1761
f 2854/2546/1751 2853/2545/1750 2861/2558/1761 2862/2559/1762
f 2855/2547/1752 2854/2546/1751 2862/2559/1762 2863/2560/1763
f 2860/2557/1760 2859/2556/1759 2867/2561/1764 2868/2562/1765
f 2861/2558/1761 2860/2557/1760 2868/2562/1765 2869/2563/1766
f 2862/2559/1762 2861/2558/1761 2869/2563/1766 2870/2564/1767
f 2863/2560/1763 2862/2559/1762 2870/2564/1767 2871/2565/1768
f 2856/2553/1756 2807/2566/1666 2864/2567/1769
f 2857/2554/1757 2856/2553/1756 2864/2567/1769 2865/2568/1770
f 2858/2555/1758 2857/2554/1757 2865/2568/1770 2866/2569/1771
f 2859/2556/1759 2858/2555/1758 2866/2569/1771 2867/2561/1764
f 2865/2568/1770 2864/2567/1769 2872/2570/1772 2873/2571/1773
f 2866/2569/1771 2865/2568/1770 2873/2571/1773 2874/2572/1774
f 2867/2561/1764 2866/2569/1771 2874/2572/1774 2875/2573/1775
f 2868/2562/1765 2867/2561/1764 2875/2573/1775 2876/2574/1776
f 2869/2563/1766 2868/2562/1765 2876/2574/1776 2877/2575/1777
f 2870/2564/1767 2869/2563/1766 2877/2575/1777 2878/2576/1778
f 2871/2565/1768 2870/2564/1767 2878/2576/1778 2879/2577/1779
f 2864/2567/1769 2807/2578/1666 2872/2570/1772
f 2877/2575/1777 2876/2574/1776 2884/2579/1780 2885/2580/1781
f 2878/2576/1778 2877/2575/1777 2885/2580/1781 2886/2581/1782
f 2879/2577/1779 2878/2576/1778 2886/2581/1782 2887/2582/1783
f 2872/2570/1772 2807/2583/1666 2880/2584/1784
f 2873/2571/1773 2872/2570/1772 2880/2584/1784 2881/2585/1785
f 2874/2572/1774 2873/2571/1773 2881/2585/1785 2882/2586/1786
f 2875/2573/1775 2874/2572/1774 2882/2586/1786 2883/2587/1787
f 2876/2574/1776 2875/2573/1775 2883/2587/1787 2884/2579/1780
f 2882/2586/1786 2881/2585/1785 2889/2588/1788 2890/2589/1789
f 2883/2587/1787 2882/2586/1786 2890/2589/1789 2891/2590/1790
f 2884/2579/1780 2883/2587/1787 2891/2590/1790 2892/2591/1791
f 2885/2580/1781 2884/2579/1780 2892/2591/1791 2893/2592/1792
f 2886/2581/1782 2885/2580/1781 2893/2592/1792 2894/2593/1793
f 2887/2582/1783 2886/2581/1782 2894/2593/1793 2895/2594/1794
f 2880/2584/1784 2807/2595/1666 2888/2596/1795
f 2881/2585/1785 2880/2584/1784 2888/2596/1795 2889/2588/1788
f 2894/2593/1793 2893/2592/1792 2901/2597/1796 2902/2598/1797
f 2895/2594/1794 2894/2593/1793 2902/2598/1797 2903/2599/1798
f 2888/2596/1795 2807/2600/1666 2896/2601/1799
f 2889/2588/1788 2888/2596/1795 2896/2601/1799 2897/2602/1800
f 2890/2589/1789 2889/2588/1788 2897/2602/1800 2898/2603/1801
f 2891/2590/1790 2890/2589/1789 2898/2603/1801 2899/2604/1802
f 2892/2591/1791 2891/2590/1790 2899/2604/1802 2900/2605/1803
f 2893/2592/1792 2892/2591/1791 2900/2605/1803 2901/2597/1796
f 2898/2603/1801 2897/2602/1800 2905/2606/1804 2906/2607/1805
f 2899/2604/1802 2898/2603/1801 2906/2607/1805 2907/2608/1806
f 2900/2605/1803 2899/2604/1802 2907/2608/1806 2908/2609/1807
f 2901/2597/1796 2900/2605/1803 2908/2609/1807 2909/2610/1808
f 2902/2598/1797 2901/2597/1796 2909/2610/1808 2910/2611/1809
f 2903/2599/1798 2902/2598/1797 2910/2611/1809 2911/2612/1810
f 2896/2601/1799 2807/2613/1666 2904/2614/1811
f 2897/2602/1800 2896/2601/1799 2904/2614/1811 2905/2606/1804
f 2910/2611/1809 2909/2610/1808 2917/2615/1812 2918/2616/1813
f 2911/2612/1810 2910/2611/1809 2918/2616/1813 2919/2617/1814
f 2904/2614/1811 2807/2618/1666 2912/2619/1815
f 2905/2606/1804 2904/2614/1811 2912/2619/1815 2913/2620/1816
f 2906/2607/1805 2905/2606/1804 2913/2620/1816 2914/2621/1817
f 2907/2608/1806 2906/2607/1805 2914/2621/1817 2915/2622/1818
f 2908/2609/1807 2907/2608/1806 2915/2622/1818 2916/2623/1819
f 2909/2610/1808 2908/2609/1807 2916/2623/1819 2917/2615/1812
f 2915/2622/1818 2914/2621/1817 2922/2624/1820 2923/2625/1821
f 2916/2623/1819 2915/2622/1818 2923/2625/1821 2924/2626/1822
f 2917/2615/1812 2916/2623/1819 2924/2626/1822 2925/2627/1823
f 2918/2616/1813 2917/2615/1812 2925/2627/1823 2926/2628/1824
f 2919/2617/1814 2918/2616/1813 2926/2628/1824 2927/2629/1825
f 2912/2619/1815 2807/2630/1666 2920/2631/1826
f 2913/2620/1816 2912/2619/1815 2920/2631/1826 2921/2632/1827
f 2914/2621/1817 2913/2620/1816 2921/2632/1827 2922/2624/1820
f 2927/2629/1825 2926/2628/1824 2934/2633/1828 2935/2634/1829
f 2920/2631/1826 2807/2635/1666 2928/2636/1830
f 2921/2632/1827 2920/2631/1826 2928/2636/1830 2929/2637/1831
f 2922/2624/1820 2921/2632/1827 2929/2637/1831 2930/2638/1832
f 2923/2625/1821 2922/2624/1820 2930/2638/1832 2931/2639/1833
f 2924/2626/1822 2923/2625/1821 2931/2639/1833 2932/2640/1834
f 2925/2627/1823 2924/2626/1822 2932/2640/1834 2933/2641/1835
f 2926/2628/1824 2925/2627/1823 2933/2641/1835 2934/2633/1828
f 2931/2639/1833 2930/2638/1832 2938/2642/1836 2939/2643/1837
f 2932/2640/1834 2931/2639/1833 2939/2643/1837 2940/2644/1838
f 2933/2641/1835 2932/2640/1834 2940/2644/1838 2941/2645/1839
f 2934/2633/1828 2933/2641/1835 2941/2645/1839 2942/2646/1840
f 2935/2634/1829 2934/2633/1828 2942/2646/1840 2943/2647/1841
f 2928/2636/1830 2807/2648/1666 2936/2649/1842
f 2929/2637/1831 2928/2636/1830 2936/2649/1842 2937/2650/1843
f 2930/2638/1832 2929/2637/1831 2937/2650/1843 2938/2642/1836
f 2943/2647/1841 2942/2646/1840 2950/2651/1844 2951/2652/1845
f 2936/2649/1842 2807/2653/1666 2944/2654/1846
f 2937/2650/1843 2936/2649/1842 2944/2654/1846 2945/2655/1847
f 2938/2642/1836 2937/2650/1843 2945/2655/1847 2946/2656/1848
f 2939/2643/1837 2938/2642/1836 2946/2656/1848 2947/2657/1849
f 2940/2644/1838 2939/2643/1837 2947/2657/1849 2948/2658/1850
f 2941/2645/1839 2940/2644/1838 2948/2658/1850 2949/2659/1851
f 2942/2646/1840 2941/2645/1839 2949/2659/1851 2950/2651/1844
f 2948/2658/1850 2947/2657/1849 2955/2660/1852 2956/2661/1853
f 2949/2659/1851 2948/2658/1850 2956/2661/1853 2957/2662/1854
f 2950/2651/1844 2949/2659/1851 2957/2662/1854 2958/2663/1855
f 2951/2652/1845 2950/2651/1844 2958/2663/1855 2959/395/1856
f 2944/2654/1846 2807/2664/1666 2952/2665/1857
f 2945/2655/1847 2944/2654/1846 2952/2665/1857 2953/2666/1858
f 2946/2656/1848 2945/2655/1847 2953/2666/1858 2954/2667/1859
f 2947/2657/1849 2946/2656/1848 2954/2667/1859 2955/2660/1852
f 2953/2668/1858 2952/2669/1857 2960/2670/1860 2961/2671/1861
f 2954/2672/1859 2953/2668/1858 2961/2671/1861 2962/2673/1862
f 2955/2674/1852 2954/2672/1859 2962/2673/1862 2963/2675/1863
f 2956/2676/1853 2955/2674/1852 2963/2675/1863 2964/2677/1864
f 2957/2678/1854 2956/2676/1853 2964/2677/1864 2965/2679/1865
f 2958/2680/1855 2957/2678/1854 2965/2679/1865 2966/2681/1866
f 2959/684/1856 2958/2680/1855 2966/2681/1866 2967/2682/1867
f 2952/2669/1857 2807/2683/1666 2960/2670/1860
f 2965/2679/1865 2964/2677/1864 2972/2684/1868 2973/2685/1869
f 2966/2681/1866 2965/2679/1865 2973/2685/1869 2974/2686/1870
f 2967/2682/1867 2966/2681/1866 2974/2686/1870 2975/2687/1871
f 2960/2670/1860 2807/2688/1666 2968/2689/1872
f 2961/2671/1861 2960/2670/1860 2968/2689/1872 2969/2690/1873
f 2962/2673/1862 2961/2671/1861 2969/2690/1873 2970/2691/1874
f 2963/2675/1863 2962/2673/1862 2970/2691/1874 2971/2692/1875
f 2964/2677/1864 2963/2675/1863 2971/2692/1875 2972/2684/1868
f 2969/2690/1873 2968/2689/1872 2976/2693/1876 2977/2694/1877
f 2970/2691/1874 2969/2690/1873 2977/2694/1877 2978/2695/1878
f 2971/2692/1875 2970/2691/1874 2978/2695/1878 2979/2696/1879
f 2972/2684/1868 2971/2692/1875 2979/2696/1879 2980/2697/1880
f 2973/2685/1869 2972/2684/1868 2980/2697/1880 2981/2698/1881
f 2974/2686/1870 2973/2685/1869 2981/2698/1881 2982/2699/1882
f 2975/2687/1871 2974/2686/1870 2982/2699/1882 2983/2700/1883
f 2968/2689/1872 2807/2701/1666 2976/2693/1876
f 2981/2698/1881 2980/2697/1880 2988/2702/1884 2989/2703/1885
f 2982/2699/1882 2981/2698/1881 2989/2703/1885 2990/2704/1886
f 2983/2700/1883 2982/2699/1882 2990/2704/1886 2991/2705/1887
f 2976/2693/1876 2807/2706/1666 2984/2707/1888
f 2977/2694/1877 2976/2693/1876 2984/2707/1888 2985/2708/1889
f 2978/2695/1878 2977/2694/1877 2985/2708/1889 2986/2709/1890
f 2979/2696/1879 2978/2695/1878 2986/2709/1890 2987/2710/1891
f 2980/2697/1880 2979/2696/1879 2987/2710/1891 2988/2702/1884
f 2986/2709/1890 2985/2708/1889 2993/2711/1892 2994/2712/1893
f 2987/2710/1891 2986/2709/1890 2994/2712/1893 2995/2713/1894
f 2988/2702/1884 2987/2710/1891 2995/2713/1894 2996/2714/1895
f 2989/2703/1885 2988/2702/1884 2996/2714/1895 2997/2715/1896
f 2990/2704/1886 2989/2703/1885 2997/2715/1896 2998/2716/1897
f 2991/2705/1887 2990/2704/1886 2998/2716/1897 2999/2717/1898
f 2984/2707/1888 2807/2718/1666 2992/2719/1899
f 2985/2708/1889 2984/2707/1888 2992/2719/1899 2993/2711/1892
f 2998/2716/1897 2997/2715/1896 3005/2720/1900 3006/2721/1901
f 2999/2717/1898 2998/2716/1897 3006/2721/1901 3007/2722/1902
f 2992/2719/1899 2807/2723/1666 3000/2724/1903
f 2993/2711/1892 2992/2719/1899 3000/2724/1903 3001/2725/1904
f 2994/2712/1893 2993/2711/1892 3001/2725/1904 3002/2726/1905
f 2995/2713/1894 2994/2712/1893 3002/2726/1905 3003/2727/1906
f 2996/2714/1895 2995/2713/1894 3003/2727/1906 3004/2728/1907
f 2997/2715/1896 2996/2714/1895 3004/2728/1907 3005/2720/1900
f 3002/2726/1905 3001/2725/1904 3009/2729/1908 3010/2730/1909
f 3003/2727/1906 3002/2726/1905 3010/2730/1909 3011/2731/1910
f 3004/2728/1907 3003/2727/1906 3011/2731/1910 3012/2732/1911
f 3005/2720/1900 3004/2728/1907 3012/2732/1911 3013/2733/1912
f 3006/2721/1901 3005/2720/1900 3013/2733/1912 3014/2734/1913
f 3007/2722/1902 3006/2721/1901 3014/2734/1913 3015/2735/1914
f 3000/2724/1903 2807/2736/1666 3008/2737/1915
f 3001/2725/1904 3000/2724/1903 3008/2737/1915 3009/2729/1908
f 3014/2734/1913 3013/2733/1912 3019/2446/1660 2765/2445/1659
f 3015/2735/1914 3014/2734/1913 2765/2445/1659 2766/2449/1663
f 3008/2737/1915 2807/2738/1666 3016/2451/1665
f 3009/2729/1908 3008/2737/1915 3016/2451/1665 3017/2454/1668
f 3010/2730/1909 3009/2729/1908 3017/2454/1668 2763/2456/1670
f 3011/2731/1910 3010/2730/1909 2763/2456/1670 3018/2458/1672
f 3012/2732/1911 3011/2731/1910 3018/2458/1672 2764/2460/1674
f 3013/2733/1912 3012/2732/1911 2764/2460/1674 3019/2446/1660
o Circle.002
v 0.022807 0.541787 -2.437336
v -0.452694 0.541787 -2.390503
v -0.909921 0.541787 -2.251805
v -1.331304 0.541787 -2.026571
v -1.700650 0.541787 -1.723457
v -2.003764 0.541787 -1.354111
v -2.228998 0.541787 -0.932728
v -2.367696 0.541787 -0.475501
v -2.414529 0.541787 0.000000
v -2.367696 0.541787 0.475501
v -2.228998 0.541787 0.932728
v -2.003764 0.541787 1.354111
v -1.700650 0.541787 1.723457
v -1.331304 0.541787 2.026571
v -0.909921 0.541787 2.251805
v -0.452694 0.541787 2.390503
v 0.022807 0.541787 2.437336
v 0.498308 0.541787 2.390503
v 0.955535 0.541787 2.251805
v 1.376918 0.541787 2.026571
v 1.746264 0.541787 1.723457
v 2.049378 0.541787 1.354111
v 2.274612 0.541787 0.932728
v 2.413310 0.541787 0.475501
v 2.460143 0.541787 0.000000
v 2.413310 0.541787 -0.475501
v 2.274612 0.541787 -0.932728
v 2.049378 0.541787 -1.354111
v 1.746264 0.541787 -1.723457
v 1.376918 0.541787 -2.026571
v 0.955535 0.541787 -2.251805
v 0.498308 0.541787 -2.390503
v -0.452694 0.181708 -2.390503
v 0.022807 0.181708 -2.437336
v -0.909921 0.181708 -2.251805
v -1.331304 0.181708 -2.026571
v -1.700650 0.181708 -1.723457
v -2.003764 0.181708 -1.354111
v -2.228998 0.181708 -0.932728
v -2.367696 0.181708 -0.475501
v -2.414529 0.181708 0.000000
v -2.367696 0.181708 0.475501
v -2.228998 0.181708 0.932728
v -2.003764 0.181708 1.354111
v -1.700650 0.181708 1.723457
v -1.331304 0.181708 2.026571
v -0.909921 0.181708 2.251805
v -0.452694 0.181708 2.390503
v 0.022807 0.181708 2.437336
v 0.498308 0.181708 2.390503
v 0.955535 0.181708 2.251805
v 1.376918 0.181708 2.026571
v 1.746264 0.181708 1.723457
v 2.049378 0.181708 1.354111
v 2.274612 0.181708 0.932728
v 2.413310 0.181708 0.475501
v 2.460143 0.181708 0.000000
v 2.413310 0.181708 -0.475501
v 2.274612 0.181708 -0.932728
v 2.049378 0.181708 -1.354111
v 1.746264 0.181708 -1.723457
v 1.376918 0.181708 -2.026571
v 0.955535 0.181708 -2.251805
v 0.498308 0.181708 -2.390503
vn -0.0000 -1.0000 -0.0000
vn -0.0000 1.0000 -0.0000
vn 0.1951 -0.0000 0.9808
vn 0.3827 -0.0000 0.9239
vn -0.7071 -0.0000 0.7071
vn -0.5556 -0.0000 0.8315
vn 0.1951 -0.0000 -0.9808
vn -0.0000 -0.0000 -1.0000
vn 0.5556 -0.0000 0.8315
vn -0.3827 -0.0000 0.9239
vn -0.1951 -0.0000 -0.9808
vn 0.7071 -0.0000 0.7071
vn -0.1951 -0.0000 0.9808
vn -0.3827 -0.0000 -0.9239
vn 0.8315 -0.0000 0.5556
vn -0.0000 -0.0000 1.0000
vn -0.5556 -0.0000 -0.8315
vn 0.9239 -0.0000 0.3827
vn -0.7071 -0.0000 -0.7071
vn 0.9808 -0.0000 0.1951
vn -0.8315 -0.0000 -0.5556
vn 1.0000 -0.0000 -0.0000
vn -0.9239 -0.0000 -0.3827
vn 0.9808 -0.0000 -0.1951
vn -0.9808 -0.0000 -0.1951
vn 0.9239 -0.0000 -0.3827
vn -1.0000 -0.0000 -0.0000
vn 0.8315 -0.0000 -0.5556
vn -0.9808 -0.0000 0.1951
vn 0.7071 -0.0000 -0.7071
vn -0.9239 -0.0000 0.3827
vn 0.5556 -0.0000 -0.8315
vn -0.8315 -0.0000 0.5556
vn 0.3827 -0.0000 -0.9239
vt 0.000000 0.000000
s 1
usemtl Material
f 3021/2739/1916 3020/2739/1916 3051/2739/1916 3050/2739/1916 3049/2739/1916 3048/2739/1916 3047/2739/1916 3046/2739/1916 3045/2739/1916 3044/2739/1916 3043/2739/1916 3042/2739/1916 3041/2739/1916 3040/2739/1916 3039/2739/1916 3038/2739/1916 3037/2739/1916 3036/2739/1916 3035/2739/1916 3034/2739/1916 3033/2739/1916 3032/2739/1916 3031/2739/1916 3030/2739/1916 3029/2739/1916 3028/2739/1916 3027/2739/1916 3026/2739/1916 3025/2739/1916 3024/2739/1916 3023/2739/1916 3022/2739/1916
f 3052/2739/1917 3054/2739/1917 3055/2739/1917 3056/2739/1917 3057/2739/1917 3058/2739/1917 3059/2739/1917 3060/2739/1917 3061/2739/1917 3062/2739/1917 3063/2739/1917 3064/2739/1917 3065/2739/1917 3066/2739/1917 3067/2739/1917 3068/2739/1917 3069/2739/1917 3070/2739/1917 3071/2739/1917 3072/2739/1917 3073/2739/1917 3074/2739/1917 3075/2739/1917 3076/2739/1917 3077/2739/1917 3078/2739/1917 3079/2739/1917 3080/2739/1917 3081/2739/1917 3082/2739/1917 3083/2739/1917 3053/2739/1917
f 3021/2739/1918 3022/2739/1919 3054/2739/1919 3052/2739/1918
f 3048/2739/1920 3049/2739/1921 3081/2739/1921 3080/2739/1920
f 3035/2739/1922 3036/2739/1923 3068/2739/1923 3067/2739/1922
f 3022/2739/1919 3023/2739/1924 3055/2739/1924 3054/2739/1919
f 3049/2739/1921 3050/2739/1925 3082/2739/1925 3081/2739/1921
f 3036/2739/1923 3037/2739/1926 3069/2739/1926 3068/2739/1923
f 3023/2739/1924 3024/2739/1927 3056/2739/1927 3055/2739/1924
f 3050/2739/1925 3051/2739/1928 3083/2739/1928 3082/2739/1925
f 3037/2739/1926 3038/2739/1929 3070/2739/1929 3069/2739/1926
f 3024/2739/1927 3025/2739/1930 3057/2739/1930 3056/2739/1927
f 3051/2739/1928 3020/2739/1931 3053/2739/1931 3083/2739/1928
f 3038/2739/1929 3039/2739/1932 3071/2739/1932 3070/2739/1929
f 3025/2739/1930 3026/2739/1933 3058/2739/1933 3057/2739/1930
f 3039/2739/1932 3040/2739/1934 3072/2739/1934 3071/2739/1932
f 3026/2739/1933 3027/2739/1935 3059/2739/1935 3058/2739/1933
f 3040/2739/1934 3041/2739/1936 3073/2739/1936 3072/2739/1934
f 3027/2739/1935 3028/2739/1937 3060/2739/1937 3059/2739/1935
f 3041/2739/1936 3042/2739/1938 3074/2739/1938 3073/2739/1936
f 3028/2739/1937 3029/2739/1939 3061/2739/1939 3060/2739/1937
f 3042/2739/1938 3043/2739/1940 3075/2739/1940 3074/2739/1938
f 3029/2739/1939 3030/2739/1941 3062/2739/1941 3061/2739/1939
f 3043/2739/1940 3044/2739/1942 3076/2739/1942 3075/2739/1940
f 3030/2739/1941 3031/2739/1943 3063/2739/1943 3062/2739/1941
f 3044/2739/1942 3045/2739/1944 3077/2739/1944 3076/2739/1942
f 3031/2739/1943 3032/2739/1945 3064/2739/1945 3063/2739/1943
f 3045/2739/1944 3046/2739/1946 3078/2739/1946 3077/2739/1944
f 3032/2739/1945 3033/2739/1947 3065/2739/1947 3064/2739/1945
f 3046/2739/1946 3047/2739/1948 3079/2739/1948 3078/2739/1946
f 3033/2739/1947 3034/2739/1949 3066/2739/1949 3065/2739/1947
f 3020/2739/1931 3021/2739/1918 3052/2739/1918 3053/2739/1931
f 3047/2739/1948 3048/2739/1920 3080/2739/1920 3079/2739/1948
f 3034/2739/1949 3035/2739/1922 3067/2739/1922 3066/2739/1949
o Plane.001
v -11.401365 0.000000 11.401365
v 11.401365 0.000000 11.401365
v -11.401365 0.000000 -11.401365
v 11.401365 0.000000 -11.401365
v -11.401365 13.037144 -11.401365
v 11.401365 13.037144 -11.401365
vn -0.0000 1.0000 -0.0000
vn -0.0000 -0.0000 1.0000
vt 0.000000 0.000000
vt 1.000000 0.000000
vt 1.000000 1.000000
vt 0.000000 1.000000
s 0
f 3084/2740/1950 3085/2741/1950 3087/2742/1950 3086/2743/1950
f 3086/2743/1951 3087/2742/1951 3089/2742/1951 3088/2743/1951
